2026-07-06 18:23:48,736 [INFO] [MainThread] [root/service.py:41]: AudioInputService starting...
2026-07-06 18:23:48,896 [INFO] [MainThread] [root/bar_manager.py:95]: Starting SystemEventListener...
2026-07-06 18:23:48,896 [INFO] [MainThread] [root/bar_manager.py:95]: Starting WindowsNotificationEventListener...
2026-07-06 18:23:48,897 [INFO] [MainThread] [root/bar_manager.py:95]: Starting KomorebiEventListener...
2026-07-06 18:23:48,899 [INFO] [MainThread] [root/watcher.py:65]: Watching directory: c:\users\raven\.config\yasb
2026-07-06 18:23:48,899 [INFO] [MainThread] [root/watcher.py:104]: Created file watcher
2026-07-06 18:23:48,901 [INFO] [Dummy-7] [root/event_listener.py:55]: Created named pipe yasb-28ba2bfa-792d-11f1-8c99-00e04f21bc50
2026-07-06 18:23:49,023 [INFO] [MainThread] [root/update_service.py:429]: Background update checker started
2026-07-06 18:23:49,095 [INFO] [Dummy-7] [root/event_listener.py:149]: Komorebi connected to named pipe: yasb-28ba2bfa-792d-11f1-8c99-00e04f21bc50
2026-07-06 18:23:49,142 [DEBUG] [MainThread] [systray_widget/systray.py:614]: Loading state from C:\Users\RAVEN\AppData\Local\YASB\systray_state_AMMACROTRONIP2510W10000000000001.json
2026-07-06 18:23:49,146 [DEBUG] [SystrayMonitor] [systray_widget/systray.py:63]: Systray monitor thread is starting...
2026-07-06 18:23:49,247 [DEBUG] [SystrayMonitor] [systray_widget/systray_monitor.py:197]: Finding real tray hwnd
2026-07-06 18:23:49,495 [DEBUG] [SystrayMonitor] [systray_widget/systray_monitor.py:119]: Adding TaskbandHWND prop to hwnd 262870
2026-07-06 18:23:49,514 [DEBUG] [MainThread] [systray_widget/systray.py:261]: Sending TaskbarCreated message: 49261
2026-07-06 18:23:49,515 [DEBUG] [MainThread] [systray_widget/systray.py:263]: Systray icons refreshed
2026-07-06 18:23:49,662 [DEBUG] [SystrayMonitor] [systray_widget/utils.py:182]: Could not open process ID 7844. Err: 5
2026-07-06 18:24:12,931 [INFO] [MainThread] [root/controller.py:43]: Exiting Application to start installer...
2026-07-06 18:24:13,036 [INFO] [MainThread] [cli_server/cli_server.py:114]: Log pipe server stopped
2026-07-06 18:24:13,036 [DEBUG] [MainThread] [cli_server/cli_server.py:209]: CLI server stopped
2026-07-06 18:24:33,864 [INFO] [MainThread] [root/log.py:104]: YASB v2.0.5
2026-07-06 18:24:33,865 [INFO] [CLIPipeServer] [cli_server/cli_server.py:216]: CLI server started v1.1.7
2026-07-06 18:24:33,865 [INFO] [MainThread] [cli_server/cli_server.py:106]: Log pipe server started
2026-07-06 18:24:33,978 [WARNING] [MainThread] [deprecation/deprecation.py:136]: [DEPRECATED] BarAlignment: 'center' - Use 'align' instead.
2026-07-06 18:24:33,978 [WARNING] [MainThread] [deprecation/deprecation.py:136]: [DEPRECATED] BarBlurEffect: 'acrylic' - No longer supported and can be removed from the config.
2026-07-06 18:24:34,039 [WARNING] [MainThread] [deprecation/deprecation.py:136]: [DEPRECATED] GrouperWidgetConfig: 'container_padding' - Use CSS padding instead.
2026-07-06 18:24:34,103 [WARNING] [MainThread] [deprecation/deprecation.py:136]: [DEPRECATED] KomorebiWorkspacesConfig: 'animation' - Use CSS animations instead.
2026-07-06 18:24:34,104 [WARNING] [MainThread] [deprecation/deprecation.py:136]: [DEPRECATED] GrouperWidgetConfig: 'container_padding' - Use CSS padding instead.
2026-07-06 18:24:34,116 [WARNING] [MainThread] [deprecation/deprecation.py:136]: [DEPRECATED] GrouperWidgetConfig: 'container_padding' - Use CSS padding instead.
2026-07-06 18:24:34,588 [WARNING] [MainThread] [deprecation/deprecation.py:136]: [DEPRECATED] GrouperWidgetConfig: 'container_padding' - Use CSS padding instead.
2026-07-06 18:24:34,687 [WARNING] [MainThread] [deprecation/deprecation.py:136]: [DEPRECATED] OpenMeteoWidgetConfig: 'label_shadow' - Use CSS text-shadow instead.
2026-07-06 18:24:34,773 [WARNING] [MainThread] [deprecation/deprecation.py:136]: [DEPRECATED] GrouperWidgetConfig: 'container_padding' - Use CSS padding instead.
2026-07-06 18:24:34,802 [WARNING] [MainThread] [deprecation/deprecation.py:140]: [DEPRECATED] VolumeConfig: 'volume_icons' renamed to 'icons' - Use 'icons' with the dictionary format instead.
2026-07-06 18:24:34,803 [WARNING] [MainThread] [deprecation/deprecation.py:136]: [DEPRECATED] VolumeConfig: 'container_padding' - Use CSS padding instead.
2026-07-06 18:24:34,825 [INFO] [MainThread] [root/service.py:52]: AudioOutputService starting...
2026-07-06 18:24:34,882 [INFO] [MainThread] [root/service.py:41]: AudioInputService starting...
2026-07-06 18:24:34,932 [WARNING] [MainThread] [deprecation/deprecation.py:136]: [DEPRECATED] NotificationsConfig: 'container_padding' - Use CSS padding instead.
2026-07-06 18:24:34,959 [WARNING] [MainThread] [deprecation/deprecation.py:136]: [DEPRECATED] PowerMenuConfig: 'container_padding' - Use CSS padding instead.
2026-07-06 18:24:35,101 [INFO] [MainThread] [root/bar_manager.py:103]: Starting KomorebiEventListener...
2026-07-06 18:24:35,102 [INFO] [MainThread] [root/bar_manager.py:103]: Starting WindowsNotificationEventListener...
2026-07-06 18:24:35,102 [INFO] [MainThread] [root/bar_manager.py:103]: Starting SystemEventListener...
2026-07-06 18:24:35,103 [INFO] [MainThread] [root/watcher.py:65]: Watching directory: c:\users\raven\.config\yasb
2026-07-06 18:24:35,104 [INFO] [MainThread] [root/watcher.py:104]: Created file watcher
2026-07-06 18:24:35,105 [INFO] [Dummy-7] [root/event_listener.py:54]: Created named pipe yasb-444469b9-792d-11f1-9626-00e04f21bc50
2026-07-06 18:24:35,157 [INFO] [MainThread] [root/update_service.py:434]: Background update checker started
2026-07-06 18:24:35,303 [INFO] [Dummy-7] [root/event_listener.py:147]: Komorebi connected to named pipe: yasb-444469b9-792d-11f1-9626-00e04f21bc50
2026-07-06 19:48:02,686 [ERROR] [MainThread] [root/base.py:126]: Failed to execute callback of type 'update_label' with args: []
Traceback (most recent call last):
  File "D:\a\yasb\yasb\src\core\widgets\base.py", line 124, in _run_callback
  File "D:\a\yasb\yasb\src\core\widgets\yasb\libre_monitor.py", line 206, in _update_label
TypeError: float() argument must be a string or a real number, not 'NoneType'
2026-07-06 20:23:02,684 [ERROR] [MainThread] [root/base.py:126]: Failed to execute callback of type 'update_label' with args: []
Traceback (most recent call last):
  File "D:\a\yasb\yasb\src\core\widgets\base.py", line 124, in _run_callback
  File "D:\a\yasb\yasb\src\core\widgets\yasb\libre_monitor.py", line 206, in _update_label
TypeError: float() argument must be a string or a real number, not 'NoneType'
2026-07-06 20:32:58,683 [ERROR] [MainThread] [root/base.py:126]: Failed to execute callback of type 'update_label' with args: []
Traceback (most recent call last):
  File "D:\a\yasb\yasb\src\core\widgets\base.py", line 124, in _run_callback
  File "D:\a\yasb\yasb\src\core\widgets\yasb\libre_monitor.py", line 206, in _update_label
TypeError: float() argument must be a string or a real number, not 'NoneType'
2026-07-07 00:23:38,746 [ERROR] [MainThread] [root/base.py:126]: Failed to execute callback of type 'update_label' with args: []
Traceback (most recent call last):
  File "D:\a\yasb\yasb\src\core\widgets\base.py", line 124, in _run_callback
  File "D:\a\yasb\yasb\src\core\widgets\yasb\libre_monitor.py", line 206, in _update_label
TypeError: float() argument must be a string or a real number, not 'NoneType'
2026-07-07 01:49:22,516 [ERROR] [SystrayMonitor] [root/app_icons.py:282]: GetIconInfo failed: 0
2026-07-07 17:01:11,805 [INFO] [MainThread] [root/log.py:104]: YASB v2.0.5
2026-07-07 17:01:11,806 [INFO] [CLIPipeServer] [cli_server/cli_server.py:216]: CLI server started v1.1.7
2026-07-07 17:01:11,806 [INFO] [MainThread] [cli_server/cli_server.py:106]: Log pipe server started
2026-07-07 17:01:11,914 [WARNING] [MainThread] [deprecation/deprecation.py:136]: [DEPRECATED] BarAlignment: 'center' - Use 'align' instead.
2026-07-07 17:01:11,914 [WARNING] [MainThread] [deprecation/deprecation.py:136]: [DEPRECATED] BarBlurEffect: 'acrylic' - No longer supported and can be removed from the config.
2026-07-07 17:01:11,975 [WARNING] [MainThread] [deprecation/deprecation.py:136]: [DEPRECATED] GrouperWidgetConfig: 'container_padding' - Use CSS padding instead.
2026-07-07 17:01:12,071 [WARNING] [MainThread] [deprecation/deprecation.py:136]: [DEPRECATED] KomorebiWorkspacesConfig: 'animation' - Use CSS animations instead.
2026-07-07 17:01:12,078 [WARNING] [MainThread] [deprecation/deprecation.py:136]: [DEPRECATED] GrouperWidgetConfig: 'container_padding' - Use CSS padding instead.
2026-07-07 17:01:12,090 [WARNING] [MainThread] [deprecation/deprecation.py:136]: [DEPRECATED] GrouperWidgetConfig: 'container_padding' - Use CSS padding instead.
2026-07-07 17:01:12,583 [WARNING] [MainThread] [deprecation/deprecation.py:136]: [DEPRECATED] GrouperWidgetConfig: 'container_padding' - Use CSS padding instead.
2026-07-07 17:01:12,696 [WARNING] [MainThread] [deprecation/deprecation.py:136]: [DEPRECATED] OpenMeteoWidgetConfig: 'label_shadow' - Use CSS text-shadow instead.
2026-07-07 17:01:12,863 [WARNING] [MainThread] [deprecation/deprecation.py:136]: [DEPRECATED] GrouperWidgetConfig: 'container_padding' - Use CSS padding instead.
2026-07-07 17:01:12,892 [WARNING] [MainThread] [deprecation/deprecation.py:140]: [DEPRECATED] VolumeConfig: 'volume_icons' renamed to 'icons' - Use 'icons' with the dictionary format instead.
2026-07-07 17:01:12,893 [WARNING] [MainThread] [deprecation/deprecation.py:136]: [DEPRECATED] VolumeConfig: 'container_padding' - Use CSS padding instead.
2026-07-07 17:01:12,914 [INFO] [MainThread] [root/service.py:52]: AudioOutputService starting...
2026-07-07 17:01:12,965 [INFO] [MainThread] [root/service.py:41]: AudioInputService starting...
2026-07-07 17:01:12,972 [WARNING] [MainThread] [deprecation/deprecation.py:136]: [DEPRECATED] NotificationsConfig: 'container_padding' - Use CSS padding instead.
2026-07-07 17:01:12,991 [WARNING] [MainThread] [deprecation/deprecation.py:136]: [DEPRECATED] PowerMenuConfig: 'container_padding' - Use CSS padding instead.
2026-07-07 17:01:13,122 [INFO] [MainThread] [root/bar_manager.py:103]: Starting WindowsNotificationEventListener...
2026-07-07 17:01:13,122 [INFO] [MainThread] [root/bar_manager.py:103]: Starting SystemEventListener...
2026-07-07 17:01:13,123 [INFO] [MainThread] [root/bar_manager.py:103]: Starting KomorebiEventListener...
2026-07-07 17:01:13,124 [INFO] [Dummy-5] [root/event_listener.py:54]: Created named pipe yasb-c944ccd2-79ea-11f1-82ca-00e04f21bc50
2026-07-07 17:01:13,126 [INFO] [MainThread] [root/watcher.py:65]: Watching directory: c:\users\raven\.config\yasb
2026-07-07 17:01:13,128 [INFO] [MainThread] [root/watcher.py:104]: Created file watcher
2026-07-07 17:01:13,159 [INFO] [MainThread] [root/update_service.py:434]: Background update checker started
2026-07-07 17:01:13,238 [WARNING] [Dummy-5] [root/event_listener.py:134]: Komorebi failed to subscribe named pipe. Komorebi is not running, please start Komorebi.
2026-07-07 17:01:23,488 [INFO] [Dummy-5] [root/event_listener.py:147]: Komorebi connected to named pipe: yasb-c944ccd2-79ea-11f1-82ca-00e04f21bc50
2026-07-07 17:09:56,853 [ERROR] [MainThread] [root/base.py:126]: Failed to execute callback of type 'update_label' with args: []
Traceback (most recent call last):
  File "D:\a\yasb\yasb\src\core\widgets\base.py", line 124, in _run_callback
  File "D:\a\yasb\yasb\src\core\widgets\yasb\libre_monitor.py", line 206, in _update_label
TypeError: float() argument must be a string or a real number, not 'NoneType'
2026-07-07 18:17:53,020 [ERROR] [MainThread] [root/base.py:126]: Failed to execute callback of type 'update_label' with args: []
Traceback (most recent call last):
  File "D:\a\yasb\yasb\src\core\widgets\base.py", line 124, in _run_callback
  File "D:\a\yasb\yasb\src\core\widgets\yasb\libre_monitor.py", line 206, in _update_label
TypeError: float() argument must be a string or a real number, not 'NoneType'
2026-07-07 20:08:23,629 [INFO] [MainThread] [root/log.py:104]: YASB v2.0.5
2026-07-07 20:08:23,630 [INFO] [CLIPipeServer] [cli_server/cli_server.py:216]: CLI server started v1.1.7
2026-07-07 20:08:23,630 [INFO] [MainThread] [cli_server/cli_server.py:106]: Log pipe server started
2026-07-07 20:08:23,725 [WARNING] [MainThread] [deprecation/deprecation.py:136]: [DEPRECATED] BarAlignment: 'center' - Use 'align' instead.
2026-07-07 20:08:23,725 [WARNING] [MainThread] [deprecation/deprecation.py:136]: [DEPRECATED] BarBlurEffect: 'acrylic' - No longer supported and can be removed from the config.
2026-07-07 20:08:23,782 [WARNING] [MainThread] [deprecation/deprecation.py:136]: [DEPRECATED] GrouperWidgetConfig: 'container_padding' - Use CSS padding instead.
2026-07-07 20:08:23,880 [WARNING] [MainThread] [deprecation/deprecation.py:136]: [DEPRECATED] KomorebiWorkspacesConfig: 'animation' - Use CSS animations instead.
2026-07-07 20:08:23,885 [WARNING] [MainThread] [deprecation/deprecation.py:136]: [DEPRECATED] GrouperWidgetConfig: 'container_padding' - Use CSS padding instead.
2026-07-07 20:08:23,897 [WARNING] [MainThread] [deprecation/deprecation.py:136]: [DEPRECATED] GrouperWidgetConfig: 'container_padding' - Use CSS padding instead.
2026-07-07 20:08:24,379 [WARNING] [MainThread] [deprecation/deprecation.py:136]: [DEPRECATED] GrouperWidgetConfig: 'container_padding' - Use CSS padding instead.
2026-07-07 20:08:24,486 [WARNING] [MainThread] [deprecation/deprecation.py:136]: [DEPRECATED] OpenMeteoWidgetConfig: 'label_shadow' - Use CSS text-shadow instead.
2026-07-07 20:08:24,589 [WARNING] [MainThread] [deprecation/deprecation.py:136]: [DEPRECATED] GrouperWidgetConfig: 'container_padding' - Use CSS padding instead.
2026-07-07 20:08:24,619 [WARNING] [MainThread] [deprecation/deprecation.py:140]: [DEPRECATED] VolumeConfig: 'volume_icons' renamed to 'icons' - Use 'icons' with the dictionary format instead.
2026-07-07 20:08:24,619 [WARNING] [MainThread] [deprecation/deprecation.py:136]: [DEPRECATED] VolumeConfig: 'container_padding' - Use CSS padding instead.
2026-07-07 20:08:24,641 [INFO] [MainThread] [root/service.py:52]: AudioOutputService starting...
2026-07-07 20:08:24,691 [INFO] [MainThread] [root/service.py:41]: AudioInputService starting...
2026-07-07 20:08:24,698 [WARNING] [MainThread] [deprecation/deprecation.py:136]: [DEPRECATED] NotificationsConfig: 'container_padding' - Use CSS padding instead.
2026-07-07 20:08:24,716 [WARNING] [MainThread] [deprecation/deprecation.py:136]: [DEPRECATED] PowerMenuConfig: 'container_padding' - Use CSS padding instead.
2026-07-07 20:08:24,890 [INFO] [MainThread] [root/bar_manager.py:103]: Starting WindowsNotificationEventListener...
2026-07-07 20:08:24,890 [INFO] [MainThread] [root/bar_manager.py:103]: Starting KomorebiEventListener...
2026-07-07 20:08:24,890 [INFO] [MainThread] [root/bar_manager.py:103]: Starting SystemEventListener...
2026-07-07 20:08:24,891 [INFO] [Dummy-5] [root/event_listener.py:54]: Created named pipe yasb-efec7d65-7a04-11f1-93b3-00e04f21bc50
2026-07-07 20:08:24,893 [INFO] [MainThread] [root/watcher.py:65]: Watching directory: c:\users\raven\.config\yasb
2026-07-07 20:08:24,893 [INFO] [MainThread] [root/watcher.py:104]: Created file watcher
2026-07-07 20:08:24,929 [INFO] [MainThread] [root/update_service.py:434]: Background update checker started
2026-07-07 20:08:24,998 [WARNING] [Dummy-5] [root/event_listener.py:134]: Komorebi failed to subscribe named pipe. Komorebi is not running, please start Komorebi.
2026-07-07 20:08:35,250 [INFO] [Dummy-5] [root/event_listener.py:147]: Komorebi connected to named pipe: yasb-efec7d65-7a04-11f1-93b3-00e04f21bc50
2026-07-07 20:28:35,260 [ERROR] [MainThread] [open_meteo/api.py:112]: Open-Meteo response error 502: UnknownServerError 499
2026-07-07 20:28:35,260 [WARNING] [MainThread] [root/open_meteo.py:865]: Error processing Open-Meteo data: Weather data is empty.
2026-07-07 20:36:42,295 [INFO] [MainThread] [root/controller.py:43]: Exiting Application...
2026-07-07 20:36:42,401 [INFO] [MainThread] [cli_server/cli_server.py:114]: Log pipe server stopped
2026-07-07 20:36:42,663 [INFO] [MainThread] [root/bar_manager.py:119]: Stopping WindowsNotificationEventListener...
2026-07-07 20:36:42,672 [INFO] [MainThread] [root/bar_manager.py:119]: Stopping KomorebiEventListener...
2026-07-07 20:36:42,677 [INFO] [MainThread] [root/bar_manager.py:119]: Stopping SystemEventListener...
2026-07-07 20:37:53,817 [INFO] [MainThread] [root/log.py:104]: YASB v2.0.5
2026-07-07 20:37:53,818 [INFO] [CLIPipeServer] [cli_server/cli_server.py:216]: CLI server started v1.1.7
2026-07-07 20:37:53,818 [INFO] [MainThread] [cli_server/cli_server.py:106]: Log pipe server started
2026-07-07 20:37:53,909 [WARNING] [MainThread] [deprecation/deprecation.py:136]: [DEPRECATED] BarAlignment: 'center' - Use 'align' instead.
2026-07-07 20:37:53,909 [WARNING] [MainThread] [deprecation/deprecation.py:136]: [DEPRECATED] BarBlurEffect: 'acrylic' - No longer supported and can be removed from the config.
2026-07-07 20:37:53,963 [WARNING] [MainThread] [deprecation/deprecation.py:136]: [DEPRECATED] GrouperWidgetConfig: 'container_padding' - Use CSS padding instead.
2026-07-07 20:37:54,040 [WARNING] [MainThread] [deprecation/deprecation.py:136]: [DEPRECATED] KomorebiWorkspacesConfig: 'animation' - Use CSS animations instead.
2026-07-07 20:37:54,045 [WARNING] [MainThread] [deprecation/deprecation.py:136]: [DEPRECATED] GrouperWidgetConfig: 'container_padding' - Use CSS padding instead.
2026-07-07 20:37:54,056 [WARNING] [MainThread] [deprecation/deprecation.py:136]: [DEPRECATED] GrouperWidgetConfig: 'container_padding' - Use CSS padding instead.
2026-07-07 20:37:54,658 [WARNING] [MainThread] [deprecation/deprecation.py:136]: [DEPRECATED] GrouperWidgetConfig: 'container_padding' - Use CSS padding instead.
2026-07-07 20:37:54,765 [WARNING] [MainThread] [deprecation/deprecation.py:136]: [DEPRECATED] OpenMeteoWidgetConfig: 'label_shadow' - Use CSS text-shadow instead.
2026-07-07 20:37:54,868 [WARNING] [MainThread] [deprecation/deprecation.py:136]: [DEPRECATED] GrouperWidgetConfig: 'container_padding' - Use CSS padding instead.
2026-07-07 20:37:54,898 [WARNING] [MainThread] [deprecation/deprecation.py:140]: [DEPRECATED] VolumeConfig: 'volume_icons' renamed to 'icons' - Use 'icons' with the dictionary format instead.
2026-07-07 20:37:54,898 [WARNING] [MainThread] [deprecation/deprecation.py:136]: [DEPRECATED] VolumeConfig: 'container_padding' - Use CSS padding instead.
2026-07-07 20:37:54,920 [INFO] [MainThread] [root/service.py:52]: AudioOutputService starting...
2026-07-07 20:37:54,971 [INFO] [MainThread] [root/service.py:41]: AudioInputService starting...
2026-07-07 20:37:54,978 [WARNING] [MainThread] [deprecation/deprecation.py:136]: [DEPRECATED] NotificationsConfig: 'container_padding' - Use CSS padding instead.
2026-07-07 20:37:54,996 [WARNING] [MainThread] [deprecation/deprecation.py:136]: [DEPRECATED] PowerMenuConfig: 'container_padding' - Use CSS padding instead.
2026-07-07 20:37:55,127 [INFO] [MainThread] [root/bar_manager.py:103]: Starting WindowsNotificationEventListener...
2026-07-07 20:37:55,127 [INFO] [MainThread] [root/bar_manager.py:103]: Starting KomorebiEventListener...
2026-07-07 20:37:55,128 [INFO] [MainThread] [root/bar_manager.py:103]: Starting SystemEventListener...
2026-07-07 20:37:55,128 [INFO] [Dummy-5] [root/event_listener.py:54]: Created named pipe yasb-0f113edb-7a09-11f1-b7cd-00e04f21bc50
2026-07-07 20:37:55,133 [INFO] [MainThread] [root/watcher.py:65]: Watching directory: c:\users\raven\.config\yasb
2026-07-07 20:37:55,133 [INFO] [MainThread] [root/watcher.py:104]: Created file watcher
2026-07-07 20:37:55,166 [INFO] [MainThread] [root/update_service.py:434]: Background update checker started
2026-07-07 20:37:55,233 [WARNING] [Dummy-5] [root/event_listener.py:134]: Komorebi failed to subscribe named pipe. Komorebi is not running, please start Komorebi.
2026-07-07 20:38:05,445 [INFO] [Dummy-5] [root/event_listener.py:147]: Komorebi connected to named pipe: yasb-0f113edb-7a09-11f1-b7cd-00e04f21bc50
2026-07-07 21:14:46,965 [INFO] [MainThread] [root/controller.py:43]: Exiting Application...
2026-07-07 21:14:47,079 [INFO] [MainThread] [cli_server/cli_server.py:114]: Log pipe server stopped
2026-07-07 21:14:47,377 [INFO] [MainThread] [root/bar_manager.py:119]: Stopping WindowsNotificationEventListener...
2026-07-07 21:14:47,381 [INFO] [MainThread] [root/bar_manager.py:119]: Stopping KomorebiEventListener...
2026-07-07 21:14:47,382 [INFO] [MainThread] [root/bar_manager.py:119]: Stopping SystemEventListener...
2026-07-07 21:51:33,647 [INFO] [MainThread] [root/log.py:104]: YASB v2.0.5
2026-07-07 21:51:33,647 [INFO] [CLIPipeServer] [cli_server/cli_server.py:216]: CLI server started v1.1.7
2026-07-07 21:51:33,648 [INFO] [MainThread] [cli_server/cli_server.py:106]: Log pipe server started
2026-07-07 21:51:33,745 [WARNING] [MainThread] [deprecation/deprecation.py:136]: [DEPRECATED] BarAlignment: 'center' - Use 'align' instead.
2026-07-07 21:51:33,746 [WARNING] [MainThread] [deprecation/deprecation.py:136]: [DEPRECATED] BarBlurEffect: 'acrylic' - No longer supported and can be removed from the config.
2026-07-07 21:51:33,809 [WARNING] [MainThread] [deprecation/deprecation.py:136]: [DEPRECATED] GrouperWidgetConfig: 'container_padding' - Use CSS padding instead.
2026-07-07 21:51:33,887 [WARNING] [MainThread] [deprecation/deprecation.py:136]: [DEPRECATED] KomorebiWorkspacesConfig: 'animation' - Use CSS animations instead.
2026-07-07 21:51:33,892 [WARNING] [MainThread] [deprecation/deprecation.py:136]: [DEPRECATED] GrouperWidgetConfig: 'container_padding' - Use CSS padding instead.
2026-07-07 21:51:33,904 [WARNING] [MainThread] [deprecation/deprecation.py:136]: [DEPRECATED] GrouperWidgetConfig: 'container_padding' - Use CSS padding instead.
2026-07-07 21:51:34,477 [WARNING] [MainThread] [deprecation/deprecation.py:136]: [DEPRECATED] GrouperWidgetConfig: 'container_padding' - Use CSS padding instead.
2026-07-07 21:51:34,582 [WARNING] [MainThread] [deprecation/deprecation.py:136]: [DEPRECATED] OpenMeteoWidgetConfig: 'label_shadow' - Use CSS text-shadow instead.
2026-07-07 21:51:34,684 [WARNING] [MainThread] [deprecation/deprecation.py:136]: [DEPRECATED] GrouperWidgetConfig: 'container_padding' - Use CSS padding instead.
2026-07-07 21:51:34,715 [WARNING] [MainThread] [deprecation/deprecation.py:140]: [DEPRECATED] VolumeConfig: 'volume_icons' renamed to 'icons' - Use 'icons' with the dictionary format instead.
2026-07-07 21:51:34,715 [WARNING] [MainThread] [deprecation/deprecation.py:136]: [DEPRECATED] VolumeConfig: 'container_padding' - Use CSS padding instead.
2026-07-07 21:51:34,737 [INFO] [MainThread] [root/service.py:52]: AudioOutputService starting...
2026-07-07 21:51:34,788 [INFO] [MainThread] [root/service.py:41]: AudioInputService starting...
2026-07-07 21:51:34,796 [WARNING] [MainThread] [deprecation/deprecation.py:136]: [DEPRECATED] NotificationsConfig: 'container_padding' - Use CSS padding instead.
2026-07-07 21:51:34,814 [WARNING] [MainThread] [deprecation/deprecation.py:136]: [DEPRECATED] PowerMenuConfig: 'container_padding' - Use CSS padding instead.
2026-07-07 21:51:34,985 [INFO] [MainThread] [root/bar_manager.py:103]: Starting WindowsNotificationEventListener...
2026-07-07 21:51:34,986 [INFO] [MainThread] [root/bar_manager.py:103]: Starting SystemEventListener...
2026-07-07 21:51:34,986 [INFO] [MainThread] [root/bar_manager.py:103]: Starting KomorebiEventListener...
2026-07-07 21:51:34,987 [INFO] [Dummy-5] [root/event_listener.py:54]: Created named pipe yasb-59822f30-7a13-11f1-8569-00e04f21bc50
2026-07-07 21:51:34,991 [INFO] [MainThread] [root/watcher.py:65]: Watching directory: c:\users\raven\.config\yasb
2026-07-07 21:51:34,991 [INFO] [MainThread] [root/watcher.py:104]: Created file watcher
2026-07-07 21:51:35,025 [INFO] [MainThread] [root/update_service.py:434]: Background update checker started
2026-07-07 21:51:35,082 [WARNING] [Dummy-5] [root/event_listener.py:134]: Komorebi failed to subscribe named pipe. Komorebi is not running, please start Komorebi.
2026-07-07 21:51:45,270 [INFO] [Dummy-5] [root/event_listener.py:147]: Komorebi connected to named pipe: yasb-59822f30-7a13-11f1-8569-00e04f21bc50
2026-07-07 22:28:49,642 [ERROR] [Dummy-7] [root/windows_notification.py:34]: Error getting notification count: [WinError -2147023728] Element not found.
2026-07-07 22:28:49,788 [INFO] [MainThread] [root/bar_manager.py:119]: Stopping WindowsNotificationEventListener...
2026-07-07 22:28:49,819 [INFO] [MainThread] [root/bar_manager.py:119]: Stopping SystemEventListener...
2026-07-07 22:28:49,966 [INFO] [MainThread] [root/bar_manager.py:119]: Stopping KomorebiEventListener...
2026-07-07 22:29:31,829 [INFO] [MainThread] [root/log.py:104]: YASB v2.0.5
2026-07-07 22:29:31,830 [INFO] [CLIPipeServer] [cli_server/cli_server.py:216]: CLI server started v1.1.7
2026-07-07 22:29:31,831 [INFO] [MainThread] [cli_server/cli_server.py:106]: Log pipe server started
2026-07-07 22:29:31,929 [WARNING] [MainThread] [deprecation/deprecation.py:136]: [DEPRECATED] BarAlignment: 'center' - Use 'align' instead.
2026-07-07 22:29:31,929 [WARNING] [MainThread] [deprecation/deprecation.py:136]: [DEPRECATED] BarBlurEffect: 'acrylic' - No longer supported and can be removed from the config.
2026-07-07 22:29:31,990 [WARNING] [MainThread] [deprecation/deprecation.py:136]: [DEPRECATED] GrouperWidgetConfig: 'container_padding' - Use CSS padding instead.
2026-07-07 22:29:32,067 [WARNING] [MainThread] [deprecation/deprecation.py:136]: [DEPRECATED] KomorebiWorkspacesConfig: 'animation' - Use CSS animations instead.
2026-07-07 22:29:32,071 [WARNING] [MainThread] [deprecation/deprecation.py:136]: [DEPRECATED] GrouperWidgetConfig: 'container_padding' - Use CSS padding instead.
2026-07-07 22:29:32,083 [WARNING] [MainThread] [deprecation/deprecation.py:136]: [DEPRECATED] GrouperWidgetConfig: 'container_padding' - Use CSS padding instead.
2026-07-07 22:29:32,663 [WARNING] [MainThread] [deprecation/deprecation.py:136]: [DEPRECATED] GrouperWidgetConfig: 'container_padding' - Use CSS padding instead.
2026-07-07 22:29:32,768 [WARNING] [MainThread] [deprecation/deprecation.py:136]: [DEPRECATED] OpenMeteoWidgetConfig: 'label_shadow' - Use CSS text-shadow instead.
2026-07-07 22:29:32,864 [WARNING] [MainThread] [deprecation/deprecation.py:136]: [DEPRECATED] GrouperWidgetConfig: 'container_padding' - Use CSS padding instead.
2026-07-07 22:29:32,894 [WARNING] [MainThread] [deprecation/deprecation.py:140]: [DEPRECATED] VolumeConfig: 'volume_icons' renamed to 'icons' - Use 'icons' with the dictionary format instead.
2026-07-07 22:29:32,894 [WARNING] [MainThread] [deprecation/deprecation.py:136]: [DEPRECATED] VolumeConfig: 'container_padding' - Use CSS padding instead.
2026-07-07 22:29:32,917 [INFO] [MainThread] [root/service.py:52]: AudioOutputService starting...
2026-07-07 22:29:32,968 [INFO] [MainThread] [root/service.py:41]: AudioInputService starting...
2026-07-07 22:29:32,976 [WARNING] [MainThread] [deprecation/deprecation.py:136]: [DEPRECATED] NotificationsConfig: 'container_padding' - Use CSS padding instead.
2026-07-07 22:29:32,995 [WARNING] [MainThread] [deprecation/deprecation.py:136]: [DEPRECATED] PowerMenuConfig: 'container_padding' - Use CSS padding instead.
2026-07-07 22:29:33,123 [INFO] [MainThread] [root/bar_manager.py:103]: Starting KomorebiEventListener...
2026-07-07 22:29:33,123 [INFO] [MainThread] [root/bar_manager.py:103]: Starting SystemEventListener...
2026-07-07 22:29:33,123 [INFO] [MainThread] [root/bar_manager.py:103]: Starting WindowsNotificationEventListener...
2026-07-07 22:29:33,125 [INFO] [Dummy-6] [root/event_listener.py:54]: Created named pipe yasb-a762467d-7a18-11f1-bcc3-00e04f21bc50
2026-07-07 22:29:33,126 [INFO] [MainThread] [root/watcher.py:65]: Watching directory: c:\users\raven\.config\yasb
2026-07-07 22:29:33,126 [INFO] [MainThread] [root/watcher.py:104]: Created file watcher
2026-07-07 22:29:33,157 [INFO] [MainThread] [root/update_service.py:434]: Background update checker started
2026-07-07 22:29:33,228 [WARNING] [Dummy-6] [root/event_listener.py:134]: Komorebi failed to subscribe named pipe. Komorebi is not running, please start Komorebi.
2026-07-07 22:29:43,420 [INFO] [Dummy-6] [root/event_listener.py:147]: Komorebi connected to named pipe: yasb-a762467d-7a18-11f1-bcc3-00e04f21bc50
2026-07-07 22:43:46,587 [ERROR] [MainThread] [root/base.py:126]: Failed to execute callback of type 'update_label' with args: []
Traceback (most recent call last):
  File "D:\a\yasb\yasb\src\core\widgets\base.py", line 124, in _run_callback
  File "D:\a\yasb\yasb\src\core\widgets\yasb\libre_monitor.py", line 206, in _update_label
TypeError: float() argument must be a string or a real number, not 'NoneType'
2026-07-07 22:55:12,712 [ERROR] [MainThread] [root/base.py:126]: Failed to execute callback of type 'update_label' with args: []
Traceback (most recent call last):
  File "D:\a\yasb\yasb\src\core\widgets\base.py", line 124, in _run_callback
  File "D:\a\yasb\yasb\src\core\widgets\yasb\libre_monitor.py", line 206, in _update_label
TypeError: float() argument must be a string or a real number, not 'NoneType'
2026-07-07 22:55:40,714 [ERROR] [MainThread] [root/base.py:126]: Failed to execute callback of type 'update_label' with args: []
Traceback (most recent call last):
  File "D:\a\yasb\yasb\src\core\widgets\base.py", line 124, in _run_callback
  File "D:\a\yasb\yasb\src\core\widgets\yasb\libre_monitor.py", line 206, in _update_label
TypeError: float() argument must be a string or a real number, not 'NoneType'
2026-07-07 22:55:48,713 [ERROR] [MainThread] [root/base.py:126]: Failed to execute callback of type 'update_label' with args: []
Traceback (most recent call last):
  File "D:\a\yasb\yasb\src\core\widgets\base.py", line 124, in _run_callback
  File "D:\a\yasb\yasb\src\core\widgets\yasb\libre_monitor.py", line 206, in _update_label
TypeError: float() argument must be a string or a real number, not 'NoneType'
2026-07-07 23:59:42,520 [ERROR] [MainThread] [root/media.py:294]: get_thumbnail(): Error occurred when loading the thumbnail: cannot identify image file <_io.BytesIO object at 0x000001ABDABB9440>
2026-07-08 00:01:42,651 [ERROR] [MainThread] [root/media.py:294]: get_thumbnail(): Error occurred when loading the thumbnail: cannot identify image file <_io.BytesIO object at 0x000001ABE3D75A80>
2026-07-08 00:53:56,867 [ERROR] [MainThread] [root/base.py:126]: Failed to execute callback of type 'update_label' with args: []
Traceback (most recent call last):
  File "D:\a\yasb\yasb\src\core\widgets\base.py", line 124, in _run_callback
  File "D:\a\yasb\yasb\src\core\widgets\yasb\libre_monitor.py", line 206, in _update_label
TypeError: float() argument must be a string or a real number, not 'NoneType'
2026-07-08 02:31:59,166 [ERROR] [MainThread] [root/base.py:126]: Failed to execute callback of type 'update_label' with args: []
Traceback (most recent call last):
  File "D:\a\yasb\yasb\src\core\widgets\base.py", line 124, in _run_callback
  File "D:\a\yasb\yasb\src\core\widgets\yasb\libre_monitor.py", line 206, in _update_label
TypeError: float() argument must be a string or a real number, not 'NoneType'
2026-07-08 02:42:45,171 [ERROR] [MainThread] [root/base.py:126]: Failed to execute callback of type 'update_label' with args: []
Traceback (most recent call last):
  File "D:\a\yasb\yasb\src\core\widgets\base.py", line 124, in _run_callback
  File "D:\a\yasb\yasb\src\core\widgets\yasb\libre_monitor.py", line 206, in _update_label
TypeError: float() argument must be a string or a real number, not 'NoneType'
2026-07-08 02:48:05,384 [ERROR] [MainThread] [root/media.py:294]: get_thumbnail(): Error occurred when loading the thumbnail: cannot identify image file <_io.BytesIO object at 0x000001ABE3DA9F30>
2026-07-08 02:49:13,171 [ERROR] [MainThread] [root/base.py:126]: Failed to execute callback of type 'update_label' with args: []
Traceback (most recent call last):
  File "D:\a\yasb\yasb\src\core\widgets\base.py", line 124, in _run_callback
  File "D:\a\yasb\yasb\src\core\widgets\yasb\libre_monitor.py", line 206, in _update_label
TypeError: float() argument must be a string or a real number, not 'NoneType'
2026-07-08 02:49:37,168 [ERROR] [MainThread] [root/base.py:126]: Failed to execute callback of type 'update_label' with args: []
Traceback (most recent call last):
  File "D:\a\yasb\yasb\src\core\widgets\base.py", line 124, in _run_callback
  File "D:\a\yasb\yasb\src\core\widgets\yasb\libre_monitor.py", line 206, in _update_label
TypeError: float() argument must be a string or a real number, not 'NoneType'
2026-07-08 02:52:31,166 [ERROR] [MainThread] [root/base.py:126]: Failed to execute callback of type 'update_label' with args: []
Traceback (most recent call last):
  File "D:\a\yasb\yasb\src\core\widgets\base.py", line 124, in _run_callback
  File "D:\a\yasb\yasb\src\core\widgets\yasb\libre_monitor.py", line 206, in _update_label
TypeError: float() argument must be a string or a real number, not 'NoneType'
2026-07-08 02:55:17,165 [ERROR] [MainThread] [root/base.py:126]: Failed to execute callback of type 'update_label' with args: []
Traceback (most recent call last):
  File "D:\a\yasb\yasb\src\core\widgets\base.py", line 124, in _run_callback
  File "D:\a\yasb\yasb\src\core\widgets\yasb\libre_monitor.py", line 206, in _update_label
TypeError: float() argument must be a string or a real number, not 'NoneType'
2026-07-08 02:59:21,168 [ERROR] [MainThread] [root/base.py:126]: Failed to execute callback of type 'update_label' with args: []
Traceback (most recent call last):
  File "D:\a\yasb\yasb\src\core\widgets\base.py", line 124, in _run_callback
  File "D:\a\yasb\yasb\src\core\widgets\yasb\libre_monitor.py", line 206, in _update_label
TypeError: float() argument must be a string or a real number, not 'NoneType'
2026-07-08 02:59:31,165 [ERROR] [MainThread] [root/base.py:126]: Failed to execute callback of type 'update_label' with args: []
Traceback (most recent call last):
  File "D:\a\yasb\yasb\src\core\widgets\base.py", line 124, in _run_callback
  File "D:\a\yasb\yasb\src\core\widgets\yasb\libre_monitor.py", line 206, in _update_label
TypeError: float() argument must be a string or a real number, not 'NoneType'
2026-07-08 03:00:19,169 [ERROR] [MainThread] [root/base.py:126]: Failed to execute callback of type 'update_label' with args: []
Traceback (most recent call last):
  File "D:\a\yasb\yasb\src\core\widgets\base.py", line 124, in _run_callback
  File "D:\a\yasb\yasb\src\core\widgets\yasb\libre_monitor.py", line 206, in _update_label
TypeError: float() argument must be a string or a real number, not 'NoneType'
2026-07-08 03:00:57,166 [ERROR] [MainThread] [root/base.py:126]: Failed to execute callback of type 'update_label' with args: []
Traceback (most recent call last):
  File "D:\a\yasb\yasb\src\core\widgets\base.py", line 124, in _run_callback
  File "D:\a\yasb\yasb\src\core\widgets\yasb\libre_monitor.py", line 206, in _update_label
TypeError: float() argument must be a string or a real number, not 'NoneType'
2026-07-08 03:01:35,171 [ERROR] [MainThread] [root/base.py:126]: Failed to execute callback of type 'update_label' with args: []
Traceback (most recent call last):
  File "D:\a\yasb\yasb\src\core\widgets\base.py", line 124, in _run_callback
  File "D:\a\yasb\yasb\src\core\widgets\yasb\libre_monitor.py", line 206, in _update_label
TypeError: float() argument must be a string or a real number, not 'NoneType'
2026-07-08 03:01:41,171 [ERROR] [MainThread] [root/base.py:126]: Failed to execute callback of type 'update_label' with args: []
Traceback (most recent call last):
  File "D:\a\yasb\yasb\src\core\widgets\base.py", line 124, in _run_callback
  File "D:\a\yasb\yasb\src\core\widgets\yasb\libre_monitor.py", line 206, in _update_label
TypeError: float() argument must be a string or a real number, not 'NoneType'
2026-07-08 03:01:49,171 [ERROR] [MainThread] [root/base.py:126]: Failed to execute callback of type 'update_label' with args: []
Traceback (most recent call last):
  File "D:\a\yasb\yasb\src\core\widgets\base.py", line 124, in _run_callback
  File "D:\a\yasb\yasb\src\core\widgets\yasb\libre_monitor.py", line 206, in _update_label
TypeError: float() argument must be a string or a real number, not 'NoneType'
2026-07-08 03:02:53,171 [ERROR] [MainThread] [root/base.py:126]: Failed to execute callback of type 'update_label' with args: []
Traceback (most recent call last):
  File "D:\a\yasb\yasb\src\core\widgets\base.py", line 124, in _run_callback
  File "D:\a\yasb\yasb\src\core\widgets\yasb\libre_monitor.py", line 206, in _update_label
TypeError: float() argument must be a string or a real number, not 'NoneType'
2026-07-08 03:03:17,171 [ERROR] [MainThread] [root/base.py:126]: Failed to execute callback of type 'update_label' with args: []
Traceback (most recent call last):
  File "D:\a\yasb\yasb\src\core\widgets\base.py", line 124, in _run_callback
  File "D:\a\yasb\yasb\src\core\widgets\yasb\libre_monitor.py", line 206, in _update_label
TypeError: float() argument must be a string or a real number, not 'NoneType'
2026-07-08 03:03:33,171 [ERROR] [MainThread] [root/base.py:126]: Failed to execute callback of type 'update_label' with args: []
Traceback (most recent call last):
  File "D:\a\yasb\yasb\src\core\widgets\base.py", line 124, in _run_callback
  File "D:\a\yasb\yasb\src\core\widgets\yasb\libre_monitor.py", line 206, in _update_label
TypeError: float() argument must be a string or a real number, not 'NoneType'
2026-07-08 03:06:15,142 [ERROR] [MainThread] [root/media.py:294]: get_thumbnail(): Error occurred when loading the thumbnail: cannot identify image file <_io.BytesIO object at 0x000001ABE3DAA890>
2026-07-08 03:22:13,179 [ERROR] [MainThread] [root/base.py:126]: Failed to execute callback of type 'update_label' with args: []
Traceback (most recent call last):
  File "D:\a\yasb\yasb\src\core\widgets\base.py", line 124, in _run_callback
  File "D:\a\yasb\yasb\src\core\widgets\yasb\libre_monitor.py", line 206, in _update_label
TypeError: float() argument must be a string or a real number, not 'NoneType'
2026-07-08 03:25:35,183 [ERROR] [MainThread] [root/base.py:126]: Failed to execute callback of type 'update_label' with args: []
Traceback (most recent call last):
  File "D:\a\yasb\yasb\src\core\widgets\base.py", line 124, in _run_callback
  File "D:\a\yasb\yasb\src\core\widgets\yasb\libre_monitor.py", line 206, in _update_label
TypeError: float() argument must be a string or a real number, not 'NoneType'
2026-07-08 03:25:51,183 [ERROR] [MainThread] [root/base.py:126]: Failed to execute callback of type 'update_label' with args: []
Traceback (most recent call last):
  File "D:\a\yasb\yasb\src\core\widgets\base.py", line 124, in _run_callback
  File "D:\a\yasb\yasb\src\core\widgets\yasb\libre_monitor.py", line 206, in _update_label
TypeError: float() argument must be a string or a real number, not 'NoneType'
2026-07-08 03:26:57,183 [ERROR] [MainThread] [root/base.py:126]: Failed to execute callback of type 'update_label' with args: []
Traceback (most recent call last):
  File "D:\a\yasb\yasb\src\core\widgets\base.py", line 124, in _run_callback
  File "D:\a\yasb\yasb\src\core\widgets\yasb\libre_monitor.py", line 206, in _update_label
TypeError: float() argument must be a string or a real number, not 'NoneType'
2026-07-08 03:29:13,183 [ERROR] [MainThread] [root/base.py:126]: Failed to execute callback of type 'update_label' with args: []
Traceback (most recent call last):
  File "D:\a\yasb\yasb\src\core\widgets\base.py", line 124, in _run_callback
  File "D:\a\yasb\yasb\src\core\widgets\yasb\libre_monitor.py", line 206, in _update_label
TypeError: float() argument must be a string or a real number, not 'NoneType'
2026-07-08 03:31:09,183 [ERROR] [MainThread] [root/base.py:126]: Failed to execute callback of type 'update_label' with args: []
Traceback (most recent call last):
  File "D:\a\yasb\yasb\src\core\widgets\base.py", line 124, in _run_callback
  File "D:\a\yasb\yasb\src\core\widgets\yasb\libre_monitor.py", line 206, in _update_label
TypeError: float() argument must be a string or a real number, not 'NoneType'
2026-07-08 03:32:41,181 [ERROR] [MainThread] [root/base.py:126]: Failed to execute callback of type 'update_label' with args: []
Traceback (most recent call last):
  File "D:\a\yasb\yasb\src\core\widgets\base.py", line 124, in _run_callback
  File "D:\a\yasb\yasb\src\core\widgets\yasb\libre_monitor.py", line 206, in _update_label
TypeError: float() argument must be a string or a real number, not 'NoneType'
2026-07-08 03:32:49,183 [ERROR] [MainThread] [root/base.py:126]: Failed to execute callback of type 'update_label' with args: []
Traceback (most recent call last):
  File "D:\a\yasb\yasb\src\core\widgets\base.py", line 124, in _run_callback
  File "D:\a\yasb\yasb\src\core\widgets\yasb\libre_monitor.py", line 206, in _update_label
TypeError: float() argument must be a string or a real number, not 'NoneType'
2026-07-08 03:32:59,180 [ERROR] [MainThread] [root/base.py:126]: Failed to execute callback of type 'update_label' with args: []
Traceback (most recent call last):
  File "D:\a\yasb\yasb\src\core\widgets\base.py", line 124, in _run_callback
  File "D:\a\yasb\yasb\src\core\widgets\yasb\libre_monitor.py", line 206, in _update_label
TypeError: float() argument must be a string or a real number, not 'NoneType'
2026-07-08 03:33:11,182 [ERROR] [MainThread] [root/base.py:126]: Failed to execute callback of type 'update_label' with args: []
Traceback (most recent call last):
  File "D:\a\yasb\yasb\src\core\widgets\base.py", line 124, in _run_callback
  File "D:\a\yasb\yasb\src\core\widgets\yasb\libre_monitor.py", line 206, in _update_label
TypeError: float() argument must be a string or a real number, not 'NoneType'
2026-07-08 03:35:51,183 [ERROR] [MainThread] [root/base.py:126]: Failed to execute callback of type 'update_label' with args: []
Traceback (most recent call last):
  File "D:\a\yasb\yasb\src\core\widgets\base.py", line 124, in _run_callback
  File "D:\a\yasb\yasb\src\core\widgets\yasb\libre_monitor.py", line 206, in _update_label
TypeError: float() argument must be a string or a real number, not 'NoneType'
2026-07-08 03:37:13,180 [ERROR] [MainThread] [root/base.py:126]: Failed to execute callback of type 'update_label' with args: []
Traceback (most recent call last):
  File "D:\a\yasb\yasb\src\core\widgets\base.py", line 124, in _run_callback
  File "D:\a\yasb\yasb\src\core\widgets\yasb\libre_monitor.py", line 206, in _update_label
TypeError: float() argument must be a string or a real number, not 'NoneType'
2026-07-08 03:37:23,183 [ERROR] [MainThread] [root/base.py:126]: Failed to execute callback of type 'update_label' with args: []
Traceback (most recent call last):
  File "D:\a\yasb\yasb\src\core\widgets\base.py", line 124, in _run_callback
  File "D:\a\yasb\yasb\src\core\widgets\yasb\libre_monitor.py", line 206, in _update_label
TypeError: float() argument must be a string or a real number, not 'NoneType'
2026-07-08 03:41:33,182 [ERROR] [MainThread] [root/base.py:126]: Failed to execute callback of type 'update_label' with args: []
Traceback (most recent call last):
  File "D:\a\yasb\yasb\src\core\widgets\base.py", line 124, in _run_callback
  File "D:\a\yasb\yasb\src\core\widgets\yasb\libre_monitor.py", line 206, in _update_label
TypeError: float() argument must be a string or a real number, not 'NoneType'
2026-07-08 03:41:57,183 [ERROR] [MainThread] [root/base.py:126]: Failed to execute callback of type 'update_label' with args: []
Traceback (most recent call last):
  File "D:\a\yasb\yasb\src\core\widgets\base.py", line 124, in _run_callback
  File "D:\a\yasb\yasb\src\core\widgets\yasb\libre_monitor.py", line 206, in _update_label
TypeError: float() argument must be a string or a real number, not 'NoneType'
2026-07-08 03:42:21,183 [ERROR] [MainThread] [root/base.py:126]: Failed to execute callback of type 'update_label' with args: []
Traceback (most recent call last):
  File "D:\a\yasb\yasb\src\core\widgets\base.py", line 124, in _run_callback
  File "D:\a\yasb\yasb\src\core\widgets\yasb\libre_monitor.py", line 206, in _update_label
TypeError: float() argument must be a string or a real number, not 'NoneType'
2026-07-08 03:42:43,183 [ERROR] [MainThread] [root/base.py:126]: Failed to execute callback of type 'update_label' with args: []
Traceback (most recent call last):
  File "D:\a\yasb\yasb\src\core\widgets\base.py", line 124, in _run_callback
  File "D:\a\yasb\yasb\src\core\widgets\yasb\libre_monitor.py", line 206, in _update_label
TypeError: float() argument must be a string or a real number, not 'NoneType'
2026-07-08 03:44:59,182 [ERROR] [MainThread] [root/base.py:126]: Failed to execute callback of type 'update_label' with args: []
Traceback (most recent call last):
  File "D:\a\yasb\yasb\src\core\widgets\base.py", line 124, in _run_callback
  File "D:\a\yasb\yasb\src\core\widgets\yasb\libre_monitor.py", line 206, in _update_label
TypeError: float() argument must be a string or a real number, not 'NoneType'
2026-07-08 03:45:33,181 [ERROR] [MainThread] [root/base.py:126]: Failed to execute callback of type 'update_label' with args: []
Traceback (most recent call last):
  File "D:\a\yasb\yasb\src\core\widgets\base.py", line 124, in _run_callback
  File "D:\a\yasb\yasb\src\core\widgets\yasb\libre_monitor.py", line 206, in _update_label
TypeError: float() argument must be a string or a real number, not 'NoneType'
2026-07-08 03:45:59,182 [ERROR] [MainThread] [root/base.py:126]: Failed to execute callback of type 'update_label' with args: []
Traceback (most recent call last):
  File "D:\a\yasb\yasb\src\core\widgets\base.py", line 124, in _run_callback
  File "D:\a\yasb\yasb\src\core\widgets\yasb\libre_monitor.py", line 206, in _update_label
TypeError: float() argument must be a string or a real number, not 'NoneType'
2026-07-08 03:46:07,183 [ERROR] [MainThread] [root/base.py:126]: Failed to execute callback of type 'update_label' with args: []
Traceback (most recent call last):
  File "D:\a\yasb\yasb\src\core\widgets\base.py", line 124, in _run_callback
  File "D:\a\yasb\yasb\src\core\widgets\yasb\libre_monitor.py", line 206, in _update_label
TypeError: float() argument must be a string or a real number, not 'NoneType'
2026-07-08 03:47:49,183 [ERROR] [MainThread] [root/base.py:126]: Failed to execute callback of type 'update_label' with args: []
Traceback (most recent call last):
  File "D:\a\yasb\yasb\src\core\widgets\base.py", line 124, in _run_callback
  File "D:\a\yasb\yasb\src\core\widgets\yasb\libre_monitor.py", line 206, in _update_label
TypeError: float() argument must be a string or a real number, not 'NoneType'
2026-07-08 03:52:29,182 [ERROR] [MainThread] [root/base.py:126]: Failed to execute callback of type 'update_label' with args: []
Traceback (most recent call last):
  File "D:\a\yasb\yasb\src\core\widgets\base.py", line 124, in _run_callback
  File "D:\a\yasb\yasb\src\core\widgets\yasb\libre_monitor.py", line 206, in _update_label
TypeError: float() argument must be a string or a real number, not 'NoneType'
2026-07-08 03:56:57,182 [ERROR] [MainThread] [root/base.py:126]: Failed to execute callback of type 'update_label' with args: []
Traceback (most recent call last):
  File "D:\a\yasb\yasb\src\core\widgets\base.py", line 124, in _run_callback
  File "D:\a\yasb\yasb\src\core\widgets\yasb\libre_monitor.py", line 206, in _update_label
TypeError: float() argument must be a string or a real number, not 'NoneType'
2026-07-08 03:57:41,182 [ERROR] [MainThread] [root/base.py:126]: Failed to execute callback of type 'update_label' with args: []
Traceback (most recent call last):
  File "D:\a\yasb\yasb\src\core\widgets\base.py", line 124, in _run_callback
  File "D:\a\yasb\yasb\src\core\widgets\yasb\libre_monitor.py", line 206, in _update_label
TypeError: float() argument must be a string or a real number, not 'NoneType'
2026-07-08 03:59:27,182 [ERROR] [MainThread] [root/base.py:126]: Failed to execute callback of type 'update_label' with args: []
Traceback (most recent call last):
  File "D:\a\yasb\yasb\src\core\widgets\base.py", line 124, in _run_callback
  File "D:\a\yasb\yasb\src\core\widgets\yasb\libre_monitor.py", line 206, in _update_label
TypeError: float() argument must be a string or a real number, not 'NoneType'
2026-07-08 04:01:27,183 [ERROR] [MainThread] [root/base.py:126]: Failed to execute callback of type 'update_label' with args: []
Traceback (most recent call last):
  File "D:\a\yasb\yasb\src\core\widgets\base.py", line 124, in _run_callback
  File "D:\a\yasb\yasb\src\core\widgets\yasb\libre_monitor.py", line 206, in _update_label
TypeError: float() argument must be a string or a real number, not 'NoneType'
2026-07-08 04:02:47,183 [ERROR] [MainThread] [root/base.py:126]: Failed to execute callback of type 'update_label' with args: []
Traceback (most recent call last):
  File "D:\a\yasb\yasb\src\core\widgets\base.py", line 124, in _run_callback
  File "D:\a\yasb\yasb\src\core\widgets\yasb\libre_monitor.py", line 206, in _update_label
TypeError: float() argument must be a string or a real number, not 'NoneType'
2026-07-08 04:02:59,182 [ERROR] [MainThread] [root/base.py:126]: Failed to execute callback of type 'update_label' with args: []
Traceback (most recent call last):
  File "D:\a\yasb\yasb\src\core\widgets\base.py", line 124, in _run_callback
  File "D:\a\yasb\yasb\src\core\widgets\yasb\libre_monitor.py", line 206, in _update_label
TypeError: float() argument must be a string or a real number, not 'NoneType'
2026-07-08 04:03:21,182 [ERROR] [MainThread] [root/base.py:126]: Failed to execute callback of type 'update_label' with args: []
Traceback (most recent call last):
  File "D:\a\yasb\yasb\src\core\widgets\base.py", line 124, in _run_callback
  File "D:\a\yasb\yasb\src\core\widgets\yasb\libre_monitor.py", line 206, in _update_label
TypeError: float() argument must be a string or a real number, not 'NoneType'
2026-07-08 04:10:05,182 [ERROR] [MainThread] [root/base.py:126]: Failed to execute callback of type 'update_label' with args: []
Traceback (most recent call last):
  File "D:\a\yasb\yasb\src\core\widgets\base.py", line 124, in _run_callback
  File "D:\a\yasb\yasb\src\core\widgets\yasb\libre_monitor.py", line 206, in _update_label
TypeError: float() argument must be a string or a real number, not 'NoneType'
2026-07-08 04:14:03,182 [ERROR] [MainThread] [root/base.py:126]: Failed to execute callback of type 'update_label' with args: []
Traceback (most recent call last):
  File "D:\a\yasb\yasb\src\core\widgets\base.py", line 124, in _run_callback
  File "D:\a\yasb\yasb\src\core\widgets\yasb\libre_monitor.py", line 206, in _update_label
TypeError: float() argument must be a string or a real number, not 'NoneType'
2026-07-08 04:16:05,183 [ERROR] [MainThread] [root/base.py:126]: Failed to execute callback of type 'update_label' with args: []
Traceback (most recent call last):
  File "D:\a\yasb\yasb\src\core\widgets\base.py", line 124, in _run_callback
  File "D:\a\yasb\yasb\src\core\widgets\yasb\libre_monitor.py", line 206, in _update_label
TypeError: float() argument must be a string or a real number, not 'NoneType'
2026-07-08 04:22:25,183 [ERROR] [MainThread] [root/base.py:126]: Failed to execute callback of type 'update_label' with args: []
Traceback (most recent call last):
  File "D:\a\yasb\yasb\src\core\widgets\base.py", line 124, in _run_callback
  File "D:\a\yasb\yasb\src\core\widgets\yasb\libre_monitor.py", line 206, in _update_label
TypeError: float() argument must be a string or a real number, not 'NoneType'
2026-07-08 04:22:29,182 [ERROR] [MainThread] [root/base.py:126]: Failed to execute callback of type 'update_label' with args: []
Traceback (most recent call last):
  File "D:\a\yasb\yasb\src\core\widgets\base.py", line 124, in _run_callback
  File "D:\a\yasb\yasb\src\core\widgets\yasb\libre_monitor.py", line 206, in _update_label
TypeError: float() argument must be a string or a real number, not 'NoneType'
2026-07-08 04:32:25,182 [ERROR] [MainThread] [root/base.py:126]: Failed to execute callback of type 'update_label' with args: []
Traceback (most recent call last):
  File "D:\a\yasb\yasb\src\core\widgets\base.py", line 124, in _run_callback
  File "D:\a\yasb\yasb\src\core\widgets\yasb\libre_monitor.py", line 206, in _update_label
TypeError: float() argument must be a string or a real number, not 'NoneType'
2026-07-08 04:33:27,197 [ERROR] [MainThread] [root/base.py:126]: Failed to execute callback of type 'update_label' with args: []
Traceback (most recent call last):
  File "D:\a\yasb\yasb\src\core\widgets\base.py", line 124, in _run_callback
  File "D:\a\yasb\yasb\src\core\widgets\yasb\libre_monitor.py", line 206, in _update_label
TypeError: float() argument must be a string or a real number, not 'NoneType'
2026-07-08 04:41:37,196 [ERROR] [MainThread] [root/base.py:126]: Failed to execute callback of type 'update_label' with args: []
Traceback (most recent call last):
  File "D:\a\yasb\yasb\src\core\widgets\base.py", line 124, in _run_callback
  File "D:\a\yasb\yasb\src\core\widgets\yasb\libre_monitor.py", line 206, in _update_label
TypeError: float() argument must be a string or a real number, not 'NoneType'
2026-07-08 04:41:59,198 [ERROR] [MainThread] [root/base.py:126]: Failed to execute callback of type 'update_label' with args: []
Traceback (most recent call last):
  File "D:\a\yasb\yasb\src\core\widgets\base.py", line 124, in _run_callback
  File "D:\a\yasb\yasb\src\core\widgets\yasb\libre_monitor.py", line 206, in _update_label
TypeError: float() argument must be a string or a real number, not 'NoneType'
2026-07-08 04:44:31,210 [ERROR] [MainThread] [root/base.py:126]: Failed to execute callback of type 'update_label' with args: []
Traceback (most recent call last):
  File "D:\a\yasb\yasb\src\core\widgets\base.py", line 124, in _run_callback
  File "D:\a\yasb\yasb\src\core\widgets\yasb\libre_monitor.py", line 206, in _update_label
TypeError: float() argument must be a string or a real number, not 'NoneType'
2026-07-08 05:04:45,212 [ERROR] [MainThread] [root/base.py:126]: Failed to execute callback of type 'update_label' with args: []
Traceback (most recent call last):
  File "D:\a\yasb\yasb\src\core\widgets\base.py", line 124, in _run_callback
  File "D:\a\yasb\yasb\src\core\widgets\yasb\libre_monitor.py", line 206, in _update_label
TypeError: float() argument must be a string or a real number, not 'NoneType'
2026-07-08 05:09:05,212 [ERROR] [MainThread] [root/base.py:126]: Failed to execute callback of type 'update_label' with args: []
Traceback (most recent call last):
  File "D:\a\yasb\yasb\src\core\widgets\base.py", line 124, in _run_callback
  File "D:\a\yasb\yasb\src\core\widgets\yasb\libre_monitor.py", line 206, in _update_label
TypeError: float() argument must be a string or a real number, not 'NoneType'
2026-07-08 05:14:51,213 [ERROR] [MainThread] [root/base.py:126]: Failed to execute callback of type 'update_label' with args: []
Traceback (most recent call last):
  File "D:\a\yasb\yasb\src\core\widgets\base.py", line 124, in _run_callback
  File "D:\a\yasb\yasb\src\core\widgets\yasb\libre_monitor.py", line 206, in _update_label
TypeError: float() argument must be a string or a real number, not 'NoneType'
2026-07-08 05:17:53,212 [ERROR] [MainThread] [root/base.py:126]: Failed to execute callback of type 'update_label' with args: []
Traceback (most recent call last):
  File "D:\a\yasb\yasb\src\core\widgets\base.py", line 124, in _run_callback
  File "D:\a\yasb\yasb\src\core\widgets\yasb\libre_monitor.py", line 206, in _update_label
TypeError: float() argument must be a string or a real number, not 'NoneType'
2026-07-08 05:19:39,212 [ERROR] [MainThread] [root/base.py:126]: Failed to execute callback of type 'update_label' with args: []
Traceback (most recent call last):
  File "D:\a\yasb\yasb\src\core\widgets\base.py", line 124, in _run_callback
  File "D:\a\yasb\yasb\src\core\widgets\yasb\libre_monitor.py", line 206, in _update_label
TypeError: float() argument must be a string or a real number, not 'NoneType'
2026-07-08 05:21:57,873 [INFO] [MainThread] [root/bar_manager.py:119]: Stopping KomorebiEventListener...
2026-07-08 05:21:57,897 [INFO] [MainThread] [root/bar_manager.py:119]: Stopping SystemEventListener...
2026-07-08 05:21:58,096 [INFO] [MainThread] [root/bar_manager.py:119]: Stopping WindowsNotificationEventListener...
2026-07-08 05:23:10,926 [INFO] [MainThread] [root/log.py:104]: YASB v2.0.5
2026-07-08 05:23:10,927 [INFO] [CLIPipeServer] [cli_server/cli_server.py:216]: CLI server started v1.1.7
2026-07-08 05:23:10,927 [INFO] [MainThread] [cli_server/cli_server.py:106]: Log pipe server started
2026-07-08 05:23:11,024 [WARNING] [MainThread] [deprecation/deprecation.py:136]: [DEPRECATED] BarAlignment: 'center' - Use 'align' instead.
2026-07-08 05:23:11,024 [WARNING] [MainThread] [deprecation/deprecation.py:136]: [DEPRECATED] BarBlurEffect: 'acrylic' - No longer supported and can be removed from the config.
2026-07-08 05:23:11,090 [WARNING] [MainThread] [deprecation/deprecation.py:136]: [DEPRECATED] GrouperWidgetConfig: 'container_padding' - Use CSS padding instead.
2026-07-08 05:23:11,168 [WARNING] [MainThread] [deprecation/deprecation.py:136]: [DEPRECATED] KomorebiWorkspacesConfig: 'animation' - Use CSS animations instead.
2026-07-08 05:23:11,173 [WARNING] [MainThread] [deprecation/deprecation.py:136]: [DEPRECATED] GrouperWidgetConfig: 'container_padding' - Use CSS padding instead.
2026-07-08 05:23:11,185 [WARNING] [MainThread] [deprecation/deprecation.py:136]: [DEPRECATED] GrouperWidgetConfig: 'container_padding' - Use CSS padding instead.
2026-07-08 05:23:11,764 [WARNING] [MainThread] [deprecation/deprecation.py:136]: [DEPRECATED] GrouperWidgetConfig: 'container_padding' - Use CSS padding instead.
2026-07-08 05:23:11,876 [WARNING] [MainThread] [deprecation/deprecation.py:136]: [DEPRECATED] OpenMeteoWidgetConfig: 'label_shadow' - Use CSS text-shadow instead.
2026-07-08 05:23:11,976 [WARNING] [MainThread] [deprecation/deprecation.py:136]: [DEPRECATED] GrouperWidgetConfig: 'container_padding' - Use CSS padding instead.
2026-07-08 05:23:12,005 [WARNING] [MainThread] [deprecation/deprecation.py:140]: [DEPRECATED] VolumeConfig: 'volume_icons' renamed to 'icons' - Use 'icons' with the dictionary format instead.
2026-07-08 05:23:12,006 [WARNING] [MainThread] [deprecation/deprecation.py:136]: [DEPRECATED] VolumeConfig: 'container_padding' - Use CSS padding instead.
2026-07-08 05:23:12,028 [INFO] [MainThread] [root/service.py:52]: AudioOutputService starting...
2026-07-08 05:23:12,088 [INFO] [MainThread] [root/service.py:41]: AudioInputService starting...
2026-07-08 05:23:12,095 [WARNING] [MainThread] [deprecation/deprecation.py:136]: [DEPRECATED] NotificationsConfig: 'container_padding' - Use CSS padding instead.
2026-07-08 05:23:12,113 [WARNING] [MainThread] [deprecation/deprecation.py:136]: [DEPRECATED] PowerMenuConfig: 'container_padding' - Use CSS padding instead.
2026-07-08 05:23:12,288 [INFO] [MainThread] [root/bar_manager.py:103]: Starting WindowsNotificationEventListener...
2026-07-08 05:23:12,288 [INFO] [MainThread] [root/bar_manager.py:103]: Starting KomorebiEventListener...
2026-07-08 05:23:12,289 [INFO] [MainThread] [root/bar_manager.py:103]: Starting SystemEventListener...
2026-07-08 05:23:12,290 [INFO] [Dummy-5] [root/event_listener.py:54]: Created named pipe yasb-70c261c0-7a52-11f1-8678-00e04f21bc50
2026-07-08 05:23:12,291 [INFO] [MainThread] [root/watcher.py:65]: Watching directory: c:\users\raven\.config\yasb
2026-07-08 05:23:12,291 [INFO] [MainThread] [root/watcher.py:104]: Created file watcher
2026-07-08 05:23:12,327 [INFO] [MainThread] [root/update_service.py:434]: Background update checker started
2026-07-08 05:23:12,387 [WARNING] [Dummy-5] [root/event_listener.py:134]: Komorebi failed to subscribe named pipe. Komorebi is not running, please start Komorebi.
2026-07-08 05:23:22,616 [INFO] [Dummy-5] [root/event_listener.py:147]: Komorebi connected to named pipe: yasb-70c261c0-7a52-11f1-8678-00e04f21bc50
2026-07-08 05:29:49,978 [ERROR] [MainThread] [root/base.py:126]: Failed to execute callback of type 'update_label' with args: []
Traceback (most recent call last):
  File "D:\a\yasb\yasb\src\core\widgets\base.py", line 124, in _run_callback
  File "D:\a\yasb\yasb\src\core\widgets\yasb\libre_monitor.py", line 206, in _update_label
TypeError: float() argument must be a string or a real number, not 'NoneType'
2026-07-08 05:30:27,993 [ERROR] [MainThread] [root/base.py:126]: Failed to execute callback of type 'update_label' with args: []
Traceback (most recent call last):
  File "D:\a\yasb\yasb\src\core\widgets\base.py", line 124, in _run_callback
  File "D:\a\yasb\yasb\src\core\widgets\yasb\libre_monitor.py", line 206, in _update_label
TypeError: float() argument must be a string or a real number, not 'NoneType'
2026-07-08 05:32:22,016 [ERROR] [MainThread] [root/base.py:126]: Failed to execute callback of type 'update_label' with args: []
Traceback (most recent call last):
  File "D:\a\yasb\yasb\src\core\widgets\base.py", line 124, in _run_callback
  File "D:\a\yasb\yasb\src\core\widgets\yasb\libre_monitor.py", line 206, in _update_label
TypeError: float() argument must be a string or a real number, not 'NoneType'
2026-07-08 06:30:22,802 [ERROR] [MainThread] [root/base.py:126]: Failed to execute callback of type 'update_label' with args: []
Traceback (most recent call last):
  File "D:\a\yasb\yasb\src\core\widgets\base.py", line 124, in _run_callback
  File "D:\a\yasb\yasb\src\core\widgets\yasb\libre_monitor.py", line 206, in _update_label
TypeError: float() argument must be a string or a real number, not 'NoneType'
2026-07-08 06:35:22,950 [ERROR] [MainThread] [root/base.py:126]: Failed to execute callback of type 'update_label' with args: []
Traceback (most recent call last):
  File "D:\a\yasb\yasb\src\core\widgets\base.py", line 124, in _run_callback
  File "D:\a\yasb\yasb\src\core\widgets\yasb\libre_monitor.py", line 206, in _update_label
TypeError: float() argument must be a string or a real number, not 'NoneType'
2026-07-08 06:43:13,370 [ERROR] [MainThread] [open_meteo/api.py:112]: Open-Meteo response error 502: UnknownServerError 499
2026-07-08 06:43:13,371 [WARNING] [MainThread] [root/open_meteo.py:865]: Error processing Open-Meteo data: Weather data is empty.
2026-07-08 07:40:47,888 [ERROR] [MainThread] [root/base.py:126]: Failed to execute callback of type 'update_label' with args: []
Traceback (most recent call last):
  File "D:\a\yasb\yasb\src\core\widgets\base.py", line 124, in _run_callback
  File "D:\a\yasb\yasb\src\core\widgets\yasb\libre_monitor.py", line 206, in _update_label
TypeError: float() argument must be a string or a real number, not 'NoneType'
2026-07-08 07:56:01,793 [INFO] [MainThread] [root/controller.py:43]: Exiting Application...
2026-07-08 07:56:01,894 [INFO] [MainThread] [cli_server/cli_server.py:114]: Log pipe server stopped
2026-07-08 07:56:02,206 [INFO] [MainThread] [root/bar_manager.py:119]: Stopping WindowsNotificationEventListener...
2026-07-08 07:56:02,213 [INFO] [MainThread] [root/bar_manager.py:119]: Stopping KomorebiEventListener...
2026-07-08 07:56:02,218 [INFO] [MainThread] [root/bar_manager.py:119]: Stopping SystemEventListener...
2026-07-08 08:00:21,736 [INFO] [MainThread] [root/log.py:104]: YASB v2.0.5
2026-07-08 08:00:21,737 [INFO] [CLIPipeServer] [cli_server/cli_server.py:216]: CLI server started v1.1.7
2026-07-08 08:00:21,737 [INFO] [MainThread] [cli_server/cli_server.py:106]: Log pipe server started
2026-07-08 08:00:21,827 [WARNING] [MainThread] [deprecation/deprecation.py:136]: [DEPRECATED] BarAlignment: 'center' - Use 'align' instead.
2026-07-08 08:00:21,827 [WARNING] [MainThread] [deprecation/deprecation.py:136]: [DEPRECATED] BarBlurEffect: 'acrylic' - No longer supported and can be removed from the config.
2026-07-08 08:00:21,881 [WARNING] [MainThread] [deprecation/deprecation.py:136]: [DEPRECATED] GrouperWidgetConfig: 'container_padding' - Use CSS padding instead.
2026-07-08 08:00:21,956 [WARNING] [MainThread] [deprecation/deprecation.py:136]: [DEPRECATED] KomorebiWorkspacesConfig: 'animation' - Use CSS animations instead.
2026-07-08 08:00:21,961 [WARNING] [MainThread] [deprecation/deprecation.py:136]: [DEPRECATED] GrouperWidgetConfig: 'container_padding' - Use CSS padding instead.
2026-07-08 08:00:21,972 [WARNING] [MainThread] [deprecation/deprecation.py:136]: [DEPRECATED] GrouperWidgetConfig: 'container_padding' - Use CSS padding instead.
2026-07-08 08:00:22,551 [WARNING] [MainThread] [deprecation/deprecation.py:136]: [DEPRECATED] GrouperWidgetConfig: 'container_padding' - Use CSS padding instead.
2026-07-08 08:00:22,656 [WARNING] [MainThread] [deprecation/deprecation.py:136]: [DEPRECATED] OpenMeteoWidgetConfig: 'label_shadow' - Use CSS text-shadow instead.
2026-07-08 08:00:22,759 [WARNING] [MainThread] [deprecation/deprecation.py:136]: [DEPRECATED] GrouperWidgetConfig: 'container_padding' - Use CSS padding instead.
2026-07-08 08:00:22,788 [WARNING] [MainThread] [deprecation/deprecation.py:140]: [DEPRECATED] VolumeConfig: 'volume_icons' renamed to 'icons' - Use 'icons' with the dictionary format instead.
2026-07-08 08:00:22,788 [WARNING] [MainThread] [deprecation/deprecation.py:136]: [DEPRECATED] VolumeConfig: 'container_padding' - Use CSS padding instead.
2026-07-08 08:00:22,810 [INFO] [MainThread] [root/service.py:52]: AudioOutputService starting...
2026-07-08 08:00:22,871 [INFO] [MainThread] [root/service.py:41]: AudioInputService starting...
2026-07-08 08:00:22,878 [WARNING] [MainThread] [deprecation/deprecation.py:136]: [DEPRECATED] NotificationsConfig: 'container_padding' - Use CSS padding instead.
2026-07-08 08:00:22,896 [WARNING] [MainThread] [deprecation/deprecation.py:136]: [DEPRECATED] PowerMenuConfig: 'container_padding' - Use CSS padding instead.
2026-07-08 08:00:23,026 [INFO] [MainThread] [root/bar_manager.py:103]: Starting SystemEventListener...
2026-07-08 08:00:23,026 [INFO] [MainThread] [root/bar_manager.py:103]: Starting WindowsNotificationEventListener...
2026-07-08 08:00:23,027 [INFO] [MainThread] [root/bar_manager.py:103]: Starting KomorebiEventListener...
2026-07-08 08:00:23,028 [INFO] [Dummy-5] [root/event_listener.py:54]: Created named pipe yasb-65eadd90-7a68-11f1-80c3-00e04f21bc50
2026-07-08 08:00:23,030 [INFO] [MainThread] [root/watcher.py:65]: Watching directory: c:\users\raven\.config\yasb
2026-07-08 08:00:23,030 [INFO] [MainThread] [root/watcher.py:104]: Created file watcher
2026-07-08 08:00:23,062 [INFO] [MainThread] [root/update_service.py:434]: Background update checker started
2026-07-08 08:00:23,127 [WARNING] [Dummy-5] [root/event_listener.py:134]: Komorebi failed to subscribe named pipe. Komorebi is not running, please start Komorebi.
2026-07-08 08:00:33,309 [INFO] [Dummy-5] [root/event_listener.py:147]: Komorebi connected to named pipe: yasb-65eadd90-7a68-11f1-80c3-00e04f21bc50
2026-07-08 08:09:14,721 [ERROR] [MainThread] [root/base.py:126]: Failed to execute callback of type 'update_label' with args: []
Traceback (most recent call last):
  File "D:\a\yasb\yasb\src\core\widgets\base.py", line 124, in _run_callback
  File "D:\a\yasb\yasb\src\core\widgets\yasb\libre_monitor.py", line 206, in _update_label
TypeError: float() argument must be a string or a real number, not 'NoneType'
2026-07-08 17:35:36,786 [ERROR] [MainThread] [root/media.py:294]: get_thumbnail(): Error occurred when loading the thumbnail: cannot identify image file <_io.BytesIO object at 0x0000019222405490>
2026-07-08 18:17:12,677 [ERROR] [MainThread] [root/media.py:294]: get_thumbnail(): Error occurred when loading the thumbnail: cannot identify image file <_io.BytesIO object at 0x000001922CC28680>
2026-07-08 21:16:55,939 [ERROR] [MainThread] [root/media.py:294]: get_thumbnail(): Error occurred when loading the thumbnail: cannot identify image file <_io.BytesIO object at 0x000001922CBE6610>
2026-07-08 21:20:12,822 [ERROR] [MainThread] [root/media.py:294]: get_thumbnail(): Error occurred when loading the thumbnail: cannot identify image file <_io.BytesIO object at 0x000001922CC2BAB0>
2026-07-08 21:23:08,526 [ERROR] [MainThread] [root/media.py:294]: get_thumbnail(): Error occurred when loading the thumbnail: cannot identify image file <_io.BytesIO object at 0x000001922CC6E340>
2026-07-09 22:22:43,225 [ERROR] [MainThread] [root/base.py:126]: Failed to execute callback of type 'update_label' with args: []
Traceback (most recent call last):
  File "D:\a\yasb\yasb\src\core\widgets\base.py", line 124, in _run_callback
  File "D:\a\yasb\yasb\src\core\widgets\yasb\libre_monitor.py", line 206, in _update_label
TypeError: float() argument must be a string or a real number, not 'NoneType'
2026-07-09 22:23:29,225 [ERROR] [MainThread] [root/base.py:126]: Failed to execute callback of type 'update_label' with args: []
Traceback (most recent call last):
  File "D:\a\yasb\yasb\src\core\widgets\base.py", line 124, in _run_callback
  File "D:\a\yasb\yasb\src\core\widgets\yasb\libre_monitor.py", line 206, in _update_label
TypeError: float() argument must be a string or a real number, not 'NoneType'
2026-07-09 22:28:19,225 [ERROR] [MainThread] [root/base.py:126]: Failed to execute callback of type 'update_label' with args: []
Traceback (most recent call last):
  File "D:\a\yasb\yasb\src\core\widgets\base.py", line 124, in _run_callback
  File "D:\a\yasb\yasb\src\core\widgets\yasb\libre_monitor.py", line 206, in _update_label
TypeError: float() argument must be a string or a real number, not 'NoneType'
2026-07-09 22:33:12,133 [INFO] [MainThread] [root/bar_manager.py:97]: Screens updated. Re-initialising all bars.
2026-07-09 22:33:12,133 [INFO] [MainThread] [root/controller.py:21]: Reloading Application because of screen update.
2026-07-09 22:33:12,248 [INFO] [MainThread] [cli_server/cli_server.py:114]: Log pipe server stopped
2026-07-09 22:33:12,762 [INFO] [MainThread] [root/bar_manager.py:119]: Stopping SystemEventListener...
2026-07-09 22:33:12,793 [INFO] [MainThread] [root/bar_manager.py:119]: Stopping WindowsNotificationEventListener...
2026-07-09 22:33:12,874 [INFO] [MainThread] [root/bar_manager.py:119]: Stopping KomorebiEventListener...
2026-07-09 22:33:13,442 [INFO] [MainThread] [root/log.py:104]: YASB v2.0.5
2026-07-09 22:33:13,442 [INFO] [CLIPipeServer] [cli_server/cli_server.py:216]: CLI server started v1.1.7
2026-07-09 22:33:13,443 [INFO] [MainThread] [cli_server/cli_server.py:106]: Log pipe server started
2026-07-09 22:33:13,443 [INFO] [MainThread] [root/main.py:48]: Waiting for previous YASB instance to exit...
2026-07-09 22:33:13,695 [INFO] [MainThread] [root/main.py:74]: Previous instance exited, continuing startup.
2026-07-09 22:33:14,087 [WARNING] [MainThread] [deprecation/deprecation.py:136]: [DEPRECATED] BarAlignment: 'center' - Use 'align' instead.
2026-07-09 22:33:14,087 [WARNING] [MainThread] [deprecation/deprecation.py:136]: [DEPRECATED] BarBlurEffect: 'acrylic' - No longer supported and can be removed from the config.
2026-07-09 22:33:14,168 [WARNING] [MainThread] [deprecation/deprecation.py:136]: [DEPRECATED] GrouperWidgetConfig: 'container_padding' - Use CSS padding instead.
2026-07-09 22:33:14,240 [WARNING] [MainThread] [deprecation/deprecation.py:136]: [DEPRECATED] KomorebiWorkspacesConfig: 'animation' - Use CSS animations instead.
2026-07-09 22:33:14,242 [WARNING] [MainThread] [deprecation/deprecation.py:136]: [DEPRECATED] GrouperWidgetConfig: 'container_padding' - Use CSS padding instead.
2026-07-09 22:33:14,261 [WARNING] [MainThread] [deprecation/deprecation.py:136]: [DEPRECATED] GrouperWidgetConfig: 'container_padding' - Use CSS padding instead.
2026-07-09 22:33:15,153 [WARNING] [MainThread] [deprecation/deprecation.py:136]: [DEPRECATED] GrouperWidgetConfig: 'container_padding' - Use CSS padding instead.
2026-07-09 22:33:15,290 [WARNING] [MainThread] [deprecation/deprecation.py:136]: [DEPRECATED] OpenMeteoWidgetConfig: 'label_shadow' - Use CSS text-shadow instead.
2026-07-09 22:33:15,402 [WARNING] [MainThread] [deprecation/deprecation.py:136]: [DEPRECATED] GrouperWidgetConfig: 'container_padding' - Use CSS padding instead.
2026-07-09 22:33:15,436 [WARNING] [MainThread] [deprecation/deprecation.py:140]: [DEPRECATED] VolumeConfig: 'volume_icons' renamed to 'icons' - Use 'icons' with the dictionary format instead.
2026-07-09 22:33:15,436 [WARNING] [MainThread] [deprecation/deprecation.py:136]: [DEPRECATED] VolumeConfig: 'container_padding' - Use CSS padding instead.
2026-07-09 22:33:15,462 [INFO] [MainThread] [root/service.py:52]: AudioOutputService starting...
2026-07-09 22:33:15,519 [INFO] [MainThread] [root/service.py:41]: AudioInputService starting...
2026-07-09 22:33:15,549 [WARNING] [MainThread] [deprecation/deprecation.py:136]: [DEPRECATED] NotificationsConfig: 'container_padding' - Use CSS padding instead.
2026-07-09 22:33:15,575 [WARNING] [MainThread] [deprecation/deprecation.py:136]: [DEPRECATED] PowerMenuConfig: 'container_padding' - Use CSS padding instead.
2026-07-09 22:33:16,182 [INFO] [MainThread] [root/bar_manager.py:103]: Starting WindowsNotificationEventListener...
2026-07-09 22:33:16,182 [INFO] [MainThread] [root/bar_manager.py:103]: Starting SystemEventListener...
2026-07-09 22:33:16,182 [INFO] [MainThread] [root/bar_manager.py:103]: Starting KomorebiEventListener...
2026-07-09 22:33:16,184 [INFO] [MainThread] [root/watcher.py:65]: Watching directory: c:\users\raven\.config\yasb
2026-07-09 22:33:16,185 [INFO] [MainThread] [root/watcher.py:104]: Created file watcher
2026-07-09 22:33:16,409 [INFO] [Dummy-7] [root/event_listener.py:54]: Created named pipe yasb-8129f213-7bab-11f1-9d6d-00e04f21bc50
2026-07-09 22:33:16,449 [INFO] [MainThread] [root/update_service.py:434]: Background update checker started
2026-07-09 22:33:16,575 [INFO] [Dummy-7] [root/event_listener.py:147]: Komorebi connected to named pipe: yasb-8129f213-7bab-11f1-9d6d-00e04f21bc50
2026-07-10 00:21:05,236 [INFO] [MainThread] [root/bar_manager.py:97]: Screens updated. Re-initialising all bars.
2026-07-10 00:21:05,236 [INFO] [MainThread] [root/controller.py:21]: Reloading Application because of screen update.
2026-07-10 00:21:05,337 [INFO] [MainThread] [cli_server/cli_server.py:114]: Log pipe server stopped
2026-07-10 00:21:06,090 [INFO] [MainThread] [root/bar_manager.py:119]: Stopping WindowsNotificationEventListener...
2026-07-10 00:21:06,097 [INFO] [MainThread] [root/bar_manager.py:119]: Stopping SystemEventListener...
2026-07-10 00:21:06,108 [INFO] [MainThread] [root/bar_manager.py:119]: Stopping KomorebiEventListener...
2026-07-10 00:21:06,228 [INFO] [MainThread] [root/log.py:104]: YASB v2.0.5
2026-07-10 00:21:06,228 [INFO] [CLIPipeServer] [cli_server/cli_server.py:216]: CLI server started v1.1.7
2026-07-10 00:21:06,229 [INFO] [MainThread] [cli_server/cli_server.py:106]: Log pipe server started
2026-07-10 00:21:06,229 [INFO] [MainThread] [root/main.py:48]: Waiting for previous YASB instance to exit...
2026-07-10 00:21:06,481 [INFO] [MainThread] [root/main.py:74]: Previous instance exited, continuing startup.
2026-07-10 00:21:06,627 [WARNING] [MainThread] [deprecation/deprecation.py:136]: [DEPRECATED] BarAlignment: 'center' - Use 'align' instead.
2026-07-10 00:21:06,627 [WARNING] [MainThread] [deprecation/deprecation.py:136]: [DEPRECATED] BarBlurEffect: 'acrylic' - No longer supported and can be removed from the config.
2026-07-10 00:21:06,686 [WARNING] [MainThread] [deprecation/deprecation.py:136]: [DEPRECATED] GrouperWidgetConfig: 'container_padding' - Use CSS padding instead.
2026-07-10 00:21:06,741 [WARNING] [MainThread] [deprecation/deprecation.py:136]: [DEPRECATED] KomorebiWorkspacesConfig: 'animation' - Use CSS animations instead.
2026-07-10 00:21:06,742 [WARNING] [MainThread] [deprecation/deprecation.py:136]: [DEPRECATED] GrouperWidgetConfig: 'container_padding' - Use CSS padding instead.
2026-07-10 00:21:06,755 [WARNING] [MainThread] [deprecation/deprecation.py:136]: [DEPRECATED] GrouperWidgetConfig: 'container_padding' - Use CSS padding instead.
2026-07-10 00:21:07,310 [WARNING] [MainThread] [deprecation/deprecation.py:136]: [DEPRECATED] GrouperWidgetConfig: 'container_padding' - Use CSS padding instead.
2026-07-10 00:21:07,412 [WARNING] [MainThread] [deprecation/deprecation.py:136]: [DEPRECATED] OpenMeteoWidgetConfig: 'label_shadow' - Use CSS text-shadow instead.
2026-07-10 00:21:07,506 [WARNING] [MainThread] [deprecation/deprecation.py:136]: [DEPRECATED] GrouperWidgetConfig: 'container_padding' - Use CSS padding instead.
2026-07-10 00:21:07,535 [WARNING] [MainThread] [deprecation/deprecation.py:140]: [DEPRECATED] VolumeConfig: 'volume_icons' renamed to 'icons' - Use 'icons' with the dictionary format instead.
2026-07-10 00:21:07,535 [WARNING] [MainThread] [deprecation/deprecation.py:136]: [DEPRECATED] VolumeConfig: 'container_padding' - Use CSS padding instead.
2026-07-10 00:21:07,564 [INFO] [MainThread] [root/service.py:52]: AudioOutputService starting...
2026-07-10 00:21:07,618 [INFO] [MainThread] [root/service.py:41]: AudioInputService starting...
2026-07-10 00:21:07,646 [WARNING] [MainThread] [deprecation/deprecation.py:136]: [DEPRECATED] NotificationsConfig: 'container_padding' - Use CSS padding instead.
2026-07-10 00:21:07,663 [WARNING] [MainThread] [deprecation/deprecation.py:136]: [DEPRECATED] PowerMenuConfig: 'container_padding' - Use CSS padding instead.
2026-07-10 00:21:07,968 [INFO] [MainThread] [root/bar_manager.py:103]: Starting SystemEventListener...
2026-07-10 00:21:07,969 [INFO] [MainThread] [root/bar_manager.py:103]: Starting KomorebiEventListener...
2026-07-10 00:21:07,969 [INFO] [MainThread] [root/bar_manager.py:103]: Starting WindowsNotificationEventListener...
2026-07-10 00:21:07,971 [INFO] [MainThread] [root/watcher.py:65]: Watching directory: c:\users\raven\.config\yasb
2026-07-10 00:21:07,971 [INFO] [MainThread] [root/watcher.py:104]: Created file watcher
2026-07-10 00:21:08,076 [INFO] [Dummy-7] [root/event_listener.py:54]: Created named pipe yasb-92a63092-7bba-11f1-8730-00e04f21bc50
2026-07-10 00:21:08,126 [INFO] [MainThread] [root/update_service.py:434]: Background update checker started
2026-07-10 00:21:08,313 [INFO] [Dummy-7] [root/event_listener.py:147]: Komorebi connected to named pipe: yasb-92a63092-7bba-11f1-8730-00e04f21bc50
2026-07-10 00:41:14,769 [ERROR] [MainThread] [open_meteo/api.py:112]: Open-Meteo response error 502: UnknownServerError 499
2026-07-10 00:41:14,770 [WARNING] [MainThread] [root/open_meteo.py:865]: Error processing Open-Meteo data: Weather data is empty.
2026-07-10 00:51:12,356 [ERROR] [MainThread] [open_meteo/api.py:112]: Open-Meteo response error 504: UnknownServerError 499
2026-07-10 00:51:12,357 [WARNING] [MainThread] [root/open_meteo.py:865]: Error processing Open-Meteo data: Weather data is empty.
2026-07-11 00:42:09,570 [ERROR] [MainThread] [root/base.py:126]: Failed to execute callback of type 'update_label' with args: []
Traceback (most recent call last):
  File "D:\a\yasb\yasb\src\core\widgets\base.py", line 124, in _run_callback
  File "D:\a\yasb\yasb\src\core\widgets\yasb\libre_monitor.py", line 206, in _update_label
TypeError: float() argument must be a string or a real number, not 'NoneType'
2026-07-11 04:20:53,078 [INFO] [MainThread] [root/controller.py:43]: Exiting Application...
2026-07-11 04:20:53,180 [INFO] [MainThread] [cli_server/cli_server.py:114]: Log pipe server stopped
2026-07-11 04:20:53,524 [INFO] [MainThread] [root/bar_manager.py:119]: Stopping SystemEventListener...
2026-07-11 04:20:53,536 [INFO] [MainThread] [root/bar_manager.py:119]: Stopping KomorebiEventListener...
2026-07-11 04:20:53,541 [INFO] [MainThread] [root/bar_manager.py:119]: Stopping WindowsNotificationEventListener...
2026-07-11 06:58:54,020 [INFO] [MainThread] [root/log.py:104]: YASB v2.0.5
2026-07-11 06:58:54,021 [INFO] [CLIPipeServer] [cli_server/cli_server.py:216]: CLI server started v1.1.7
2026-07-11 06:58:54,021 [INFO] [MainThread] [cli_server/cli_server.py:106]: Log pipe server started
2026-07-11 06:58:54,140 [WARNING] [MainThread] [deprecation/deprecation.py:136]: [DEPRECATED] BarAlignment: 'center' - Use 'align' instead.
2026-07-11 06:58:54,141 [WARNING] [MainThread] [deprecation/deprecation.py:136]: [DEPRECATED] BarBlurEffect: 'acrylic' - No longer supported and can be removed from the config.
2026-07-11 06:58:54,211 [WARNING] [MainThread] [deprecation/deprecation.py:136]: [DEPRECATED] GrouperWidgetConfig: 'container_padding' - Use CSS padding instead.
2026-07-11 06:58:54,290 [WARNING] [MainThread] [deprecation/deprecation.py:136]: [DEPRECATED] KomorebiWorkspacesConfig: 'animation' - Use CSS animations instead.
2026-07-11 06:58:54,294 [WARNING] [MainThread] [deprecation/deprecation.py:136]: [DEPRECATED] GrouperWidgetConfig: 'container_padding' - Use CSS padding instead.
2026-07-11 06:58:54,306 [WARNING] [MainThread] [deprecation/deprecation.py:136]: [DEPRECATED] GrouperWidgetConfig: 'container_padding' - Use CSS padding instead.
2026-07-11 06:58:54,893 [WARNING] [MainThread] [deprecation/deprecation.py:136]: [DEPRECATED] GrouperWidgetConfig: 'container_padding' - Use CSS padding instead.
2026-07-11 06:58:55,003 [WARNING] [MainThread] [deprecation/deprecation.py:136]: [DEPRECATED] OpenMeteoWidgetConfig: 'label_shadow' - Use CSS text-shadow instead.
2026-07-11 06:58:55,104 [WARNING] [MainThread] [deprecation/deprecation.py:136]: [DEPRECATED] GrouperWidgetConfig: 'container_padding' - Use CSS padding instead.
2026-07-11 06:58:55,135 [WARNING] [MainThread] [deprecation/deprecation.py:140]: [DEPRECATED] VolumeConfig: 'volume_icons' renamed to 'icons' - Use 'icons' with the dictionary format instead.
2026-07-11 06:58:55,135 [WARNING] [MainThread] [deprecation/deprecation.py:136]: [DEPRECATED] VolumeConfig: 'container_padding' - Use CSS padding instead.
2026-07-11 06:58:55,157 [INFO] [MainThread] [root/service.py:52]: AudioOutputService starting...
2026-07-11 06:58:55,219 [INFO] [MainThread] [root/service.py:41]: AudioInputService starting...
2026-07-11 06:58:55,253 [WARNING] [MainThread] [deprecation/deprecation.py:136]: [DEPRECATED] NotificationsConfig: 'container_padding' - Use CSS padding instead.
2026-07-11 06:58:55,273 [WARNING] [MainThread] [deprecation/deprecation.py:136]: [DEPRECATED] PowerMenuConfig: 'container_padding' - Use CSS padding instead.
2026-07-11 06:58:55,447 [INFO] [MainThread] [root/bar_manager.py:103]: Starting KomorebiEventListener...
2026-07-11 06:58:55,448 [INFO] [MainThread] [root/bar_manager.py:103]: Starting WindowsNotificationEventListener...
2026-07-11 06:58:55,448 [INFO] [MainThread] [root/bar_manager.py:103]: Starting SystemEventListener...
2026-07-11 06:58:55,448 [INFO] [Dummy-5] [root/event_listener.py:54]: Created named pipe yasb-4f3020ab-7cbb-11f1-9dd4-00e04f21bc50
2026-07-11 06:58:55,450 [INFO] [MainThread] [root/watcher.py:65]: Watching directory: c:\users\raven\.config\yasb
2026-07-11 06:58:55,450 [INFO] [MainThread] [root/watcher.py:104]: Created file watcher
2026-07-11 06:58:55,485 [INFO] [MainThread] [root/update_service.py:434]: Background update checker started
2026-07-11 06:58:55,547 [WARNING] [Dummy-5] [root/event_listener.py:134]: Komorebi failed to subscribe named pipe. Komorebi is not running, please start Komorebi.
2026-07-11 06:59:05,777 [INFO] [Dummy-5] [root/event_listener.py:147]: Komorebi connected to named pipe: yasb-4f3020ab-7cbb-11f1-9dd4-00e04f21bc50
2026-07-11 08:21:45,230 [ERROR] [MainThread] [root/base.py:126]: Failed to execute callback of type 'update_label' with args: []
Traceback (most recent call last):
  File "D:\a\yasb\yasb\src\core\widgets\base.py", line 124, in _run_callback
  File "D:\a\yasb\yasb\src\core\widgets\yasb\libre_monitor.py", line 206, in _update_label
TypeError: float() argument must be a string or a real number, not 'NoneType'
2026-07-11 09:49:58,238 [ERROR] [MainThread] [root/base.py:126]: Failed to execute callback of type 'update_label' with args: []
Traceback (most recent call last):
  File "D:\a\yasb\yasb\src\core\widgets\base.py", line 124, in _run_callback
  File "D:\a\yasb\yasb\src\core\widgets\yasb\libre_monitor.py", line 206, in _update_label
TypeError: float() argument must be a string or a real number, not 'NoneType'
2026-07-11 16:16:48,542 [ERROR] [MainThread] [root/base.py:126]: Failed to execute callback of type 'update_label' with args: []
Traceback (most recent call last):
  File "D:\a\yasb\yasb\src\core\widgets\base.py", line 124, in _run_callback
  File "D:\a\yasb\yasb\src\core\widgets\yasb\libre_monitor.py", line 206, in _update_label
TypeError: float() argument must be a string or a real number, not 'NoneType'
2026-07-11 17:52:39,326 [ERROR] [MainThread] [root/base.py:126]: Failed to execute callback of type 'update_label' with args: []
Traceback (most recent call last):
  File "D:\a\yasb\yasb\src\core\widgets\base.py", line 124, in _run_callback
  File "D:\a\yasb\yasb\src\core\widgets\yasb\libre_monitor.py", line 206, in _update_label
TypeError: float() argument must be a string or a real number, not 'NoneType'
2026-07-11 20:26:02,263 [ERROR] [MainThread] [root/base.py:126]: Failed to execute callback of type 'update_label' with args: []
Traceback (most recent call last):
  File "D:\a\yasb\yasb\src\core\widgets\base.py", line 124, in _run_callback
  File "D:\a\yasb\yasb\src\core\widgets\yasb\libre_monitor.py", line 206, in _update_label
TypeError: float() argument must be a string or a real number, not 'NoneType'
2026-07-11 22:51:38,325 [ERROR] [MainThread] [root/base.py:126]: Failed to execute callback of type 'update_label' with args: []
Traceback (most recent call last):
  File "D:\a\yasb\yasb\src\core\widgets\base.py", line 124, in _run_callback
  File "D:\a\yasb\yasb\src\core\widgets\yasb\libre_monitor.py", line 206, in _update_label
TypeError: float() argument must be a string or a real number, not 'NoneType'
2026-07-11 23:01:22,319 [ERROR] [MainThread] [root/base.py:126]: Failed to execute callback of type 'update_label' with args: []
Traceback (most recent call last):
  File "D:\a\yasb\yasb\src\core\widgets\base.py", line 124, in _run_callback
  File "D:\a\yasb\yasb\src\core\widgets\yasb\libre_monitor.py", line 206, in _update_label
TypeError: float() argument must be a string or a real number, not 'NoneType'
2026-07-11 23:11:48,337 [ERROR] [MainThread] [root/base.py:126]: Failed to execute callback of type 'update_label' with args: []
Traceback (most recent call last):
  File "D:\a\yasb\yasb\src\core\widgets\base.py", line 124, in _run_callback
  File "D:\a\yasb\yasb\src\core\widgets\yasb\libre_monitor.py", line 206, in _update_label
TypeError: float() argument must be a string or a real number, not 'NoneType'
2026-07-11 23:18:54,335 [ERROR] [MainThread] [root/base.py:126]: Failed to execute callback of type 'update_label' with args: []
Traceback (most recent call last):
  File "D:\a\yasb\yasb\src\core\widgets\base.py", line 124, in _run_callback
  File "D:\a\yasb\yasb\src\core\widgets\yasb\libre_monitor.py", line 206, in _update_label
TypeError: float() argument must be a string or a real number, not 'NoneType'
2026-07-11 23:31:40,334 [ERROR] [MainThread] [root/base.py:126]: Failed to execute callback of type 'update_label' with args: []
Traceback (most recent call last):
  File "D:\a\yasb\yasb\src\core\widgets\base.py", line 124, in _run_callback
  File "D:\a\yasb\yasb\src\core\widgets\yasb\libre_monitor.py", line 206, in _update_label
TypeError: float() argument must be a string or a real number, not 'NoneType'
2026-07-11 23:39:20,335 [ERROR] [MainThread] [root/base.py:126]: Failed to execute callback of type 'update_label' with args: []
Traceback (most recent call last):
  File "D:\a\yasb\yasb\src\core\widgets\base.py", line 124, in _run_callback
  File "D:\a\yasb\yasb\src\core\widgets\yasb\libre_monitor.py", line 206, in _update_label
TypeError: float() argument must be a string or a real number, not 'NoneType'
2026-07-12 00:13:02,337 [ERROR] [MainThread] [root/base.py:126]: Failed to execute callback of type 'update_label' with args: []
Traceback (most recent call last):
  File "D:\a\yasb\yasb\src\core\widgets\base.py", line 124, in _run_callback
  File "D:\a\yasb\yasb\src\core\widgets\yasb\libre_monitor.py", line 206, in _update_label
TypeError: float() argument must be a string or a real number, not 'NoneType'
2026-07-12 02:56:02,354 [ERROR] [MainThread] [root/base.py:126]: Failed to execute callback of type 'update_label' with args: []
Traceback (most recent call last):
  File "D:\a\yasb\yasb\src\core\widgets\base.py", line 124, in _run_callback
  File "D:\a\yasb\yasb\src\core\widgets\yasb\libre_monitor.py", line 206, in _update_label
TypeError: float() argument must be a string or a real number, not 'NoneType'
2026-07-12 05:58:02,354 [ERROR] [MainThread] [root/base.py:126]: Failed to execute callback of type 'update_label' with args: []
Traceback (most recent call last):
  File "D:\a\yasb\yasb\src\core\widgets\base.py", line 124, in _run_callback
  File "D:\a\yasb\yasb\src\core\widgets\yasb\libre_monitor.py", line 206, in _update_label
TypeError: float() argument must be a string or a real number, not 'NoneType'
2026-07-12 07:59:20,355 [ERROR] [MainThread] [root/base.py:126]: Failed to execute callback of type 'update_label' with args: []
Traceback (most recent call last):
  File "D:\a\yasb\yasb\src\core\widgets\base.py", line 124, in _run_callback
  File "D:\a\yasb\yasb\src\core\widgets\yasb\libre_monitor.py", line 206, in _update_label
TypeError: float() argument must be a string or a real number, not 'NoneType'
2026-07-12 10:51:02,354 [ERROR] [MainThread] [root/base.py:126]: Failed to execute callback of type 'update_label' with args: []
Traceback (most recent call last):
  File "D:\a\yasb\yasb\src\core\widgets\base.py", line 124, in _run_callback
  File "D:\a\yasb\yasb\src\core\widgets\yasb\libre_monitor.py", line 206, in _update_label
TypeError: float() argument must be a string or a real number, not 'NoneType'
2026-07-12 12:20:02,354 [ERROR] [MainThread] [root/base.py:126]: Failed to execute callback of type 'update_label' with args: []
Traceback (most recent call last):
  File "D:\a\yasb\yasb\src\core\widgets\base.py", line 124, in _run_callback
  File "D:\a\yasb\yasb\src\core\widgets\yasb\libre_monitor.py", line 206, in _update_label
TypeError: float() argument must be a string or a real number, not 'NoneType'
2026-07-12 15:14:02,354 [ERROR] [MainThread] [root/base.py:126]: Failed to execute callback of type 'update_label' with args: []
Traceback (most recent call last):
  File "D:\a\yasb\yasb\src\core\widgets\base.py", line 124, in _run_callback
  File "D:\a\yasb\yasb\src\core\widgets\yasb\libre_monitor.py", line 206, in _update_label
TypeError: float() argument must be a string or a real number, not 'NoneType'
2026-07-12 15:46:02,356 [ERROR] [MainThread] [root/base.py:126]: Failed to execute callback of type 'update_label' with args: []
Traceback (most recent call last):
  File "D:\a\yasb\yasb\src\core\widgets\base.py", line 124, in _run_callback
  File "D:\a\yasb\yasb\src\core\widgets\yasb\libre_monitor.py", line 206, in _update_label
TypeError: float() argument must be a string or a real number, not 'NoneType'
2026-07-12 16:25:02,354 [ERROR] [MainThread] [root/base.py:126]: Failed to execute callback of type 'update_label' with args: []
Traceback (most recent call last):
  File "D:\a\yasb\yasb\src\core\widgets\base.py", line 124, in _run_callback
  File "D:\a\yasb\yasb\src\core\widgets\yasb\libre_monitor.py", line 206, in _update_label
TypeError: float() argument must be a string or a real number, not 'NoneType'
2026-07-12 16:26:02,355 [ERROR] [MainThread] [root/base.py:126]: Failed to execute callback of type 'update_label' with args: []
Traceback (most recent call last):
  File "D:\a\yasb\yasb\src\core\widgets\base.py", line 124, in _run_callback
  File "D:\a\yasb\yasb\src\core\widgets\yasb\libre_monitor.py", line 206, in _update_label
TypeError: float() argument must be a string or a real number, not 'NoneType'
2026-07-12 19:48:34,367 [ERROR] [MainThread] [root/base.py:126]: Failed to execute callback of type 'update_label' with args: []
Traceback (most recent call last):
  File "D:\a\yasb\yasb\src\core\widgets\base.py", line 124, in _run_callback
  File "D:\a\yasb\yasb\src\core\widgets\yasb\libre_monitor.py", line 206, in _update_label
TypeError: float() argument must be a string or a real number, not 'NoneType'
2026-07-12 19:49:14,366 [ERROR] [MainThread] [root/base.py:126]: Failed to execute callback of type 'update_label' with args: []
Traceback (most recent call last):
  File "D:\a\yasb\yasb\src\core\widgets\base.py", line 124, in _run_callback
  File "D:\a\yasb\yasb\src\core\widgets\yasb\libre_monitor.py", line 206, in _update_label
TypeError: float() argument must be a string or a real number, not 'NoneType'
2026-07-12 19:49:24,366 [ERROR] [MainThread] [root/base.py:126]: Failed to execute callback of type 'update_label' with args: []
Traceback (most recent call last):
  File "D:\a\yasb\yasb\src\core\widgets\base.py", line 124, in _run_callback
  File "D:\a\yasb\yasb\src\core\widgets\yasb\libre_monitor.py", line 206, in _update_label
TypeError: float() argument must be a string or a real number, not 'NoneType'
2026-07-12 22:01:10,366 [ERROR] [MainThread] [root/base.py:126]: Failed to execute callback of type 'update_label' with args: []
Traceback (most recent call last):
  File "D:\a\yasb\yasb\src\core\widgets\base.py", line 124, in _run_callback
  File "D:\a\yasb\yasb\src\core\widgets\yasb\libre_monitor.py", line 206, in _update_label
TypeError: float() argument must be a string or a real number, not 'NoneType'
2026-07-12 22:43:54,367 [ERROR] [MainThread] [root/base.py:126]: Failed to execute callback of type 'update_label' with args: []
Traceback (most recent call last):
  File "D:\a\yasb\yasb\src\core\widgets\base.py", line 124, in _run_callback
  File "D:\a\yasb\yasb\src\core\widgets\yasb\libre_monitor.py", line 206, in _update_label
TypeError: float() argument must be a string or a real number, not 'NoneType'
2026-07-12 22:55:28,366 [ERROR] [MainThread] [root/base.py:126]: Failed to execute callback of type 'update_label' with args: []
Traceback (most recent call last):
  File "D:\a\yasb\yasb\src\core\widgets\base.py", line 124, in _run_callback
  File "D:\a\yasb\yasb\src\core\widgets\yasb\libre_monitor.py", line 206, in _update_label
TypeError: float() argument must be a string or a real number, not 'NoneType'
2026-07-13 00:48:12,366 [ERROR] [MainThread] [root/base.py:126]: Failed to execute callback of type 'update_label' with args: []
Traceback (most recent call last):
  File "D:\a\yasb\yasb\src\core\widgets\base.py", line 124, in _run_callback
  File "D:\a\yasb\yasb\src\core\widgets\yasb\libre_monitor.py", line 206, in _update_label
TypeError: float() argument must be a string or a real number, not 'NoneType'
2026-07-13 00:48:16,367 [ERROR] [MainThread] [root/base.py:126]: Failed to execute callback of type 'update_label' with args: []
Traceback (most recent call last):
  File "D:\a\yasb\yasb\src\core\widgets\base.py", line 124, in _run_callback
  File "D:\a\yasb\yasb\src\core\widgets\yasb\libre_monitor.py", line 206, in _update_label
TypeError: float() argument must be a string or a real number, not 'NoneType'
2026-07-13 01:00:06,367 [ERROR] [MainThread] [root/base.py:126]: Failed to execute callback of type 'update_label' with args: []
Traceback (most recent call last):
  File "D:\a\yasb\yasb\src\core\widgets\base.py", line 124, in _run_callback
  File "D:\a\yasb\yasb\src\core\widgets\yasb\libre_monitor.py", line 206, in _update_label
TypeError: float() argument must be a string or a real number, not 'NoneType'
2026-07-13 01:00:32,366 [ERROR] [MainThread] [root/base.py:126]: Failed to execute callback of type 'update_label' with args: []
Traceback (most recent call last):
  File "D:\a\yasb\yasb\src\core\widgets\base.py", line 124, in _run_callback
  File "D:\a\yasb\yasb\src\core\widgets\yasb\libre_monitor.py", line 206, in _update_label
TypeError: float() argument must be a string or a real number, not 'NoneType'
2026-07-13 11:04:02,367 [ERROR] [MainThread] [root/base.py:126]: Failed to execute callback of type 'update_label' with args: []
Traceback (most recent call last):
  File "D:\a\yasb\yasb\src\core\widgets\base.py", line 124, in _run_callback
  File "D:\a\yasb\yasb\src\core\widgets\yasb\libre_monitor.py", line 206, in _update_label
TypeError: float() argument must be a string or a real number, not 'NoneType'
2026-07-13 12:43:02,367 [ERROR] [MainThread] [root/base.py:126]: Failed to execute callback of type 'update_label' with args: []
Traceback (most recent call last):
  File "D:\a\yasb\yasb\src\core\widgets\base.py", line 124, in _run_callback
  File "D:\a\yasb\yasb\src\core\widgets\yasb\libre_monitor.py", line 206, in _update_label
TypeError: float() argument must be a string or a real number, not 'NoneType'
2026-07-13 15:15:32,017 [INFO] [MainThread] [root/bar_manager.py:97]: Screens updated. Re-initialising all bars.
2026-07-13 15:15:32,018 [INFO] [MainThread] [root/controller.py:21]: Reloading Application because of screen update.
2026-07-13 15:15:32,118 [INFO] [MainThread] [cli_server/cli_server.py:114]: Log pipe server stopped
2026-07-13 15:15:32,580 [INFO] [MainThread] [root/bar_manager.py:119]: Stopping KomorebiEventListener...
2026-07-13 15:15:32,591 [INFO] [MainThread] [root/bar_manager.py:119]: Stopping WindowsNotificationEventListener...
2026-07-13 15:15:32,602 [INFO] [MainThread] [root/bar_manager.py:119]: Stopping SystemEventListener...
2026-07-13 15:15:33,112 [INFO] [MainThread] [root/log.py:104]: YASB v2.0.5
2026-07-13 15:15:33,113 [INFO] [CLIPipeServer] [cli_server/cli_server.py:216]: CLI server started v1.1.7
2026-07-13 15:15:33,113 [INFO] [MainThread] [cli_server/cli_server.py:106]: Log pipe server started
2026-07-13 15:15:33,619 [WARNING] [MainThread] [deprecation/deprecation.py:136]: [DEPRECATED] BarAlignment: 'center' - Use 'align' instead.
2026-07-13 15:15:33,619 [WARNING] [MainThread] [deprecation/deprecation.py:136]: [DEPRECATED] BarBlurEffect: 'acrylic' - No longer supported and can be removed from the config.
2026-07-13 15:15:33,682 [WARNING] [MainThread] [deprecation/deprecation.py:136]: [DEPRECATED] GrouperWidgetConfig: 'container_padding' - Use CSS padding instead.
2026-07-13 15:15:33,746 [WARNING] [MainThread] [deprecation/deprecation.py:136]: [DEPRECATED] KomorebiWorkspacesConfig: 'animation' - Use CSS animations instead.
2026-07-13 15:15:33,748 [WARNING] [MainThread] [deprecation/deprecation.py:136]: [DEPRECATED] GrouperWidgetConfig: 'container_padding' - Use CSS padding instead.
2026-07-13 15:15:33,767 [WARNING] [MainThread] [deprecation/deprecation.py:136]: [DEPRECATED] GrouperWidgetConfig: 'container_padding' - Use CSS padding instead.
2026-07-13 15:15:34,268 [WARNING] [MainThread] [deprecation/deprecation.py:136]: [DEPRECATED] GrouperWidgetConfig: 'container_padding' - Use CSS padding instead.
2026-07-13 15:15:34,383 [WARNING] [MainThread] [deprecation/deprecation.py:136]: [DEPRECATED] OpenMeteoWidgetConfig: 'label_shadow' - Use CSS text-shadow instead.
2026-07-13 15:15:34,488 [WARNING] [MainThread] [deprecation/deprecation.py:136]: [DEPRECATED] GrouperWidgetConfig: 'container_padding' - Use CSS padding instead.
2026-07-13 15:15:34,530 [WARNING] [MainThread] [deprecation/deprecation.py:140]: [DEPRECATED] VolumeConfig: 'volume_icons' renamed to 'icons' - Use 'icons' with the dictionary format instead.
2026-07-13 15:15:34,531 [WARNING] [MainThread] [deprecation/deprecation.py:136]: [DEPRECATED] VolumeConfig: 'container_padding' - Use CSS padding instead.
2026-07-13 15:15:34,561 [INFO] [MainThread] [root/service.py:52]: AudioOutputService starting...
2026-07-13 15:15:34,631 [INFO] [MainThread] [root/service.py:41]: AudioInputService starting...
2026-07-13 15:15:34,665 [WARNING] [MainThread] [deprecation/deprecation.py:136]: [DEPRECATED] NotificationsConfig: 'container_padding' - Use CSS padding instead.
2026-07-13 15:15:34,684 [WARNING] [MainThread] [deprecation/deprecation.py:136]: [DEPRECATED] PowerMenuConfig: 'container_padding' - Use CSS padding instead.
2026-07-13 15:15:35,021 [INFO] [MainThread] [root/bar_manager.py:103]: Starting SystemEventListener...
2026-07-13 15:15:35,022 [INFO] [MainThread] [root/bar_manager.py:103]: Starting WindowsNotificationEventListener...
2026-07-13 15:15:35,022 [INFO] [MainThread] [root/bar_manager.py:103]: Starting KomorebiEventListener...
2026-07-13 15:15:35,024 [INFO] [MainThread] [root/watcher.py:65]: Watching directory: c:\users\raven\.config\yasb
2026-07-13 15:15:35,024 [INFO] [MainThread] [root/watcher.py:104]: Created file watcher
2026-07-13 15:15:35,449 [INFO] [Dummy-7] [root/event_listener.py:54]: Created named pipe yasb-05f1e1c7-7e93-11f1-ba35-00e04f21bc50
2026-07-13 15:15:35,478 [INFO] [MainThread] [root/update_service.py:434]: Background update checker started
2026-07-13 15:15:35,608 [INFO] [Dummy-7] [root/event_listener.py:147]: Komorebi connected to named pipe: yasb-05f1e1c7-7e93-11f1-ba35-00e04f21bc50
2026-07-13 16:12:02,382 [ERROR] [MainThread] [root/base.py:126]: Failed to execute callback of type 'update_label' with args: []
Traceback (most recent call last):
  File "D:\a\yasb\yasb\src\core\widgets\base.py", line 124, in _run_callback
  File "D:\a\yasb\yasb\src\core\widgets\yasb\libre_monitor.py", line 206, in _update_label
TypeError: float() argument must be a string or a real number, not 'NoneType'
2026-07-13 16:16:52,382 [ERROR] [MainThread] [root/base.py:126]: Failed to execute callback of type 'update_label' with args: []
Traceback (most recent call last):
  File "D:\a\yasb\yasb\src\core\widgets\base.py", line 124, in _run_callback
  File "D:\a\yasb\yasb\src\core\widgets\yasb\libre_monitor.py", line 206, in _update_label
TypeError: float() argument must be a string or a real number, not 'NoneType'
2026-07-13 17:19:24,382 [ERROR] [MainThread] [root/base.py:126]: Failed to execute callback of type 'update_label' with args: []
Traceback (most recent call last):
  File "D:\a\yasb\yasb\src\core\widgets\base.py", line 124, in _run_callback
  File "D:\a\yasb\yasb\src\core\widgets\yasb\libre_monitor.py", line 206, in _update_label
TypeError: float() argument must be a string or a real number, not 'NoneType'
2026-07-13 18:32:12,382 [ERROR] [MainThread] [root/base.py:126]: Failed to execute callback of type 'update_label' with args: []
Traceback (most recent call last):
  File "D:\a\yasb\yasb\src\core\widgets\base.py", line 124, in _run_callback
  File "D:\a\yasb\yasb\src\core\widgets\yasb\libre_monitor.py", line 206, in _update_label
TypeError: float() argument must be a string or a real number, not 'NoneType'
2026-07-13 19:12:32,385 [ERROR] [MainThread] [root/base.py:126]: Failed to execute callback of type 'update_label' with args: []
Traceback (most recent call last):
  File "D:\a\yasb\yasb\src\core\widgets\base.py", line 124, in _run_callback
  File "D:\a\yasb\yasb\src\core\widgets\yasb\libre_monitor.py", line 206, in _update_label
TypeError: float() argument must be a string or a real number, not 'NoneType'
2026-07-13 19:12:40,381 [ERROR] [MainThread] [root/base.py:126]: Failed to execute callback of type 'update_label' with args: []
Traceback (most recent call last):
  File "D:\a\yasb\yasb\src\core\widgets\base.py", line 124, in _run_callback
  File "D:\a\yasb\yasb\src\core\widgets\yasb\libre_monitor.py", line 206, in _update_label
TypeError: float() argument must be a string or a real number, not 'NoneType'
2026-07-13 19:13:04,382 [ERROR] [MainThread] [root/base.py:126]: Failed to execute callback of type 'update_label' with args: []
Traceback (most recent call last):
  File "D:\a\yasb\yasb\src\core\widgets\base.py", line 124, in _run_callback
  File "D:\a\yasb\yasb\src\core\widgets\yasb\libre_monitor.py", line 206, in _update_label
TypeError: float() argument must be a string or a real number, not 'NoneType'
2026-07-13 19:13:14,385 [ERROR] [MainThread] [root/base.py:126]: Failed to execute callback of type 'update_label' with args: []
Traceback (most recent call last):
  File "D:\a\yasb\yasb\src\core\widgets\base.py", line 124, in _run_callback
  File "D:\a\yasb\yasb\src\core\widgets\yasb\libre_monitor.py", line 206, in _update_label
TypeError: float() argument must be a string or a real number, not 'NoneType'
2026-07-13 19:13:20,383 [ERROR] [MainThread] [root/base.py:126]: Failed to execute callback of type 'update_label' with args: []
Traceback (most recent call last):
  File "D:\a\yasb\yasb\src\core\widgets\base.py", line 124, in _run_callback
  File "D:\a\yasb\yasb\src\core\widgets\yasb\libre_monitor.py", line 206, in _update_label
TypeError: float() argument must be a string or a real number, not 'NoneType'
2026-07-13 19:13:28,383 [ERROR] [MainThread] [root/base.py:126]: Failed to execute callback of type 'update_label' with args: []
Traceback (most recent call last):
  File "D:\a\yasb\yasb\src\core\widgets\base.py", line 124, in _run_callback
  File "D:\a\yasb\yasb\src\core\widgets\yasb\libre_monitor.py", line 206, in _update_label
TypeError: float() argument must be a string or a real number, not 'NoneType'
2026-07-13 19:13:30,382 [ERROR] [MainThread] [root/base.py:126]: Failed to execute callback of type 'update_label' with args: []
Traceback (most recent call last):
  File "D:\a\yasb\yasb\src\core\widgets\base.py", line 124, in _run_callback
  File "D:\a\yasb\yasb\src\core\widgets\yasb\libre_monitor.py", line 206, in _update_label
TypeError: float() argument must be a string or a real number, not 'NoneType'
2026-07-13 19:14:06,383 [ERROR] [MainThread] [root/base.py:126]: Failed to execute callback of type 'update_label' with args: []
Traceback (most recent call last):
  File "D:\a\yasb\yasb\src\core\widgets\base.py", line 124, in _run_callback
  File "D:\a\yasb\yasb\src\core\widgets\yasb\libre_monitor.py", line 206, in _update_label
TypeError: float() argument must be a string or a real number, not 'NoneType'
2026-07-13 19:14:12,382 [ERROR] [MainThread] [root/base.py:126]: Failed to execute callback of type 'update_label' with args: []
Traceback (most recent call last):
  File "D:\a\yasb\yasb\src\core\widgets\base.py", line 124, in _run_callback
  File "D:\a\yasb\yasb\src\core\widgets\yasb\libre_monitor.py", line 206, in _update_label
TypeError: float() argument must be a string or a real number, not 'NoneType'
2026-07-13 19:14:42,382 [ERROR] [MainThread] [root/base.py:126]: Failed to execute callback of type 'update_label' with args: []
Traceback (most recent call last):
  File "D:\a\yasb\yasb\src\core\widgets\base.py", line 124, in _run_callback
  File "D:\a\yasb\yasb\src\core\widgets\yasb\libre_monitor.py", line 206, in _update_label
TypeError: float() argument must be a string or a real number, not 'NoneType'
2026-07-13 19:14:52,383 [ERROR] [MainThread] [root/base.py:126]: Failed to execute callback of type 'update_label' with args: []
Traceback (most recent call last):
  File "D:\a\yasb\yasb\src\core\widgets\base.py", line 124, in _run_callback
  File "D:\a\yasb\yasb\src\core\widgets\yasb\libre_monitor.py", line 206, in _update_label
TypeError: float() argument must be a string or a real number, not 'NoneType'
2026-07-13 19:15:32,384 [ERROR] [MainThread] [root/base.py:126]: Failed to execute callback of type 'update_label' with args: []
Traceback (most recent call last):
  File "D:\a\yasb\yasb\src\core\widgets\base.py", line 124, in _run_callback
  File "D:\a\yasb\yasb\src\core\widgets\yasb\libre_monitor.py", line 206, in _update_label
TypeError: float() argument must be a string or a real number, not 'NoneType'
2026-07-13 19:15:36,387 [ERROR] [MainThread] [root/base.py:126]: Failed to execute callback of type 'update_label' with args: []
Traceback (most recent call last):
  File "D:\a\yasb\yasb\src\core\widgets\base.py", line 124, in _run_callback
  File "D:\a\yasb\yasb\src\core\widgets\yasb\libre_monitor.py", line 206, in _update_label
TypeError: float() argument must be a string or a real number, not 'NoneType'
2026-07-13 19:15:38,382 [ERROR] [MainThread] [root/base.py:126]: Failed to execute callback of type 'update_label' with args: []
Traceback (most recent call last):
  File "D:\a\yasb\yasb\src\core\widgets\base.py", line 124, in _run_callback
  File "D:\a\yasb\yasb\src\core\widgets\yasb\libre_monitor.py", line 206, in _update_label
TypeError: float() argument must be a string or a real number, not 'NoneType'
2026-07-13 19:15:52,382 [ERROR] [MainThread] [root/base.py:126]: Failed to execute callback of type 'update_label' with args: []
Traceback (most recent call last):
  File "D:\a\yasb\yasb\src\core\widgets\base.py", line 124, in _run_callback
  File "D:\a\yasb\yasb\src\core\widgets\yasb\libre_monitor.py", line 206, in _update_label
TypeError: float() argument must be a string or a real number, not 'NoneType'
2026-07-13 19:15:56,382 [ERROR] [MainThread] [root/base.py:126]: Failed to execute callback of type 'update_label' with args: []
Traceback (most recent call last):
  File "D:\a\yasb\yasb\src\core\widgets\base.py", line 124, in _run_callback
  File "D:\a\yasb\yasb\src\core\widgets\yasb\libre_monitor.py", line 206, in _update_label
TypeError: float() argument must be a string or a real number, not 'NoneType'
2026-07-13 19:16:20,381 [ERROR] [MainThread] [root/base.py:126]: Failed to execute callback of type 'update_label' with args: []
Traceback (most recent call last):
  File "D:\a\yasb\yasb\src\core\widgets\base.py", line 124, in _run_callback
  File "D:\a\yasb\yasb\src\core\widgets\yasb\libre_monitor.py", line 206, in _update_label
TypeError: float() argument must be a string or a real number, not 'NoneType'
2026-07-13 19:16:22,382 [ERROR] [MainThread] [root/base.py:126]: Failed to execute callback of type 'update_label' with args: []
Traceback (most recent call last):
  File "D:\a\yasb\yasb\src\core\widgets\base.py", line 124, in _run_callback
  File "D:\a\yasb\yasb\src\core\widgets\yasb\libre_monitor.py", line 206, in _update_label
TypeError: float() argument must be a string or a real number, not 'NoneType'
2026-07-13 19:16:24,381 [ERROR] [MainThread] [root/base.py:126]: Failed to execute callback of type 'update_label' with args: []
Traceback (most recent call last):
  File "D:\a\yasb\yasb\src\core\widgets\base.py", line 124, in _run_callback
  File "D:\a\yasb\yasb\src\core\widgets\yasb\libre_monitor.py", line 206, in _update_label
TypeError: float() argument must be a string or a real number, not 'NoneType'
2026-07-13 19:16:28,382 [ERROR] [MainThread] [root/base.py:126]: Failed to execute callback of type 'update_label' with args: []
Traceback (most recent call last):
  File "D:\a\yasb\yasb\src\core\widgets\base.py", line 124, in _run_callback
  File "D:\a\yasb\yasb\src\core\widgets\yasb\libre_monitor.py", line 206, in _update_label
TypeError: float() argument must be a string or a real number, not 'NoneType'
2026-07-13 19:16:58,383 [ERROR] [MainThread] [root/base.py:126]: Failed to execute callback of type 'update_label' with args: []
Traceback (most recent call last):
  File "D:\a\yasb\yasb\src\core\widgets\base.py", line 124, in _run_callback
  File "D:\a\yasb\yasb\src\core\widgets\yasb\libre_monitor.py", line 206, in _update_label
TypeError: float() argument must be a string or a real number, not 'NoneType'
2026-07-13 19:17:16,383 [ERROR] [MainThread] [root/base.py:126]: Failed to execute callback of type 'update_label' with args: []
Traceback (most recent call last):
  File "D:\a\yasb\yasb\src\core\widgets\base.py", line 124, in _run_callback
  File "D:\a\yasb\yasb\src\core\widgets\yasb\libre_monitor.py", line 206, in _update_label
TypeError: float() argument must be a string or a real number, not 'NoneType'
2026-07-13 19:17:40,382 [ERROR] [MainThread] [root/base.py:126]: Failed to execute callback of type 'update_label' with args: []
Traceback (most recent call last):
  File "D:\a\yasb\yasb\src\core\widgets\base.py", line 124, in _run_callback
  File "D:\a\yasb\yasb\src\core\widgets\yasb\libre_monitor.py", line 206, in _update_label
TypeError: float() argument must be a string or a real number, not 'NoneType'
2026-07-13 19:17:54,383 [ERROR] [MainThread] [root/base.py:126]: Failed to execute callback of type 'update_label' with args: []
Traceback (most recent call last):
  File "D:\a\yasb\yasb\src\core\widgets\base.py", line 124, in _run_callback
  File "D:\a\yasb\yasb\src\core\widgets\yasb\libre_monitor.py", line 206, in _update_label
TypeError: float() argument must be a string or a real number, not 'NoneType'
2026-07-13 19:19:20,382 [ERROR] [MainThread] [root/base.py:126]: Failed to execute callback of type 'update_label' with args: []
Traceback (most recent call last):
  File "D:\a\yasb\yasb\src\core\widgets\base.py", line 124, in _run_callback
  File "D:\a\yasb\yasb\src\core\widgets\yasb\libre_monitor.py", line 206, in _update_label
TypeError: float() argument must be a string or a real number, not 'NoneType'
2026-07-13 19:19:22,382 [ERROR] [MainThread] [root/base.py:126]: Failed to execute callback of type 'update_label' with args: []
Traceback (most recent call last):
  File "D:\a\yasb\yasb\src\core\widgets\base.py", line 124, in _run_callback
  File "D:\a\yasb\yasb\src\core\widgets\yasb\libre_monitor.py", line 206, in _update_label
TypeError: float() argument must be a string or a real number, not 'NoneType'
2026-07-13 19:19:28,383 [ERROR] [MainThread] [root/base.py:126]: Failed to execute callback of type 'update_label' with args: []
Traceback (most recent call last):
  File "D:\a\yasb\yasb\src\core\widgets\base.py", line 124, in _run_callback
  File "D:\a\yasb\yasb\src\core\widgets\yasb\libre_monitor.py", line 206, in _update_label
TypeError: float() argument must be a string or a real number, not 'NoneType'
2026-07-13 19:20:10,382 [ERROR] [MainThread] [root/base.py:126]: Failed to execute callback of type 'update_label' with args: []
Traceback (most recent call last):
  File "D:\a\yasb\yasb\src\core\widgets\base.py", line 124, in _run_callback
  File "D:\a\yasb\yasb\src\core\widgets\yasb\libre_monitor.py", line 206, in _update_label
TypeError: float() argument must be a string or a real number, not 'NoneType'
2026-07-13 19:20:16,382 [ERROR] [MainThread] [root/base.py:126]: Failed to execute callback of type 'update_label' with args: []
Traceback (most recent call last):
  File "D:\a\yasb\yasb\src\core\widgets\base.py", line 124, in _run_callback
  File "D:\a\yasb\yasb\src\core\widgets\yasb\libre_monitor.py", line 206, in _update_label
TypeError: float() argument must be a string or a real number, not 'NoneType'
2026-07-13 19:20:22,382 [ERROR] [MainThread] [root/base.py:126]: Failed to execute callback of type 'update_label' with args: []
Traceback (most recent call last):
  File "D:\a\yasb\yasb\src\core\widgets\base.py", line 124, in _run_callback
  File "D:\a\yasb\yasb\src\core\widgets\yasb\libre_monitor.py", line 206, in _update_label
TypeError: float() argument must be a string or a real number, not 'NoneType'
2026-07-13 19:22:00,382 [ERROR] [MainThread] [root/base.py:126]: Failed to execute callback of type 'update_label' with args: []
Traceback (most recent call last):
  File "D:\a\yasb\yasb\src\core\widgets\base.py", line 124, in _run_callback
  File "D:\a\yasb\yasb\src\core\widgets\yasb\libre_monitor.py", line 206, in _update_label
TypeError: float() argument must be a string or a real number, not 'NoneType'
2026-07-13 19:22:06,382 [ERROR] [MainThread] [root/base.py:126]: Failed to execute callback of type 'update_label' with args: []
Traceback (most recent call last):
  File "D:\a\yasb\yasb\src\core\widgets\base.py", line 124, in _run_callback
  File "D:\a\yasb\yasb\src\core\widgets\yasb\libre_monitor.py", line 206, in _update_label
TypeError: float() argument must be a string or a real number, not 'NoneType'
2026-07-13 19:22:22,382 [ERROR] [MainThread] [root/base.py:126]: Failed to execute callback of type 'update_label' with args: []
Traceback (most recent call last):
  File "D:\a\yasb\yasb\src\core\widgets\base.py", line 124, in _run_callback
  File "D:\a\yasb\yasb\src\core\widgets\yasb\libre_monitor.py", line 206, in _update_label
TypeError: float() argument must be a string or a real number, not 'NoneType'
2026-07-13 19:22:26,385 [ERROR] [MainThread] [root/base.py:126]: Failed to execute callback of type 'update_label' with args: []
Traceback (most recent call last):
  File "D:\a\yasb\yasb\src\core\widgets\base.py", line 124, in _run_callback
  File "D:\a\yasb\yasb\src\core\widgets\yasb\libre_monitor.py", line 206, in _update_label
TypeError: float() argument must be a string or a real number, not 'NoneType'
2026-07-13 19:22:28,384 [ERROR] [MainThread] [root/base.py:126]: Failed to execute callback of type 'update_label' with args: []
Traceback (most recent call last):
  File "D:\a\yasb\yasb\src\core\widgets\base.py", line 124, in _run_callback
  File "D:\a\yasb\yasb\src\core\widgets\yasb\libre_monitor.py", line 206, in _update_label
TypeError: float() argument must be a string or a real number, not 'NoneType'
2026-07-13 19:22:32,383 [ERROR] [MainThread] [root/base.py:126]: Failed to execute callback of type 'update_label' with args: []
Traceback (most recent call last):
  File "D:\a\yasb\yasb\src\core\widgets\base.py", line 124, in _run_callback
  File "D:\a\yasb\yasb\src\core\widgets\yasb\libre_monitor.py", line 206, in _update_label
TypeError: float() argument must be a string or a real number, not 'NoneType'
2026-07-13 19:23:00,382 [ERROR] [MainThread] [root/base.py:126]: Failed to execute callback of type 'update_label' with args: []
Traceback (most recent call last):
  File "D:\a\yasb\yasb\src\core\widgets\base.py", line 124, in _run_callback
  File "D:\a\yasb\yasb\src\core\widgets\yasb\libre_monitor.py", line 206, in _update_label
TypeError: float() argument must be a string or a real number, not 'NoneType'
2026-07-13 19:23:32,382 [ERROR] [MainThread] [root/base.py:126]: Failed to execute callback of type 'update_label' with args: []
Traceback (most recent call last):
  File "D:\a\yasb\yasb\src\core\widgets\base.py", line 124, in _run_callback
  File "D:\a\yasb\yasb\src\core\widgets\yasb\libre_monitor.py", line 206, in _update_label
TypeError: float() argument must be a string or a real number, not 'NoneType'
2026-07-13 19:23:34,382 [ERROR] [MainThread] [root/base.py:126]: Failed to execute callback of type 'update_label' with args: []
Traceback (most recent call last):
  File "D:\a\yasb\yasb\src\core\widgets\base.py", line 124, in _run_callback
  File "D:\a\yasb\yasb\src\core\widgets\yasb\libre_monitor.py", line 206, in _update_label
TypeError: float() argument must be a string or a real number, not 'NoneType'
2026-07-13 19:23:36,383 [ERROR] [MainThread] [root/base.py:126]: Failed to execute callback of type 'update_label' with args: []
Traceback (most recent call last):
  File "D:\a\yasb\yasb\src\core\widgets\base.py", line 124, in _run_callback
  File "D:\a\yasb\yasb\src\core\widgets\yasb\libre_monitor.py", line 206, in _update_label
TypeError: float() argument must be a string or a real number, not 'NoneType'
2026-07-13 19:24:04,382 [ERROR] [MainThread] [root/base.py:126]: Failed to execute callback of type 'update_label' with args: []
Traceback (most recent call last):
  File "D:\a\yasb\yasb\src\core\widgets\base.py", line 124, in _run_callback
  File "D:\a\yasb\yasb\src\core\widgets\yasb\libre_monitor.py", line 206, in _update_label
TypeError: float() argument must be a string or a real number, not 'NoneType'
2026-07-13 19:24:32,382 [ERROR] [MainThread] [root/base.py:126]: Failed to execute callback of type 'update_label' with args: []
Traceback (most recent call last):
  File "D:\a\yasb\yasb\src\core\widgets\base.py", line 124, in _run_callback
  File "D:\a\yasb\yasb\src\core\widgets\yasb\libre_monitor.py", line 206, in _update_label
TypeError: float() argument must be a string or a real number, not 'NoneType'
2026-07-13 19:24:42,387 [ERROR] [MainThread] [root/base.py:126]: Failed to execute callback of type 'update_label' with args: []
Traceback (most recent call last):
  File "D:\a\yasb\yasb\src\core\widgets\base.py", line 124, in _run_callback
  File "D:\a\yasb\yasb\src\core\widgets\yasb\libre_monitor.py", line 206, in _update_label
TypeError: float() argument must be a string or a real number, not 'NoneType'
2026-07-13 19:24:48,382 [ERROR] [MainThread] [root/base.py:126]: Failed to execute callback of type 'update_label' with args: []
Traceback (most recent call last):
  File "D:\a\yasb\yasb\src\core\widgets\base.py", line 124, in _run_callback
  File "D:\a\yasb\yasb\src\core\widgets\yasb\libre_monitor.py", line 206, in _update_label
TypeError: float() argument must be a string or a real number, not 'NoneType'
2026-07-13 19:24:50,382 [ERROR] [MainThread] [root/base.py:126]: Failed to execute callback of type 'update_label' with args: []
Traceback (most recent call last):
  File "D:\a\yasb\yasb\src\core\widgets\base.py", line 124, in _run_callback
  File "D:\a\yasb\yasb\src\core\widgets\yasb\libre_monitor.py", line 206, in _update_label
TypeError: float() argument must be a string or a real number, not 'NoneType'
2026-07-13 19:24:52,383 [ERROR] [MainThread] [root/base.py:126]: Failed to execute callback of type 'update_label' with args: []
Traceback (most recent call last):
  File "D:\a\yasb\yasb\src\core\widgets\base.py", line 124, in _run_callback
  File "D:\a\yasb\yasb\src\core\widgets\yasb\libre_monitor.py", line 206, in _update_label
TypeError: float() argument must be a string or a real number, not 'NoneType'
2026-07-13 19:25:06,383 [ERROR] [MainThread] [root/base.py:126]: Failed to execute callback of type 'update_label' with args: []
Traceback (most recent call last):
  File "D:\a\yasb\yasb\src\core\widgets\base.py", line 124, in _run_callback
  File "D:\a\yasb\yasb\src\core\widgets\yasb\libre_monitor.py", line 206, in _update_label
TypeError: float() argument must be a string or a real number, not 'NoneType'
2026-07-13 19:25:10,382 [ERROR] [MainThread] [root/base.py:126]: Failed to execute callback of type 'update_label' with args: []
Traceback (most recent call last):
  File "D:\a\yasb\yasb\src\core\widgets\base.py", line 124, in _run_callback
  File "D:\a\yasb\yasb\src\core\widgets\yasb\libre_monitor.py", line 206, in _update_label
TypeError: float() argument must be a string or a real number, not 'NoneType'
2026-07-13 19:25:36,381 [ERROR] [MainThread] [root/base.py:126]: Failed to execute callback of type 'update_label' with args: []
Traceback (most recent call last):
  File "D:\a\yasb\yasb\src\core\widgets\base.py", line 124, in _run_callback
  File "D:\a\yasb\yasb\src\core\widgets\yasb\libre_monitor.py", line 206, in _update_label
TypeError: float() argument must be a string or a real number, not 'NoneType'
2026-07-13 19:25:44,382 [ERROR] [MainThread] [root/base.py:126]: Failed to execute callback of type 'update_label' with args: []
Traceback (most recent call last):
  File "D:\a\yasb\yasb\src\core\widgets\base.py", line 124, in _run_callback
  File "D:\a\yasb\yasb\src\core\widgets\yasb\libre_monitor.py", line 206, in _update_label
TypeError: float() argument must be a string or a real number, not 'NoneType'
2026-07-13 19:25:46,382 [ERROR] [MainThread] [root/base.py:126]: Failed to execute callback of type 'update_label' with args: []
Traceback (most recent call last):
  File "D:\a\yasb\yasb\src\core\widgets\base.py", line 124, in _run_callback
  File "D:\a\yasb\yasb\src\core\widgets\yasb\libre_monitor.py", line 206, in _update_label
TypeError: float() argument must be a string or a real number, not 'NoneType'
2026-07-13 19:25:50,383 [ERROR] [MainThread] [root/base.py:126]: Failed to execute callback of type 'update_label' with args: []
Traceback (most recent call last):
  File "D:\a\yasb\yasb\src\core\widgets\base.py", line 124, in _run_callback
  File "D:\a\yasb\yasb\src\core\widgets\yasb\libre_monitor.py", line 206, in _update_label
TypeError: float() argument must be a string or a real number, not 'NoneType'
2026-07-13 19:26:26,382 [ERROR] [MainThread] [root/base.py:126]: Failed to execute callback of type 'update_label' with args: []
Traceback (most recent call last):
  File "D:\a\yasb\yasb\src\core\widgets\base.py", line 124, in _run_callback
  File "D:\a\yasb\yasb\src\core\widgets\yasb\libre_monitor.py", line 206, in _update_label
TypeError: float() argument must be a string or a real number, not 'NoneType'
2026-07-13 19:26:40,383 [ERROR] [MainThread] [root/base.py:126]: Failed to execute callback of type 'update_label' with args: []
Traceback (most recent call last):
  File "D:\a\yasb\yasb\src\core\widgets\base.py", line 124, in _run_callback
  File "D:\a\yasb\yasb\src\core\widgets\yasb\libre_monitor.py", line 206, in _update_label
TypeError: float() argument must be a string or a real number, not 'NoneType'
2026-07-13 19:26:56,382 [ERROR] [MainThread] [root/base.py:126]: Failed to execute callback of type 'update_label' with args: []
Traceback (most recent call last):
  File "D:\a\yasb\yasb\src\core\widgets\base.py", line 124, in _run_callback
  File "D:\a\yasb\yasb\src\core\widgets\yasb\libre_monitor.py", line 206, in _update_label
TypeError: float() argument must be a string or a real number, not 'NoneType'
2026-07-13 19:27:38,383 [ERROR] [MainThread] [root/base.py:126]: Failed to execute callback of type 'update_label' with args: []
Traceback (most recent call last):
  File "D:\a\yasb\yasb\src\core\widgets\base.py", line 124, in _run_callback
  File "D:\a\yasb\yasb\src\core\widgets\yasb\libre_monitor.py", line 206, in _update_label
TypeError: float() argument must be a string or a real number, not 'NoneType'
2026-07-13 19:27:42,381 [ERROR] [MainThread] [root/base.py:126]: Failed to execute callback of type 'update_label' with args: []
Traceback (most recent call last):
  File "D:\a\yasb\yasb\src\core\widgets\base.py", line 124, in _run_callback
  File "D:\a\yasb\yasb\src\core\widgets\yasb\libre_monitor.py", line 206, in _update_label
TypeError: float() argument must be a string or a real number, not 'NoneType'
2026-07-13 19:27:58,382 [ERROR] [MainThread] [root/base.py:126]: Failed to execute callback of type 'update_label' with args: []
Traceback (most recent call last):
  File "D:\a\yasb\yasb\src\core\widgets\base.py", line 124, in _run_callback
  File "D:\a\yasb\yasb\src\core\widgets\yasb\libre_monitor.py", line 206, in _update_label
TypeError: float() argument must be a string or a real number, not 'NoneType'
2026-07-13 19:28:16,382 [ERROR] [MainThread] [root/base.py:126]: Failed to execute callback of type 'update_label' with args: []
Traceback (most recent call last):
  File "D:\a\yasb\yasb\src\core\widgets\base.py", line 124, in _run_callback
  File "D:\a\yasb\yasb\src\core\widgets\yasb\libre_monitor.py", line 206, in _update_label
TypeError: float() argument must be a string or a real number, not 'NoneType'
2026-07-13 19:29:00,381 [ERROR] [MainThread] [root/base.py:126]: Failed to execute callback of type 'update_label' with args: []
Traceback (most recent call last):
  File "D:\a\yasb\yasb\src\core\widgets\base.py", line 124, in _run_callback
  File "D:\a\yasb\yasb\src\core\widgets\yasb\libre_monitor.py", line 206, in _update_label
TypeError: float() argument must be a string or a real number, not 'NoneType'
2026-07-13 19:29:06,381 [ERROR] [MainThread] [root/base.py:126]: Failed to execute callback of type 'update_label' with args: []
Traceback (most recent call last):
  File "D:\a\yasb\yasb\src\core\widgets\base.py", line 124, in _run_callback
  File "D:\a\yasb\yasb\src\core\widgets\yasb\libre_monitor.py", line 206, in _update_label
TypeError: float() argument must be a string or a real number, not 'NoneType'
2026-07-13 19:29:08,383 [ERROR] [MainThread] [root/base.py:126]: Failed to execute callback of type 'update_label' with args: []
Traceback (most recent call last):
  File "D:\a\yasb\yasb\src\core\widgets\base.py", line 124, in _run_callback
  File "D:\a\yasb\yasb\src\core\widgets\yasb\libre_monitor.py", line 206, in _update_label
TypeError: float() argument must be a string or a real number, not 'NoneType'
2026-07-13 19:29:10,382 [ERROR] [MainThread] [root/base.py:126]: Failed to execute callback of type 'update_label' with args: []
Traceback (most recent call last):
  File "D:\a\yasb\yasb\src\core\widgets\base.py", line 124, in _run_callback
  File "D:\a\yasb\yasb\src\core\widgets\yasb\libre_monitor.py", line 206, in _update_label
TypeError: float() argument must be a string or a real number, not 'NoneType'
2026-07-13 19:29:32,382 [ERROR] [MainThread] [root/base.py:126]: Failed to execute callback of type 'update_label' with args: []
Traceback (most recent call last):
  File "D:\a\yasb\yasb\src\core\widgets\base.py", line 124, in _run_callback
  File "D:\a\yasb\yasb\src\core\widgets\yasb\libre_monitor.py", line 206, in _update_label
TypeError: float() argument must be a string or a real number, not 'NoneType'
2026-07-13 19:29:58,383 [ERROR] [MainThread] [root/base.py:126]: Failed to execute callback of type 'update_label' with args: []
Traceback (most recent call last):
  File "D:\a\yasb\yasb\src\core\widgets\base.py", line 124, in _run_callback
  File "D:\a\yasb\yasb\src\core\widgets\yasb\libre_monitor.py", line 206, in _update_label
TypeError: float() argument must be a string or a real number, not 'NoneType'
2026-07-13 19:30:18,381 [ERROR] [MainThread] [root/base.py:126]: Failed to execute callback of type 'update_label' with args: []
Traceback (most recent call last):
  File "D:\a\yasb\yasb\src\core\widgets\base.py", line 124, in _run_callback
  File "D:\a\yasb\yasb\src\core\widgets\yasb\libre_monitor.py", line 206, in _update_label
TypeError: float() argument must be a string or a real number, not 'NoneType'
2026-07-13 19:30:26,382 [ERROR] [MainThread] [root/base.py:126]: Failed to execute callback of type 'update_label' with args: []
Traceback (most recent call last):
  File "D:\a\yasb\yasb\src\core\widgets\base.py", line 124, in _run_callback
  File "D:\a\yasb\yasb\src\core\widgets\yasb\libre_monitor.py", line 206, in _update_label
TypeError: float() argument must be a string or a real number, not 'NoneType'
2026-07-13 19:30:46,382 [ERROR] [MainThread] [root/base.py:126]: Failed to execute callback of type 'update_label' with args: []
Traceback (most recent call last):
  File "D:\a\yasb\yasb\src\core\widgets\base.py", line 124, in _run_callback
  File "D:\a\yasb\yasb\src\core\widgets\yasb\libre_monitor.py", line 206, in _update_label
TypeError: float() argument must be a string or a real number, not 'NoneType'
2026-07-13 19:31:00,383 [ERROR] [MainThread] [root/base.py:126]: Failed to execute callback of type 'update_label' with args: []
Traceback (most recent call last):
  File "D:\a\yasb\yasb\src\core\widgets\base.py", line 124, in _run_callback
  File "D:\a\yasb\yasb\src\core\widgets\yasb\libre_monitor.py", line 206, in _update_label
TypeError: float() argument must be a string or a real number, not 'NoneType'
2026-07-13 19:31:08,382 [ERROR] [MainThread] [root/base.py:126]: Failed to execute callback of type 'update_label' with args: []
Traceback (most recent call last):
  File "D:\a\yasb\yasb\src\core\widgets\base.py", line 124, in _run_callback
  File "D:\a\yasb\yasb\src\core\widgets\yasb\libre_monitor.py", line 206, in _update_label
TypeError: float() argument must be a string or a real number, not 'NoneType'
2026-07-13 19:31:10,381 [ERROR] [MainThread] [root/base.py:126]: Failed to execute callback of type 'update_label' with args: []
Traceback (most recent call last):
  File "D:\a\yasb\yasb\src\core\widgets\base.py", line 124, in _run_callback
  File "D:\a\yasb\yasb\src\core\widgets\yasb\libre_monitor.py", line 206, in _update_label
TypeError: float() argument must be a string or a real number, not 'NoneType'
2026-07-13 19:31:26,381 [ERROR] [MainThread] [root/base.py:126]: Failed to execute callback of type 'update_label' with args: []
Traceback (most recent call last):
  File "D:\a\yasb\yasb\src\core\widgets\base.py", line 124, in _run_callback
  File "D:\a\yasb\yasb\src\core\widgets\yasb\libre_monitor.py", line 206, in _update_label
TypeError: float() argument must be a string or a real number, not 'NoneType'
2026-07-13 19:31:48,381 [ERROR] [MainThread] [root/base.py:126]: Failed to execute callback of type 'update_label' with args: []
Traceback (most recent call last):
  File "D:\a\yasb\yasb\src\core\widgets\base.py", line 124, in _run_callback
  File "D:\a\yasb\yasb\src\core\widgets\yasb\libre_monitor.py", line 206, in _update_label
TypeError: float() argument must be a string or a real number, not 'NoneType'
2026-07-13 19:31:52,383 [ERROR] [MainThread] [root/base.py:126]: Failed to execute callback of type 'update_label' with args: []
Traceback (most recent call last):
  File "D:\a\yasb\yasb\src\core\widgets\base.py", line 124, in _run_callback
  File "D:\a\yasb\yasb\src\core\widgets\yasb\libre_monitor.py", line 206, in _update_label
TypeError: float() argument must be a string or a real number, not 'NoneType'
2026-07-13 19:31:54,382 [ERROR] [MainThread] [root/base.py:126]: Failed to execute callback of type 'update_label' with args: []
Traceback (most recent call last):
  File "D:\a\yasb\yasb\src\core\widgets\base.py", line 124, in _run_callback
  File "D:\a\yasb\yasb\src\core\widgets\yasb\libre_monitor.py", line 206, in _update_label
TypeError: float() argument must be a string or a real number, not 'NoneType'
2026-07-13 19:32:30,381 [ERROR] [MainThread] [root/base.py:126]: Failed to execute callback of type 'update_label' with args: []
Traceback (most recent call last):
  File "D:\a\yasb\yasb\src\core\widgets\base.py", line 124, in _run_callback
  File "D:\a\yasb\yasb\src\core\widgets\yasb\libre_monitor.py", line 206, in _update_label
TypeError: float() argument must be a string or a real number, not 'NoneType'
2026-07-13 19:32:40,383 [ERROR] [MainThread] [root/base.py:126]: Failed to execute callback of type 'update_label' with args: []
Traceback (most recent call last):
  File "D:\a\yasb\yasb\src\core\widgets\base.py", line 124, in _run_callback
  File "D:\a\yasb\yasb\src\core\widgets\yasb\libre_monitor.py", line 206, in _update_label
TypeError: float() argument must be a string or a real number, not 'NoneType'
2026-07-13 19:33:04,382 [ERROR] [MainThread] [root/base.py:126]: Failed to execute callback of type 'update_label' with args: []
Traceback (most recent call last):
  File "D:\a\yasb\yasb\src\core\widgets\base.py", line 124, in _run_callback
  File "D:\a\yasb\yasb\src\core\widgets\yasb\libre_monitor.py", line 206, in _update_label
TypeError: float() argument must be a string or a real number, not 'NoneType'
2026-07-13 19:33:18,382 [ERROR] [MainThread] [root/base.py:126]: Failed to execute callback of type 'update_label' with args: []
Traceback (most recent call last):
  File "D:\a\yasb\yasb\src\core\widgets\base.py", line 124, in _run_callback
  File "D:\a\yasb\yasb\src\core\widgets\yasb\libre_monitor.py", line 206, in _update_label
TypeError: float() argument must be a string or a real number, not 'NoneType'
2026-07-13 19:33:44,384 [ERROR] [MainThread] [root/base.py:126]: Failed to execute callback of type 'update_label' with args: []
Traceback (most recent call last):
  File "D:\a\yasb\yasb\src\core\widgets\base.py", line 124, in _run_callback
  File "D:\a\yasb\yasb\src\core\widgets\yasb\libre_monitor.py", line 206, in _update_label
TypeError: float() argument must be a string or a real number, not 'NoneType'
2026-07-13 19:34:16,382 [ERROR] [MainThread] [root/base.py:126]: Failed to execute callback of type 'update_label' with args: []
Traceback (most recent call last):
  File "D:\a\yasb\yasb\src\core\widgets\base.py", line 124, in _run_callback
  File "D:\a\yasb\yasb\src\core\widgets\yasb\libre_monitor.py", line 206, in _update_label
TypeError: float() argument must be a string or a real number, not 'NoneType'
2026-07-13 19:35:18,382 [ERROR] [MainThread] [root/base.py:126]: Failed to execute callback of type 'update_label' with args: []
Traceback (most recent call last):
  File "D:\a\yasb\yasb\src\core\widgets\base.py", line 124, in _run_callback
  File "D:\a\yasb\yasb\src\core\widgets\yasb\libre_monitor.py", line 206, in _update_label
TypeError: float() argument must be a string or a real number, not 'NoneType'
2026-07-13 19:35:46,382 [ERROR] [MainThread] [root/base.py:126]: Failed to execute callback of type 'update_label' with args: []
Traceback (most recent call last):
  File "D:\a\yasb\yasb\src\core\widgets\base.py", line 124, in _run_callback
  File "D:\a\yasb\yasb\src\core\widgets\yasb\libre_monitor.py", line 206, in _update_label
TypeError: float() argument must be a string or a real number, not 'NoneType'
2026-07-13 19:35:54,382 [ERROR] [MainThread] [root/base.py:126]: Failed to execute callback of type 'update_label' with args: []
Traceback (most recent call last):
  File "D:\a\yasb\yasb\src\core\widgets\base.py", line 124, in _run_callback
  File "D:\a\yasb\yasb\src\core\widgets\yasb\libre_monitor.py", line 206, in _update_label
TypeError: float() argument must be a string or a real number, not 'NoneType'
2026-07-13 19:36:06,383 [ERROR] [MainThread] [root/base.py:126]: Failed to execute callback of type 'update_label' with args: []
Traceback (most recent call last):
  File "D:\a\yasb\yasb\src\core\widgets\base.py", line 124, in _run_callback
  File "D:\a\yasb\yasb\src\core\widgets\yasb\libre_monitor.py", line 206, in _update_label
TypeError: float() argument must be a string or a real number, not 'NoneType'
2026-07-13 19:36:18,381 [ERROR] [MainThread] [root/base.py:126]: Failed to execute callback of type 'update_label' with args: []
Traceback (most recent call last):
  File "D:\a\yasb\yasb\src\core\widgets\base.py", line 124, in _run_callback
  File "D:\a\yasb\yasb\src\core\widgets\yasb\libre_monitor.py", line 206, in _update_label
TypeError: float() argument must be a string or a real number, not 'NoneType'
2026-07-13 19:37:10,381 [ERROR] [MainThread] [root/base.py:126]: Failed to execute callback of type 'update_label' with args: []
Traceback (most recent call last):
  File "D:\a\yasb\yasb\src\core\widgets\base.py", line 124, in _run_callback
  File "D:\a\yasb\yasb\src\core\widgets\yasb\libre_monitor.py", line 206, in _update_label
TypeError: float() argument must be a string or a real number, not 'NoneType'
2026-07-13 19:38:46,382 [ERROR] [MainThread] [root/base.py:126]: Failed to execute callback of type 'update_label' with args: []
Traceback (most recent call last):
  File "D:\a\yasb\yasb\src\core\widgets\base.py", line 124, in _run_callback
  File "D:\a\yasb\yasb\src\core\widgets\yasb\libre_monitor.py", line 206, in _update_label
TypeError: float() argument must be a string or a real number, not 'NoneType'
2026-07-13 19:38:52,383 [ERROR] [MainThread] [root/base.py:126]: Failed to execute callback of type 'update_label' with args: []
Traceback (most recent call last):
  File "D:\a\yasb\yasb\src\core\widgets\base.py", line 124, in _run_callback
  File "D:\a\yasb\yasb\src\core\widgets\yasb\libre_monitor.py", line 206, in _update_label
TypeError: float() argument must be a string or a real number, not 'NoneType'
2026-07-13 19:39:00,383 [ERROR] [MainThread] [root/base.py:126]: Failed to execute callback of type 'update_label' with args: []
Traceback (most recent call last):
  File "D:\a\yasb\yasb\src\core\widgets\base.py", line 124, in _run_callback
  File "D:\a\yasb\yasb\src\core\widgets\yasb\libre_monitor.py", line 206, in _update_label
TypeError: float() argument must be a string or a real number, not 'NoneType'
2026-07-13 19:39:04,382 [ERROR] [MainThread] [root/base.py:126]: Failed to execute callback of type 'update_label' with args: []
Traceback (most recent call last):
  File "D:\a\yasb\yasb\src\core\widgets\base.py", line 124, in _run_callback
  File "D:\a\yasb\yasb\src\core\widgets\yasb\libre_monitor.py", line 206, in _update_label
TypeError: float() argument must be a string or a real number, not 'NoneType'
2026-07-13 19:39:32,383 [ERROR] [MainThread] [root/base.py:126]: Failed to execute callback of type 'update_label' with args: []
Traceback (most recent call last):
  File "D:\a\yasb\yasb\src\core\widgets\base.py", line 124, in _run_callback
  File "D:\a\yasb\yasb\src\core\widgets\yasb\libre_monitor.py", line 206, in _update_label
TypeError: float() argument must be a string or a real number, not 'NoneType'
2026-07-13 19:39:40,382 [ERROR] [MainThread] [root/base.py:126]: Failed to execute callback of type 'update_label' with args: []
Traceback (most recent call last):
  File "D:\a\yasb\yasb\src\core\widgets\base.py", line 124, in _run_callback
  File "D:\a\yasb\yasb\src\core\widgets\yasb\libre_monitor.py", line 206, in _update_label
TypeError: float() argument must be a string or a real number, not 'NoneType'
2026-07-13 19:39:50,382 [ERROR] [MainThread] [root/base.py:126]: Failed to execute callback of type 'update_label' with args: []
Traceback (most recent call last):
  File "D:\a\yasb\yasb\src\core\widgets\base.py", line 124, in _run_callback
  File "D:\a\yasb\yasb\src\core\widgets\yasb\libre_monitor.py", line 206, in _update_label
TypeError: float() argument must be a string or a real number, not 'NoneType'
2026-07-13 19:39:52,383 [ERROR] [MainThread] [root/base.py:126]: Failed to execute callback of type 'update_label' with args: []
Traceback (most recent call last):
  File "D:\a\yasb\yasb\src\core\widgets\base.py", line 124, in _run_callback
  File "D:\a\yasb\yasb\src\core\widgets\yasb\libre_monitor.py", line 206, in _update_label
TypeError: float() argument must be a string or a real number, not 'NoneType'
2026-07-13 19:39:56,383 [ERROR] [MainThread] [root/base.py:126]: Failed to execute callback of type 'update_label' with args: []
Traceback (most recent call last):
  File "D:\a\yasb\yasb\src\core\widgets\base.py", line 124, in _run_callback
  File "D:\a\yasb\yasb\src\core\widgets\yasb\libre_monitor.py", line 206, in _update_label
TypeError: float() argument must be a string or a real number, not 'NoneType'
2026-07-13 19:40:04,382 [ERROR] [MainThread] [root/base.py:126]: Failed to execute callback of type 'update_label' with args: []
Traceback (most recent call last):
  File "D:\a\yasb\yasb\src\core\widgets\base.py", line 124, in _run_callback
  File "D:\a\yasb\yasb\src\core\widgets\yasb\libre_monitor.py", line 206, in _update_label
TypeError: float() argument must be a string or a real number, not 'NoneType'
2026-07-13 19:40:58,382 [ERROR] [MainThread] [root/base.py:126]: Failed to execute callback of type 'update_label' with args: []
Traceback (most recent call last):
  File "D:\a\yasb\yasb\src\core\widgets\base.py", line 124, in _run_callback
  File "D:\a\yasb\yasb\src\core\widgets\yasb\libre_monitor.py", line 206, in _update_label
TypeError: float() argument must be a string or a real number, not 'NoneType'
2026-07-13 19:41:28,382 [ERROR] [MainThread] [root/base.py:126]: Failed to execute callback of type 'update_label' with args: []
Traceback (most recent call last):
  File "D:\a\yasb\yasb\src\core\widgets\base.py", line 124, in _run_callback
  File "D:\a\yasb\yasb\src\core\widgets\yasb\libre_monitor.py", line 206, in _update_label
TypeError: float() argument must be a string or a real number, not 'NoneType'
2026-07-13 19:41:44,382 [ERROR] [MainThread] [root/base.py:126]: Failed to execute callback of type 'update_label' with args: []
Traceback (most recent call last):
  File "D:\a\yasb\yasb\src\core\widgets\base.py", line 124, in _run_callback
  File "D:\a\yasb\yasb\src\core\widgets\yasb\libre_monitor.py", line 206, in _update_label
TypeError: float() argument must be a string or a real number, not 'NoneType'
2026-07-13 19:41:52,382 [ERROR] [MainThread] [root/base.py:126]: Failed to execute callback of type 'update_label' with args: []
Traceback (most recent call last):
  File "D:\a\yasb\yasb\src\core\widgets\base.py", line 124, in _run_callback
  File "D:\a\yasb\yasb\src\core\widgets\yasb\libre_monitor.py", line 206, in _update_label
TypeError: float() argument must be a string or a real number, not 'NoneType'
2026-07-13 19:42:00,382 [ERROR] [MainThread] [root/base.py:126]: Failed to execute callback of type 'update_label' with args: []
Traceback (most recent call last):
  File "D:\a\yasb\yasb\src\core\widgets\base.py", line 124, in _run_callback
  File "D:\a\yasb\yasb\src\core\widgets\yasb\libre_monitor.py", line 206, in _update_label
TypeError: float() argument must be a string or a real number, not 'NoneType'
2026-07-13 19:42:10,383 [ERROR] [MainThread] [root/base.py:126]: Failed to execute callback of type 'update_label' with args: []
Traceback (most recent call last):
  File "D:\a\yasb\yasb\src\core\widgets\base.py", line 124, in _run_callback
  File "D:\a\yasb\yasb\src\core\widgets\yasb\libre_monitor.py", line 206, in _update_label
TypeError: float() argument must be a string or a real number, not 'NoneType'
2026-07-13 19:42:22,384 [ERROR] [MainThread] [root/base.py:126]: Failed to execute callback of type 'update_label' with args: []
Traceback (most recent call last):
  File "D:\a\yasb\yasb\src\core\widgets\base.py", line 124, in _run_callback
  File "D:\a\yasb\yasb\src\core\widgets\yasb\libre_monitor.py", line 206, in _update_label
TypeError: float() argument must be a string or a real number, not 'NoneType'
2026-07-13 19:42:44,381 [ERROR] [MainThread] [root/base.py:126]: Failed to execute callback of type 'update_label' with args: []
Traceback (most recent call last):
  File "D:\a\yasb\yasb\src\core\widgets\base.py", line 124, in _run_callback
  File "D:\a\yasb\yasb\src\core\widgets\yasb\libre_monitor.py", line 206, in _update_label
TypeError: float() argument must be a string or a real number, not 'NoneType'
2026-07-13 19:42:58,382 [ERROR] [MainThread] [root/base.py:126]: Failed to execute callback of type 'update_label' with args: []
Traceback (most recent call last):
  File "D:\a\yasb\yasb\src\core\widgets\base.py", line 124, in _run_callback
  File "D:\a\yasb\yasb\src\core\widgets\yasb\libre_monitor.py", line 206, in _update_label
TypeError: float() argument must be a string or a real number, not 'NoneType'
2026-07-13 19:43:16,382 [ERROR] [MainThread] [root/base.py:126]: Failed to execute callback of type 'update_label' with args: []
Traceback (most recent call last):
  File "D:\a\yasb\yasb\src\core\widgets\base.py", line 124, in _run_callback
  File "D:\a\yasb\yasb\src\core\widgets\yasb\libre_monitor.py", line 206, in _update_label
TypeError: float() argument must be a string or a real number, not 'NoneType'
2026-07-13 19:43:36,382 [ERROR] [MainThread] [root/base.py:126]: Failed to execute callback of type 'update_label' with args: []
Traceback (most recent call last):
  File "D:\a\yasb\yasb\src\core\widgets\base.py", line 124, in _run_callback
  File "D:\a\yasb\yasb\src\core\widgets\yasb\libre_monitor.py", line 206, in _update_label
TypeError: float() argument must be a string or a real number, not 'NoneType'
2026-07-13 19:43:50,383 [ERROR] [MainThread] [root/base.py:126]: Failed to execute callback of type 'update_label' with args: []
Traceback (most recent call last):
  File "D:\a\yasb\yasb\src\core\widgets\base.py", line 124, in _run_callback
  File "D:\a\yasb\yasb\src\core\widgets\yasb\libre_monitor.py", line 206, in _update_label
TypeError: float() argument must be a string or a real number, not 'NoneType'
2026-07-13 19:44:06,381 [ERROR] [MainThread] [root/base.py:126]: Failed to execute callback of type 'update_label' with args: []
Traceback (most recent call last):
  File "D:\a\yasb\yasb\src\core\widgets\base.py", line 124, in _run_callback
  File "D:\a\yasb\yasb\src\core\widgets\yasb\libre_monitor.py", line 206, in _update_label
TypeError: float() argument must be a string or a real number, not 'NoneType'
2026-07-13 19:44:08,384 [ERROR] [MainThread] [root/base.py:126]: Failed to execute callback of type 'update_label' with args: []
Traceback (most recent call last):
  File "D:\a\yasb\yasb\src\core\widgets\base.py", line 124, in _run_callback
  File "D:\a\yasb\yasb\src\core\widgets\yasb\libre_monitor.py", line 206, in _update_label
TypeError: float() argument must be a string or a real number, not 'NoneType'
2026-07-13 19:44:22,384 [ERROR] [MainThread] [root/base.py:126]: Failed to execute callback of type 'update_label' with args: []
Traceback (most recent call last):
  File "D:\a\yasb\yasb\src\core\widgets\base.py", line 124, in _run_callback
  File "D:\a\yasb\yasb\src\core\widgets\yasb\libre_monitor.py", line 206, in _update_label
TypeError: float() argument must be a string or a real number, not 'NoneType'
2026-07-13 19:44:52,382 [ERROR] [MainThread] [root/base.py:126]: Failed to execute callback of type 'update_label' with args: []
Traceback (most recent call last):
  File "D:\a\yasb\yasb\src\core\widgets\base.py", line 124, in _run_callback
  File "D:\a\yasb\yasb\src\core\widgets\yasb\libre_monitor.py", line 206, in _update_label
TypeError: float() argument must be a string or a real number, not 'NoneType'
2026-07-13 19:45:00,382 [ERROR] [MainThread] [root/base.py:126]: Failed to execute callback of type 'update_label' with args: []
Traceback (most recent call last):
  File "D:\a\yasb\yasb\src\core\widgets\base.py", line 124, in _run_callback
  File "D:\a\yasb\yasb\src\core\widgets\yasb\libre_monitor.py", line 206, in _update_label
TypeError: float() argument must be a string or a real number, not 'NoneType'
2026-07-13 19:45:32,382 [ERROR] [MainThread] [root/base.py:126]: Failed to execute callback of type 'update_label' with args: []
Traceback (most recent call last):
  File "D:\a\yasb\yasb\src\core\widgets\base.py", line 124, in _run_callback
  File "D:\a\yasb\yasb\src\core\widgets\yasb\libre_monitor.py", line 206, in _update_label
TypeError: float() argument must be a string or a real number, not 'NoneType'
2026-07-13 19:45:52,382 [ERROR] [MainThread] [root/base.py:126]: Failed to execute callback of type 'update_label' with args: []
Traceback (most recent call last):
  File "D:\a\yasb\yasb\src\core\widgets\base.py", line 124, in _run_callback
  File "D:\a\yasb\yasb\src\core\widgets\yasb\libre_monitor.py", line 206, in _update_label
TypeError: float() argument must be a string or a real number, not 'NoneType'
2026-07-13 19:46:12,382 [ERROR] [MainThread] [root/base.py:126]: Failed to execute callback of type 'update_label' with args: []
Traceback (most recent call last):
  File "D:\a\yasb\yasb\src\core\widgets\base.py", line 124, in _run_callback
  File "D:\a\yasb\yasb\src\core\widgets\yasb\libre_monitor.py", line 206, in _update_label
TypeError: float() argument must be a string or a real number, not 'NoneType'
2026-07-13 19:46:14,382 [ERROR] [MainThread] [root/base.py:126]: Failed to execute callback of type 'update_label' with args: []
Traceback (most recent call last):
  File "D:\a\yasb\yasb\src\core\widgets\base.py", line 124, in _run_callback
  File "D:\a\yasb\yasb\src\core\widgets\yasb\libre_monitor.py", line 206, in _update_label
TypeError: float() argument must be a string or a real number, not 'NoneType'
2026-07-13 19:46:18,382 [ERROR] [MainThread] [root/base.py:126]: Failed to execute callback of type 'update_label' with args: []
Traceback (most recent call last):
  File "D:\a\yasb\yasb\src\core\widgets\base.py", line 124, in _run_callback
  File "D:\a\yasb\yasb\src\core\widgets\yasb\libre_monitor.py", line 206, in _update_label
TypeError: float() argument must be a string or a real number, not 'NoneType'
2026-07-13 19:46:22,382 [ERROR] [MainThread] [root/base.py:126]: Failed to execute callback of type 'update_label' with args: []
Traceback (most recent call last):
  File "D:\a\yasb\yasb\src\core\widgets\base.py", line 124, in _run_callback
  File "D:\a\yasb\yasb\src\core\widgets\yasb\libre_monitor.py", line 206, in _update_label
TypeError: float() argument must be a string or a real number, not 'NoneType'
2026-07-13 19:46:32,381 [ERROR] [MainThread] [root/base.py:126]: Failed to execute callback of type 'update_label' with args: []
Traceback (most recent call last):
  File "D:\a\yasb\yasb\src\core\widgets\base.py", line 124, in _run_callback
  File "D:\a\yasb\yasb\src\core\widgets\yasb\libre_monitor.py", line 206, in _update_label
TypeError: float() argument must be a string or a real number, not 'NoneType'
2026-07-13 19:47:04,381 [ERROR] [MainThread] [root/base.py:126]: Failed to execute callback of type 'update_label' with args: []
Traceback (most recent call last):
  File "D:\a\yasb\yasb\src\core\widgets\base.py", line 124, in _run_callback
  File "D:\a\yasb\yasb\src\core\widgets\yasb\libre_monitor.py", line 206, in _update_label
TypeError: float() argument must be a string or a real number, not 'NoneType'
2026-07-13 19:47:22,382 [ERROR] [MainThread] [root/base.py:126]: Failed to execute callback of type 'update_label' with args: []
Traceback (most recent call last):
  File "D:\a\yasb\yasb\src\core\widgets\base.py", line 124, in _run_callback
  File "D:\a\yasb\yasb\src\core\widgets\yasb\libre_monitor.py", line 206, in _update_label
TypeError: float() argument must be a string or a real number, not 'NoneType'
2026-07-13 19:47:36,382 [ERROR] [MainThread] [root/base.py:126]: Failed to execute callback of type 'update_label' with args: []
Traceback (most recent call last):
  File "D:\a\yasb\yasb\src\core\widgets\base.py", line 124, in _run_callback
  File "D:\a\yasb\yasb\src\core\widgets\yasb\libre_monitor.py", line 206, in _update_label
TypeError: float() argument must be a string or a real number, not 'NoneType'
2026-07-13 19:48:54,384 [ERROR] [MainThread] [root/base.py:126]: Failed to execute callback of type 'update_label' with args: []
Traceback (most recent call last):
  File "D:\a\yasb\yasb\src\core\widgets\base.py", line 124, in _run_callback
  File "D:\a\yasb\yasb\src\core\widgets\yasb\libre_monitor.py", line 206, in _update_label
TypeError: float() argument must be a string or a real number, not 'NoneType'
2026-07-13 19:48:58,382 [ERROR] [MainThread] [root/base.py:126]: Failed to execute callback of type 'update_label' with args: []
Traceback (most recent call last):
  File "D:\a\yasb\yasb\src\core\widgets\base.py", line 124, in _run_callback
  File "D:\a\yasb\yasb\src\core\widgets\yasb\libre_monitor.py", line 206, in _update_label
TypeError: float() argument must be a string or a real number, not 'NoneType'
2026-07-13 19:50:46,382 [ERROR] [MainThread] [root/base.py:126]: Failed to execute callback of type 'update_label' with args: []
Traceback (most recent call last):
  File "D:\a\yasb\yasb\src\core\widgets\base.py", line 124, in _run_callback
  File "D:\a\yasb\yasb\src\core\widgets\yasb\libre_monitor.py", line 206, in _update_label
TypeError: float() argument must be a string or a real number, not 'NoneType'
2026-07-13 19:51:32,381 [ERROR] [MainThread] [root/base.py:126]: Failed to execute callback of type 'update_label' with args: []
Traceback (most recent call last):
  File "D:\a\yasb\yasb\src\core\widgets\base.py", line 124, in _run_callback
  File "D:\a\yasb\yasb\src\core\widgets\yasb\libre_monitor.py", line 206, in _update_label
TypeError: float() argument must be a string or a real number, not 'NoneType'
2026-07-13 19:51:34,383 [ERROR] [MainThread] [root/base.py:126]: Failed to execute callback of type 'update_label' with args: []
Traceback (most recent call last):
  File "D:\a\yasb\yasb\src\core\widgets\base.py", line 124, in _run_callback
  File "D:\a\yasb\yasb\src\core\widgets\yasb\libre_monitor.py", line 206, in _update_label
TypeError: float() argument must be a string or a real number, not 'NoneType'
2026-07-13 19:51:42,383 [ERROR] [MainThread] [root/base.py:126]: Failed to execute callback of type 'update_label' with args: []
Traceback (most recent call last):
  File "D:\a\yasb\yasb\src\core\widgets\base.py", line 124, in _run_callback
  File "D:\a\yasb\yasb\src\core\widgets\yasb\libre_monitor.py", line 206, in _update_label
TypeError: float() argument must be a string or a real number, not 'NoneType'
2026-07-13 19:51:44,383 [ERROR] [MainThread] [root/base.py:126]: Failed to execute callback of type 'update_label' with args: []
Traceback (most recent call last):
  File "D:\a\yasb\yasb\src\core\widgets\base.py", line 124, in _run_callback
  File "D:\a\yasb\yasb\src\core\widgets\yasb\libre_monitor.py", line 206, in _update_label
TypeError: float() argument must be a string or a real number, not 'NoneType'
2026-07-13 19:53:12,382 [ERROR] [MainThread] [root/base.py:126]: Failed to execute callback of type 'update_label' with args: []
Traceback (most recent call last):
  File "D:\a\yasb\yasb\src\core\widgets\base.py", line 124, in _run_callback
  File "D:\a\yasb\yasb\src\core\widgets\yasb\libre_monitor.py", line 206, in _update_label
TypeError: float() argument must be a string or a real number, not 'NoneType'
2026-07-13 19:53:38,383 [ERROR] [MainThread] [root/base.py:126]: Failed to execute callback of type 'update_label' with args: []
Traceback (most recent call last):
  File "D:\a\yasb\yasb\src\core\widgets\base.py", line 124, in _run_callback
  File "D:\a\yasb\yasb\src\core\widgets\yasb\libre_monitor.py", line 206, in _update_label
TypeError: float() argument must be a string or a real number, not 'NoneType'
2026-07-13 19:54:16,383 [ERROR] [MainThread] [root/base.py:126]: Failed to execute callback of type 'update_label' with args: []
Traceback (most recent call last):
  File "D:\a\yasb\yasb\src\core\widgets\base.py", line 124, in _run_callback
  File "D:\a\yasb\yasb\src\core\widgets\yasb\libre_monitor.py", line 206, in _update_label
TypeError: float() argument must be a string or a real number, not 'NoneType'
2026-07-13 19:54:30,382 [ERROR] [MainThread] [root/base.py:126]: Failed to execute callback of type 'update_label' with args: []
Traceback (most recent call last):
  File "D:\a\yasb\yasb\src\core\widgets\base.py", line 124, in _run_callback
  File "D:\a\yasb\yasb\src\core\widgets\yasb\libre_monitor.py", line 206, in _update_label
TypeError: float() argument must be a string or a real number, not 'NoneType'
2026-07-13 19:54:56,382 [ERROR] [MainThread] [root/base.py:126]: Failed to execute callback of type 'update_label' with args: []
Traceback (most recent call last):
  File "D:\a\yasb\yasb\src\core\widgets\base.py", line 124, in _run_callback
  File "D:\a\yasb\yasb\src\core\widgets\yasb\libre_monitor.py", line 206, in _update_label
TypeError: float() argument must be a string or a real number, not 'NoneType'
2026-07-13 19:54:58,382 [ERROR] [MainThread] [root/base.py:126]: Failed to execute callback of type 'update_label' with args: []
Traceback (most recent call last):
  File "D:\a\yasb\yasb\src\core\widgets\base.py", line 124, in _run_callback
  File "D:\a\yasb\yasb\src\core\widgets\yasb\libre_monitor.py", line 206, in _update_label
TypeError: float() argument must be a string or a real number, not 'NoneType'
2026-07-13 19:55:14,382 [ERROR] [MainThread] [root/base.py:126]: Failed to execute callback of type 'update_label' with args: []
Traceback (most recent call last):
  File "D:\a\yasb\yasb\src\core\widgets\base.py", line 124, in _run_callback
  File "D:\a\yasb\yasb\src\core\widgets\yasb\libre_monitor.py", line 206, in _update_label
TypeError: float() argument must be a string or a real number, not 'NoneType'
2026-07-13 19:55:18,383 [ERROR] [MainThread] [root/base.py:126]: Failed to execute callback of type 'update_label' with args: []
Traceback (most recent call last):
  File "D:\a\yasb\yasb\src\core\widgets\base.py", line 124, in _run_callback
  File "D:\a\yasb\yasb\src\core\widgets\yasb\libre_monitor.py", line 206, in _update_label
TypeError: float() argument must be a string or a real number, not 'NoneType'
2026-07-13 19:55:32,389 [ERROR] [MainThread] [root/base.py:126]: Failed to execute callback of type 'update_label' with args: []
Traceback (most recent call last):
  File "D:\a\yasb\yasb\src\core\widgets\base.py", line 124, in _run_callback
  File "D:\a\yasb\yasb\src\core\widgets\yasb\libre_monitor.py", line 206, in _update_label
TypeError: float() argument must be a string or a real number, not 'NoneType'
2026-07-13 19:55:36,381 [ERROR] [MainThread] [root/base.py:126]: Failed to execute callback of type 'update_label' with args: []
Traceback (most recent call last):
  File "D:\a\yasb\yasb\src\core\widgets\base.py", line 124, in _run_callback
  File "D:\a\yasb\yasb\src\core\widgets\yasb\libre_monitor.py", line 206, in _update_label
TypeError: float() argument must be a string or a real number, not 'NoneType'
2026-07-13 19:55:46,382 [ERROR] [MainThread] [root/base.py:126]: Failed to execute callback of type 'update_label' with args: []
Traceback (most recent call last):
  File "D:\a\yasb\yasb\src\core\widgets\base.py", line 124, in _run_callback
  File "D:\a\yasb\yasb\src\core\widgets\yasb\libre_monitor.py", line 206, in _update_label
TypeError: float() argument must be a string or a real number, not 'NoneType'
2026-07-13 19:55:56,383 [ERROR] [MainThread] [root/base.py:126]: Failed to execute callback of type 'update_label' with args: []
Traceback (most recent call last):
  File "D:\a\yasb\yasb\src\core\widgets\base.py", line 124, in _run_callback
  File "D:\a\yasb\yasb\src\core\widgets\yasb\libre_monitor.py", line 206, in _update_label
TypeError: float() argument must be a string or a real number, not 'NoneType'
2026-07-13 19:56:38,382 [ERROR] [MainThread] [root/base.py:126]: Failed to execute callback of type 'update_label' with args: []
Traceback (most recent call last):
  File "D:\a\yasb\yasb\src\core\widgets\base.py", line 124, in _run_callback
  File "D:\a\yasb\yasb\src\core\widgets\yasb\libre_monitor.py", line 206, in _update_label
TypeError: float() argument must be a string or a real number, not 'NoneType'
2026-07-13 19:56:56,383 [ERROR] [MainThread] [root/base.py:126]: Failed to execute callback of type 'update_label' with args: []
Traceback (most recent call last):
  File "D:\a\yasb\yasb\src\core\widgets\base.py", line 124, in _run_callback
  File "D:\a\yasb\yasb\src\core\widgets\yasb\libre_monitor.py", line 206, in _update_label
TypeError: float() argument must be a string or a real number, not 'NoneType'
2026-07-13 19:57:20,387 [ERROR] [MainThread] [root/base.py:126]: Failed to execute callback of type 'update_label' with args: []
Traceback (most recent call last):
  File "D:\a\yasb\yasb\src\core\widgets\base.py", line 124, in _run_callback
  File "D:\a\yasb\yasb\src\core\widgets\yasb\libre_monitor.py", line 206, in _update_label
TypeError: float() argument must be a string or a real number, not 'NoneType'
2026-07-13 19:57:40,424 [ERROR] [MainThread] [root/base.py:126]: Failed to execute callback of type 'update_label' with args: []
Traceback (most recent call last):
  File "D:\a\yasb\yasb\src\core\widgets\base.py", line 124, in _run_callback
  File "D:\a\yasb\yasb\src\core\widgets\yasb\libre_monitor.py", line 206, in _update_label
TypeError: float() argument must be a string or a real number, not 'NoneType'
2026-07-13 19:57:56,382 [ERROR] [MainThread] [root/base.py:126]: Failed to execute callback of type 'update_label' with args: []
Traceback (most recent call last):
  File "D:\a\yasb\yasb\src\core\widgets\base.py", line 124, in _run_callback
  File "D:\a\yasb\yasb\src\core\widgets\yasb\libre_monitor.py", line 206, in _update_label
TypeError: float() argument must be a string or a real number, not 'NoneType'
2026-07-13 19:58:24,388 [ERROR] [MainThread] [root/base.py:126]: Failed to execute callback of type 'update_label' with args: []
Traceback (most recent call last):
  File "D:\a\yasb\yasb\src\core\widgets\base.py", line 124, in _run_callback
  File "D:\a\yasb\yasb\src\core\widgets\yasb\libre_monitor.py", line 206, in _update_label
TypeError: float() argument must be a string or a real number, not 'NoneType'
2026-07-13 19:58:30,383 [ERROR] [MainThread] [root/base.py:126]: Failed to execute callback of type 'update_label' with args: []
Traceback (most recent call last):
  File "D:\a\yasb\yasb\src\core\widgets\base.py", line 124, in _run_callback
  File "D:\a\yasb\yasb\src\core\widgets\yasb\libre_monitor.py", line 206, in _update_label
TypeError: float() argument must be a string or a real number, not 'NoneType'
2026-07-13 19:58:52,382 [ERROR] [MainThread] [root/base.py:126]: Failed to execute callback of type 'update_label' with args: []
Traceback (most recent call last):
  File "D:\a\yasb\yasb\src\core\widgets\base.py", line 124, in _run_callback
  File "D:\a\yasb\yasb\src\core\widgets\yasb\libre_monitor.py", line 206, in _update_label
TypeError: float() argument must be a string or a real number, not 'NoneType'
2026-07-13 19:59:16,382 [ERROR] [MainThread] [root/base.py:126]: Failed to execute callback of type 'update_label' with args: []
Traceback (most recent call last):
  File "D:\a\yasb\yasb\src\core\widgets\base.py", line 124, in _run_callback
  File "D:\a\yasb\yasb\src\core\widgets\yasb\libre_monitor.py", line 206, in _update_label
TypeError: float() argument must be a string or a real number, not 'NoneType'
2026-07-13 19:59:36,383 [ERROR] [MainThread] [root/base.py:126]: Failed to execute callback of type 'update_label' with args: []
Traceback (most recent call last):
  File "D:\a\yasb\yasb\src\core\widgets\base.py", line 124, in _run_callback
  File "D:\a\yasb\yasb\src\core\widgets\yasb\libre_monitor.py", line 206, in _update_label
TypeError: float() argument must be a string or a real number, not 'NoneType'
2026-07-13 19:59:38,382 [ERROR] [MainThread] [root/base.py:126]: Failed to execute callback of type 'update_label' with args: []
Traceback (most recent call last):
  File "D:\a\yasb\yasb\src\core\widgets\base.py", line 124, in _run_callback
  File "D:\a\yasb\yasb\src\core\widgets\yasb\libre_monitor.py", line 206, in _update_label
TypeError: float() argument must be a string or a real number, not 'NoneType'
2026-07-13 19:59:40,382 [ERROR] [MainThread] [root/base.py:126]: Failed to execute callback of type 'update_label' with args: []
Traceback (most recent call last):
  File "D:\a\yasb\yasb\src\core\widgets\base.py", line 124, in _run_callback
  File "D:\a\yasb\yasb\src\core\widgets\yasb\libre_monitor.py", line 206, in _update_label
TypeError: float() argument must be a string or a real number, not 'NoneType'
2026-07-13 19:59:42,382 [ERROR] [MainThread] [root/base.py:126]: Failed to execute callback of type 'update_label' with args: []
Traceback (most recent call last):
  File "D:\a\yasb\yasb\src\core\widgets\base.py", line 124, in _run_callback
  File "D:\a\yasb\yasb\src\core\widgets\yasb\libre_monitor.py", line 206, in _update_label
TypeError: float() argument must be a string or a real number, not 'NoneType'
2026-07-13 19:59:48,382 [ERROR] [MainThread] [root/base.py:126]: Failed to execute callback of type 'update_label' with args: []
Traceback (most recent call last):
  File "D:\a\yasb\yasb\src\core\widgets\base.py", line 124, in _run_callback
  File "D:\a\yasb\yasb\src\core\widgets\yasb\libre_monitor.py", line 206, in _update_label
TypeError: float() argument must be a string or a real number, not 'NoneType'
2026-07-13 20:00:06,381 [ERROR] [MainThread] [root/base.py:126]: Failed to execute callback of type 'update_label' with args: []
Traceback (most recent call last):
  File "D:\a\yasb\yasb\src\core\widgets\base.py", line 124, in _run_callback
  File "D:\a\yasb\yasb\src\core\widgets\yasb\libre_monitor.py", line 206, in _update_label
TypeError: float() argument must be a string or a real number, not 'NoneType'
2026-07-13 20:00:08,383 [ERROR] [MainThread] [root/base.py:126]: Failed to execute callback of type 'update_label' with args: []
Traceback (most recent call last):
  File "D:\a\yasb\yasb\src\core\widgets\base.py", line 124, in _run_callback
  File "D:\a\yasb\yasb\src\core\widgets\yasb\libre_monitor.py", line 206, in _update_label
TypeError: float() argument must be a string or a real number, not 'NoneType'
2026-07-13 20:00:26,382 [ERROR] [MainThread] [root/base.py:126]: Failed to execute callback of type 'update_label' with args: []
Traceback (most recent call last):
  File "D:\a\yasb\yasb\src\core\widgets\base.py", line 124, in _run_callback
  File "D:\a\yasb\yasb\src\core\widgets\yasb\libre_monitor.py", line 206, in _update_label
TypeError: float() argument must be a string or a real number, not 'NoneType'
2026-07-13 20:00:28,381 [ERROR] [MainThread] [root/base.py:126]: Failed to execute callback of type 'update_label' with args: []
Traceback (most recent call last):
  File "D:\a\yasb\yasb\src\core\widgets\base.py", line 124, in _run_callback
  File "D:\a\yasb\yasb\src\core\widgets\yasb\libre_monitor.py", line 206, in _update_label
TypeError: float() argument must be a string or a real number, not 'NoneType'
2026-07-13 20:00:58,383 [ERROR] [MainThread] [root/base.py:126]: Failed to execute callback of type 'update_label' with args: []
Traceback (most recent call last):
  File "D:\a\yasb\yasb\src\core\widgets\base.py", line 124, in _run_callback
  File "D:\a\yasb\yasb\src\core\widgets\yasb\libre_monitor.py", line 206, in _update_label
TypeError: float() argument must be a string or a real number, not 'NoneType'
2026-07-13 20:01:24,382 [ERROR] [MainThread] [root/base.py:126]: Failed to execute callback of type 'update_label' with args: []
Traceback (most recent call last):
  File "D:\a\yasb\yasb\src\core\widgets\base.py", line 124, in _run_callback
  File "D:\a\yasb\yasb\src\core\widgets\yasb\libre_monitor.py", line 206, in _update_label
TypeError: float() argument must be a string or a real number, not 'NoneType'
2026-07-13 20:01:30,382 [ERROR] [MainThread] [root/base.py:126]: Failed to execute callback of type 'update_label' with args: []
Traceback (most recent call last):
  File "D:\a\yasb\yasb\src\core\widgets\base.py", line 124, in _run_callback
  File "D:\a\yasb\yasb\src\core\widgets\yasb\libre_monitor.py", line 206, in _update_label
TypeError: float() argument must be a string or a real number, not 'NoneType'
2026-07-13 20:01:46,381 [ERROR] [MainThread] [root/base.py:126]: Failed to execute callback of type 'update_label' with args: []
Traceback (most recent call last):
  File "D:\a\yasb\yasb\src\core\widgets\base.py", line 124, in _run_callback
  File "D:\a\yasb\yasb\src\core\widgets\yasb\libre_monitor.py", line 206, in _update_label
TypeError: float() argument must be a string or a real number, not 'NoneType'
2026-07-13 20:02:06,383 [ERROR] [MainThread] [root/base.py:126]: Failed to execute callback of type 'update_label' with args: []
Traceback (most recent call last):
  File "D:\a\yasb\yasb\src\core\widgets\base.py", line 124, in _run_callback
  File "D:\a\yasb\yasb\src\core\widgets\yasb\libre_monitor.py", line 206, in _update_label
TypeError: float() argument must be a string or a real number, not 'NoneType'
2026-07-13 20:02:14,382 [ERROR] [MainThread] [root/base.py:126]: Failed to execute callback of type 'update_label' with args: []
Traceback (most recent call last):
  File "D:\a\yasb\yasb\src\core\widgets\base.py", line 124, in _run_callback
  File "D:\a\yasb\yasb\src\core\widgets\yasb\libre_monitor.py", line 206, in _update_label
TypeError: float() argument must be a string or a real number, not 'NoneType'
2026-07-13 20:02:18,381 [ERROR] [MainThread] [root/base.py:126]: Failed to execute callback of type 'update_label' with args: []
Traceback (most recent call last):
  File "D:\a\yasb\yasb\src\core\widgets\base.py", line 124, in _run_callback
  File "D:\a\yasb\yasb\src\core\widgets\yasb\libre_monitor.py", line 206, in _update_label
TypeError: float() argument must be a string or a real number, not 'NoneType'
2026-07-13 20:02:38,383 [ERROR] [MainThread] [root/base.py:126]: Failed to execute callback of type 'update_label' with args: []
Traceback (most recent call last):
  File "D:\a\yasb\yasb\src\core\widgets\base.py", line 124, in _run_callback
  File "D:\a\yasb\yasb\src\core\widgets\yasb\libre_monitor.py", line 206, in _update_label
TypeError: float() argument must be a string or a real number, not 'NoneType'
2026-07-13 20:02:44,381 [ERROR] [MainThread] [root/base.py:126]: Failed to execute callback of type 'update_label' with args: []
Traceback (most recent call last):
  File "D:\a\yasb\yasb\src\core\widgets\base.py", line 124, in _run_callback
  File "D:\a\yasb\yasb\src\core\widgets\yasb\libre_monitor.py", line 206, in _update_label
TypeError: float() argument must be a string or a real number, not 'NoneType'
2026-07-13 20:02:56,382 [ERROR] [MainThread] [root/base.py:126]: Failed to execute callback of type 'update_label' with args: []
Traceback (most recent call last):
  File "D:\a\yasb\yasb\src\core\widgets\base.py", line 124, in _run_callback
  File "D:\a\yasb\yasb\src\core\widgets\yasb\libre_monitor.py", line 206, in _update_label
TypeError: float() argument must be a string or a real number, not 'NoneType'
2026-07-13 20:02:58,384 [ERROR] [MainThread] [root/base.py:126]: Failed to execute callback of type 'update_label' with args: []
Traceback (most recent call last):
  File "D:\a\yasb\yasb\src\core\widgets\base.py", line 124, in _run_callback
  File "D:\a\yasb\yasb\src\core\widgets\yasb\libre_monitor.py", line 206, in _update_label
TypeError: float() argument must be a string or a real number, not 'NoneType'
2026-07-13 20:03:08,382 [ERROR] [MainThread] [root/base.py:126]: Failed to execute callback of type 'update_label' with args: []
Traceback (most recent call last):
  File "D:\a\yasb\yasb\src\core\widgets\base.py", line 124, in _run_callback
  File "D:\a\yasb\yasb\src\core\widgets\yasb\libre_monitor.py", line 206, in _update_label
TypeError: float() argument must be a string or a real number, not 'NoneType'
2026-07-13 20:03:20,382 [ERROR] [MainThread] [root/base.py:126]: Failed to execute callback of type 'update_label' with args: []
Traceback (most recent call last):
  File "D:\a\yasb\yasb\src\core\widgets\base.py", line 124, in _run_callback
  File "D:\a\yasb\yasb\src\core\widgets\yasb\libre_monitor.py", line 206, in _update_label
TypeError: float() argument must be a string or a real number, not 'NoneType'
2026-07-13 20:03:22,381 [ERROR] [MainThread] [root/base.py:126]: Failed to execute callback of type 'update_label' with args: []
Traceback (most recent call last):
  File "D:\a\yasb\yasb\src\core\widgets\base.py", line 124, in _run_callback
  File "D:\a\yasb\yasb\src\core\widgets\yasb\libre_monitor.py", line 206, in _update_label
TypeError: float() argument must be a string or a real number, not 'NoneType'
2026-07-13 20:03:34,383 [ERROR] [MainThread] [root/base.py:126]: Failed to execute callback of type 'update_label' with args: []
Traceback (most recent call last):
  File "D:\a\yasb\yasb\src\core\widgets\base.py", line 124, in _run_callback
  File "D:\a\yasb\yasb\src\core\widgets\yasb\libre_monitor.py", line 206, in _update_label
TypeError: float() argument must be a string or a real number, not 'NoneType'
2026-07-13 20:03:36,381 [ERROR] [MainThread] [root/base.py:126]: Failed to execute callback of type 'update_label' with args: []
Traceback (most recent call last):
  File "D:\a\yasb\yasb\src\core\widgets\base.py", line 124, in _run_callback
  File "D:\a\yasb\yasb\src\core\widgets\yasb\libre_monitor.py", line 206, in _update_label
TypeError: float() argument must be a string or a real number, not 'NoneType'
2026-07-13 20:04:22,382 [ERROR] [MainThread] [root/base.py:126]: Failed to execute callback of type 'update_label' with args: []
Traceback (most recent call last):
  File "D:\a\yasb\yasb\src\core\widgets\base.py", line 124, in _run_callback
  File "D:\a\yasb\yasb\src\core\widgets\yasb\libre_monitor.py", line 206, in _update_label
TypeError: float() argument must be a string or a real number, not 'NoneType'
2026-07-13 20:04:34,382 [ERROR] [MainThread] [root/base.py:126]: Failed to execute callback of type 'update_label' with args: []
Traceback (most recent call last):
  File "D:\a\yasb\yasb\src\core\widgets\base.py", line 124, in _run_callback
  File "D:\a\yasb\yasb\src\core\widgets\yasb\libre_monitor.py", line 206, in _update_label
TypeError: float() argument must be a string or a real number, not 'NoneType'
2026-07-13 20:04:46,382 [ERROR] [MainThread] [root/base.py:126]: Failed to execute callback of type 'update_label' with args: []
Traceback (most recent call last):
  File "D:\a\yasb\yasb\src\core\widgets\base.py", line 124, in _run_callback
  File "D:\a\yasb\yasb\src\core\widgets\yasb\libre_monitor.py", line 206, in _update_label
TypeError: float() argument must be a string or a real number, not 'NoneType'
2026-07-13 20:04:54,381 [ERROR] [MainThread] [root/base.py:126]: Failed to execute callback of type 'update_label' with args: []
Traceback (most recent call last):
  File "D:\a\yasb\yasb\src\core\widgets\base.py", line 124, in _run_callback
  File "D:\a\yasb\yasb\src\core\widgets\yasb\libre_monitor.py", line 206, in _update_label
TypeError: float() argument must be a string or a real number, not 'NoneType'
2026-07-13 20:05:04,382 [ERROR] [MainThread] [root/base.py:126]: Failed to execute callback of type 'update_label' with args: []
Traceback (most recent call last):
  File "D:\a\yasb\yasb\src\core\widgets\base.py", line 124, in _run_callback
  File "D:\a\yasb\yasb\src\core\widgets\yasb\libre_monitor.py", line 206, in _update_label
TypeError: float() argument must be a string or a real number, not 'NoneType'
2026-07-13 20:05:08,384 [ERROR] [MainThread] [root/base.py:126]: Failed to execute callback of type 'update_label' with args: []
Traceback (most recent call last):
  File "D:\a\yasb\yasb\src\core\widgets\base.py", line 124, in _run_callback
  File "D:\a\yasb\yasb\src\core\widgets\yasb\libre_monitor.py", line 206, in _update_label
TypeError: float() argument must be a string or a real number, not 'NoneType'
2026-07-13 20:05:18,383 [ERROR] [MainThread] [root/base.py:126]: Failed to execute callback of type 'update_label' with args: []
Traceback (most recent call last):
  File "D:\a\yasb\yasb\src\core\widgets\base.py", line 124, in _run_callback
  File "D:\a\yasb\yasb\src\core\widgets\yasb\libre_monitor.py", line 206, in _update_label
TypeError: float() argument must be a string or a real number, not 'NoneType'
2026-07-13 20:05:24,382 [ERROR] [MainThread] [root/base.py:126]: Failed to execute callback of type 'update_label' with args: []
Traceback (most recent call last):
  File "D:\a\yasb\yasb\src\core\widgets\base.py", line 124, in _run_callback
  File "D:\a\yasb\yasb\src\core\widgets\yasb\libre_monitor.py", line 206, in _update_label
TypeError: float() argument must be a string or a real number, not 'NoneType'
2026-07-13 20:05:38,382 [ERROR] [MainThread] [root/base.py:126]: Failed to execute callback of type 'update_label' with args: []
Traceback (most recent call last):
  File "D:\a\yasb\yasb\src\core\widgets\base.py", line 124, in _run_callback
  File "D:\a\yasb\yasb\src\core\widgets\yasb\libre_monitor.py", line 206, in _update_label
TypeError: float() argument must be a string or a real number, not 'NoneType'
2026-07-13 20:05:52,383 [ERROR] [MainThread] [root/base.py:126]: Failed to execute callback of type 'update_label' with args: []
Traceback (most recent call last):
  File "D:\a\yasb\yasb\src\core\widgets\base.py", line 124, in _run_callback
  File "D:\a\yasb\yasb\src\core\widgets\yasb\libre_monitor.py", line 206, in _update_label
TypeError: float() argument must be a string or a real number, not 'NoneType'
2026-07-13 20:06:04,382 [ERROR] [MainThread] [root/base.py:126]: Failed to execute callback of type 'update_label' with args: []
Traceback (most recent call last):
  File "D:\a\yasb\yasb\src\core\widgets\base.py", line 124, in _run_callback
  File "D:\a\yasb\yasb\src\core\widgets\yasb\libre_monitor.py", line 206, in _update_label
TypeError: float() argument must be a string or a real number, not 'NoneType'
2026-07-13 20:06:28,382 [ERROR] [MainThread] [root/base.py:126]: Failed to execute callback of type 'update_label' with args: []
Traceback (most recent call last):
  File "D:\a\yasb\yasb\src\core\widgets\base.py", line 124, in _run_callback
  File "D:\a\yasb\yasb\src\core\widgets\yasb\libre_monitor.py", line 206, in _update_label
TypeError: float() argument must be a string or a real number, not 'NoneType'
2026-07-13 20:07:04,382 [ERROR] [MainThread] [root/base.py:126]: Failed to execute callback of type 'update_label' with args: []
Traceback (most recent call last):
  File "D:\a\yasb\yasb\src\core\widgets\base.py", line 124, in _run_callback
  File "D:\a\yasb\yasb\src\core\widgets\yasb\libre_monitor.py", line 206, in _update_label
TypeError: float() argument must be a string or a real number, not 'NoneType'
2026-07-13 20:07:06,382 [ERROR] [MainThread] [root/base.py:126]: Failed to execute callback of type 'update_label' with args: []
Traceback (most recent call last):
  File "D:\a\yasb\yasb\src\core\widgets\base.py", line 124, in _run_callback
  File "D:\a\yasb\yasb\src\core\widgets\yasb\libre_monitor.py", line 206, in _update_label
TypeError: float() argument must be a string or a real number, not 'NoneType'
2026-07-13 20:07:24,382 [ERROR] [MainThread] [root/base.py:126]: Failed to execute callback of type 'update_label' with args: []
Traceback (most recent call last):
  File "D:\a\yasb\yasb\src\core\widgets\base.py", line 124, in _run_callback
  File "D:\a\yasb\yasb\src\core\widgets\yasb\libre_monitor.py", line 206, in _update_label
TypeError: float() argument must be a string or a real number, not 'NoneType'
2026-07-13 20:08:16,383 [ERROR] [MainThread] [root/base.py:126]: Failed to execute callback of type 'update_label' with args: []
Traceback (most recent call last):
  File "D:\a\yasb\yasb\src\core\widgets\base.py", line 124, in _run_callback
  File "D:\a\yasb\yasb\src\core\widgets\yasb\libre_monitor.py", line 206, in _update_label
TypeError: float() argument must be a string or a real number, not 'NoneType'
2026-07-13 20:08:30,383 [ERROR] [MainThread] [root/base.py:126]: Failed to execute callback of type 'update_label' with args: []
Traceback (most recent call last):
  File "D:\a\yasb\yasb\src\core\widgets\base.py", line 124, in _run_callback
  File "D:\a\yasb\yasb\src\core\widgets\yasb\libre_monitor.py", line 206, in _update_label
TypeError: float() argument must be a string or a real number, not 'NoneType'
2026-07-13 20:08:32,382 [ERROR] [MainThread] [root/base.py:126]: Failed to execute callback of type 'update_label' with args: []
Traceback (most recent call last):
  File "D:\a\yasb\yasb\src\core\widgets\base.py", line 124, in _run_callback
  File "D:\a\yasb\yasb\src\core\widgets\yasb\libre_monitor.py", line 206, in _update_label
TypeError: float() argument must be a string or a real number, not 'NoneType'
2026-07-13 20:08:54,381 [ERROR] [MainThread] [root/base.py:126]: Failed to execute callback of type 'update_label' with args: []
Traceback (most recent call last):
  File "D:\a\yasb\yasb\src\core\widgets\base.py", line 124, in _run_callback
  File "D:\a\yasb\yasb\src\core\widgets\yasb\libre_monitor.py", line 206, in _update_label
TypeError: float() argument must be a string or a real number, not 'NoneType'
2026-07-13 20:08:58,382 [ERROR] [MainThread] [root/base.py:126]: Failed to execute callback of type 'update_label' with args: []
Traceback (most recent call last):
  File "D:\a\yasb\yasb\src\core\widgets\base.py", line 124, in _run_callback
  File "D:\a\yasb\yasb\src\core\widgets\yasb\libre_monitor.py", line 206, in _update_label
TypeError: float() argument must be a string or a real number, not 'NoneType'
2026-07-13 20:09:04,382 [ERROR] [MainThread] [root/base.py:126]: Failed to execute callback of type 'update_label' with args: []
Traceback (most recent call last):
  File "D:\a\yasb\yasb\src\core\widgets\base.py", line 124, in _run_callback
  File "D:\a\yasb\yasb\src\core\widgets\yasb\libre_monitor.py", line 206, in _update_label
TypeError: float() argument must be a string or a real number, not 'NoneType'
2026-07-13 20:09:38,382 [ERROR] [MainThread] [root/base.py:126]: Failed to execute callback of type 'update_label' with args: []
Traceback (most recent call last):
  File "D:\a\yasb\yasb\src\core\widgets\base.py", line 124, in _run_callback
  File "D:\a\yasb\yasb\src\core\widgets\yasb\libre_monitor.py", line 206, in _update_label
TypeError: float() argument must be a string or a real number, not 'NoneType'
2026-07-13 20:09:40,382 [ERROR] [MainThread] [root/base.py:126]: Failed to execute callback of type 'update_label' with args: []
Traceback (most recent call last):
  File "D:\a\yasb\yasb\src\core\widgets\base.py", line 124, in _run_callback
  File "D:\a\yasb\yasb\src\core\widgets\yasb\libre_monitor.py", line 206, in _update_label
TypeError: float() argument must be a string or a real number, not 'NoneType'
2026-07-13 20:10:32,382 [ERROR] [MainThread] [root/base.py:126]: Failed to execute callback of type 'update_label' with args: []
Traceback (most recent call last):
  File "D:\a\yasb\yasb\src\core\widgets\base.py", line 124, in _run_callback
  File "D:\a\yasb\yasb\src\core\widgets\yasb\libre_monitor.py", line 206, in _update_label
TypeError: float() argument must be a string or a real number, not 'NoneType'
2026-07-13 20:10:44,383 [ERROR] [MainThread] [root/base.py:126]: Failed to execute callback of type 'update_label' with args: []
Traceback (most recent call last):
  File "D:\a\yasb\yasb\src\core\widgets\base.py", line 124, in _run_callback
  File "D:\a\yasb\yasb\src\core\widgets\yasb\libre_monitor.py", line 206, in _update_label
TypeError: float() argument must be a string or a real number, not 'NoneType'
2026-07-13 20:10:46,382 [ERROR] [MainThread] [root/base.py:126]: Failed to execute callback of type 'update_label' with args: []
Traceback (most recent call last):
  File "D:\a\yasb\yasb\src\core\widgets\base.py", line 124, in _run_callback
  File "D:\a\yasb\yasb\src\core\widgets\yasb\libre_monitor.py", line 206, in _update_label
TypeError: float() argument must be a string or a real number, not 'NoneType'
2026-07-13 20:10:50,383 [ERROR] [MainThread] [root/base.py:126]: Failed to execute callback of type 'update_label' with args: []
Traceback (most recent call last):
  File "D:\a\yasb\yasb\src\core\widgets\base.py", line 124, in _run_callback
  File "D:\a\yasb\yasb\src\core\widgets\yasb\libre_monitor.py", line 206, in _update_label
TypeError: float() argument must be a string or a real number, not 'NoneType'
2026-07-13 20:11:28,382 [ERROR] [MainThread] [root/base.py:126]: Failed to execute callback of type 'update_label' with args: []
Traceback (most recent call last):
  File "D:\a\yasb\yasb\src\core\widgets\base.py", line 124, in _run_callback
  File "D:\a\yasb\yasb\src\core\widgets\yasb\libre_monitor.py", line 206, in _update_label
TypeError: float() argument must be a string or a real number, not 'NoneType'
2026-07-13 20:12:12,381 [ERROR] [MainThread] [root/base.py:126]: Failed to execute callback of type 'update_label' with args: []
Traceback (most recent call last):
  File "D:\a\yasb\yasb\src\core\widgets\base.py", line 124, in _run_callback
  File "D:\a\yasb\yasb\src\core\widgets\yasb\libre_monitor.py", line 206, in _update_label
TypeError: float() argument must be a string or a real number, not 'NoneType'
2026-07-13 20:12:14,383 [ERROR] [MainThread] [root/base.py:126]: Failed to execute callback of type 'update_label' with args: []
Traceback (most recent call last):
  File "D:\a\yasb\yasb\src\core\widgets\base.py", line 124, in _run_callback
  File "D:\a\yasb\yasb\src\core\widgets\yasb\libre_monitor.py", line 206, in _update_label
TypeError: float() argument must be a string or a real number, not 'NoneType'
2026-07-13 20:12:24,383 [ERROR] [MainThread] [root/base.py:126]: Failed to execute callback of type 'update_label' with args: []
Traceback (most recent call last):
  File "D:\a\yasb\yasb\src\core\widgets\base.py", line 124, in _run_callback
  File "D:\a\yasb\yasb\src\core\widgets\yasb\libre_monitor.py", line 206, in _update_label
TypeError: float() argument must be a string or a real number, not 'NoneType'
2026-07-13 20:12:36,382 [ERROR] [MainThread] [root/base.py:126]: Failed to execute callback of type 'update_label' with args: []
Traceback (most recent call last):
  File "D:\a\yasb\yasb\src\core\widgets\base.py", line 124, in _run_callback
  File "D:\a\yasb\yasb\src\core\widgets\yasb\libre_monitor.py", line 206, in _update_label
TypeError: float() argument must be a string or a real number, not 'NoneType'
2026-07-13 20:12:54,382 [ERROR] [MainThread] [root/base.py:126]: Failed to execute callback of type 'update_label' with args: []
Traceback (most recent call last):
  File "D:\a\yasb\yasb\src\core\widgets\base.py", line 124, in _run_callback
  File "D:\a\yasb\yasb\src\core\widgets\yasb\libre_monitor.py", line 206, in _update_label
TypeError: float() argument must be a string or a real number, not 'NoneType'
2026-07-13 20:13:14,384 [ERROR] [MainThread] [root/base.py:126]: Failed to execute callback of type 'update_label' with args: []
Traceback (most recent call last):
  File "D:\a\yasb\yasb\src\core\widgets\base.py", line 124, in _run_callback
  File "D:\a\yasb\yasb\src\core\widgets\yasb\libre_monitor.py", line 206, in _update_label
TypeError: float() argument must be a string or a real number, not 'NoneType'
2026-07-13 20:13:48,383 [ERROR] [MainThread] [root/base.py:126]: Failed to execute callback of type 'update_label' with args: []
Traceback (most recent call last):
  File "D:\a\yasb\yasb\src\core\widgets\base.py", line 124, in _run_callback
  File "D:\a\yasb\yasb\src\core\widgets\yasb\libre_monitor.py", line 206, in _update_label
TypeError: float() argument must be a string or a real number, not 'NoneType'
2026-07-13 20:13:58,382 [ERROR] [MainThread] [root/base.py:126]: Failed to execute callback of type 'update_label' with args: []
Traceback (most recent call last):
  File "D:\a\yasb\yasb\src\core\widgets\base.py", line 124, in _run_callback
  File "D:\a\yasb\yasb\src\core\widgets\yasb\libre_monitor.py", line 206, in _update_label
TypeError: float() argument must be a string or a real number, not 'NoneType'
2026-07-13 20:15:08,382 [ERROR] [MainThread] [root/base.py:126]: Failed to execute callback of type 'update_label' with args: []
Traceback (most recent call last):
  File "D:\a\yasb\yasb\src\core\widgets\base.py", line 124, in _run_callback
  File "D:\a\yasb\yasb\src\core\widgets\yasb\libre_monitor.py", line 206, in _update_label
TypeError: float() argument must be a string or a real number, not 'NoneType'
2026-07-13 20:15:12,382 [ERROR] [MainThread] [root/base.py:126]: Failed to execute callback of type 'update_label' with args: []
Traceback (most recent call last):
  File "D:\a\yasb\yasb\src\core\widgets\base.py", line 124, in _run_callback
  File "D:\a\yasb\yasb\src\core\widgets\yasb\libre_monitor.py", line 206, in _update_label
TypeError: float() argument must be a string or a real number, not 'NoneType'
2026-07-13 20:15:28,382 [ERROR] [MainThread] [root/base.py:126]: Failed to execute callback of type 'update_label' with args: []
Traceback (most recent call last):
  File "D:\a\yasb\yasb\src\core\widgets\base.py", line 124, in _run_callback
  File "D:\a\yasb\yasb\src\core\widgets\yasb\libre_monitor.py", line 206, in _update_label
TypeError: float() argument must be a string or a real number, not 'NoneType'
2026-07-13 20:15:32,383 [ERROR] [MainThread] [root/base.py:126]: Failed to execute callback of type 'update_label' with args: []
Traceback (most recent call last):
  File "D:\a\yasb\yasb\src\core\widgets\base.py", line 124, in _run_callback
  File "D:\a\yasb\yasb\src\core\widgets\yasb\libre_monitor.py", line 206, in _update_label
TypeError: float() argument must be a string or a real number, not 'NoneType'
2026-07-13 20:15:46,382 [ERROR] [MainThread] [root/base.py:126]: Failed to execute callback of type 'update_label' with args: []
Traceback (most recent call last):
  File "D:\a\yasb\yasb\src\core\widgets\base.py", line 124, in _run_callback
  File "D:\a\yasb\yasb\src\core\widgets\yasb\libre_monitor.py", line 206, in _update_label
TypeError: float() argument must be a string or a real number, not 'NoneType'
2026-07-13 20:17:00,382 [ERROR] [MainThread] [root/base.py:126]: Failed to execute callback of type 'update_label' with args: []
Traceback (most recent call last):
  File "D:\a\yasb\yasb\src\core\widgets\base.py", line 124, in _run_callback
  File "D:\a\yasb\yasb\src\core\widgets\yasb\libre_monitor.py", line 206, in _update_label
TypeError: float() argument must be a string or a real number, not 'NoneType'
2026-07-13 20:17:34,382 [ERROR] [MainThread] [root/base.py:126]: Failed to execute callback of type 'update_label' with args: []
Traceback (most recent call last):
  File "D:\a\yasb\yasb\src\core\widgets\base.py", line 124, in _run_callback
  File "D:\a\yasb\yasb\src\core\widgets\yasb\libre_monitor.py", line 206, in _update_label
TypeError: float() argument must be a string or a real number, not 'NoneType'
2026-07-13 20:18:06,382 [ERROR] [MainThread] [root/base.py:126]: Failed to execute callback of type 'update_label' with args: []
Traceback (most recent call last):
  File "D:\a\yasb\yasb\src\core\widgets\base.py", line 124, in _run_callback
  File "D:\a\yasb\yasb\src\core\widgets\yasb\libre_monitor.py", line 206, in _update_label
TypeError: float() argument must be a string or a real number, not 'NoneType'
2026-07-13 20:18:08,383 [ERROR] [MainThread] [root/base.py:126]: Failed to execute callback of type 'update_label' with args: []
Traceback (most recent call last):
  File "D:\a\yasb\yasb\src\core\widgets\base.py", line 124, in _run_callback
  File "D:\a\yasb\yasb\src\core\widgets\yasb\libre_monitor.py", line 206, in _update_label
TypeError: float() argument must be a string or a real number, not 'NoneType'
2026-07-13 20:18:24,382 [ERROR] [MainThread] [root/base.py:126]: Failed to execute callback of type 'update_label' with args: []
Traceback (most recent call last):
  File "D:\a\yasb\yasb\src\core\widgets\base.py", line 124, in _run_callback
  File "D:\a\yasb\yasb\src\core\widgets\yasb\libre_monitor.py", line 206, in _update_label
TypeError: float() argument must be a string or a real number, not 'NoneType'
2026-07-13 20:18:26,383 [ERROR] [MainThread] [root/base.py:126]: Failed to execute callback of type 'update_label' with args: []
Traceback (most recent call last):
  File "D:\a\yasb\yasb\src\core\widgets\base.py", line 124, in _run_callback
  File "D:\a\yasb\yasb\src\core\widgets\yasb\libre_monitor.py", line 206, in _update_label
TypeError: float() argument must be a string or a real number, not 'NoneType'
2026-07-13 20:18:30,382 [ERROR] [MainThread] [root/base.py:126]: Failed to execute callback of type 'update_label' with args: []
Traceback (most recent call last):
  File "D:\a\yasb\yasb\src\core\widgets\base.py", line 124, in _run_callback
  File "D:\a\yasb\yasb\src\core\widgets\yasb\libre_monitor.py", line 206, in _update_label
TypeError: float() argument must be a string or a real number, not 'NoneType'
2026-07-13 20:19:12,381 [ERROR] [MainThread] [root/base.py:126]: Failed to execute callback of type 'update_label' with args: []
Traceback (most recent call last):
  File "D:\a\yasb\yasb\src\core\widgets\base.py", line 124, in _run_callback
  File "D:\a\yasb\yasb\src\core\widgets\yasb\libre_monitor.py", line 206, in _update_label
TypeError: float() argument must be a string or a real number, not 'NoneType'
2026-07-13 20:19:22,381 [ERROR] [MainThread] [root/base.py:126]: Failed to execute callback of type 'update_label' with args: []
Traceback (most recent call last):
  File "D:\a\yasb\yasb\src\core\widgets\base.py", line 124, in _run_callback
  File "D:\a\yasb\yasb\src\core\widgets\yasb\libre_monitor.py", line 206, in _update_label
TypeError: float() argument must be a string or a real number, not 'NoneType'
2026-07-13 20:19:26,383 [ERROR] [MainThread] [root/base.py:126]: Failed to execute callback of type 'update_label' with args: []
Traceback (most recent call last):
  File "D:\a\yasb\yasb\src\core\widgets\base.py", line 124, in _run_callback
  File "D:\a\yasb\yasb\src\core\widgets\yasb\libre_monitor.py", line 206, in _update_label
TypeError: float() argument must be a string or a real number, not 'NoneType'
2026-07-13 20:19:30,383 [ERROR] [MainThread] [root/base.py:126]: Failed to execute callback of type 'update_label' with args: []
Traceback (most recent call last):
  File "D:\a\yasb\yasb\src\core\widgets\base.py", line 124, in _run_callback
  File "D:\a\yasb\yasb\src\core\widgets\yasb\libre_monitor.py", line 206, in _update_label
TypeError: float() argument must be a string or a real number, not 'NoneType'
2026-07-13 20:19:50,382 [ERROR] [MainThread] [root/base.py:126]: Failed to execute callback of type 'update_label' with args: []
Traceback (most recent call last):
  File "D:\a\yasb\yasb\src\core\widgets\base.py", line 124, in _run_callback
  File "D:\a\yasb\yasb\src\core\widgets\yasb\libre_monitor.py", line 206, in _update_label
TypeError: float() argument must be a string or a real number, not 'NoneType'
2026-07-13 20:20:04,383 [ERROR] [MainThread] [root/base.py:126]: Failed to execute callback of type 'update_label' with args: []
Traceback (most recent call last):
  File "D:\a\yasb\yasb\src\core\widgets\base.py", line 124, in _run_callback
  File "D:\a\yasb\yasb\src\core\widgets\yasb\libre_monitor.py", line 206, in _update_label
TypeError: float() argument must be a string or a real number, not 'NoneType'
2026-07-13 20:20:58,383 [ERROR] [MainThread] [root/base.py:126]: Failed to execute callback of type 'update_label' with args: []
Traceback (most recent call last):
  File "D:\a\yasb\yasb\src\core\widgets\base.py", line 124, in _run_callback
  File "D:\a\yasb\yasb\src\core\widgets\yasb\libre_monitor.py", line 206, in _update_label
TypeError: float() argument must be a string or a real number, not 'NoneType'
2026-07-13 20:21:44,382 [ERROR] [MainThread] [root/base.py:126]: Failed to execute callback of type 'update_label' with args: []
Traceback (most recent call last):
  File "D:\a\yasb\yasb\src\core\widgets\base.py", line 124, in _run_callback
  File "D:\a\yasb\yasb\src\core\widgets\yasb\libre_monitor.py", line 206, in _update_label
TypeError: float() argument must be a string or a real number, not 'NoneType'
2026-07-13 20:21:58,382 [ERROR] [MainThread] [root/base.py:126]: Failed to execute callback of type 'update_label' with args: []
Traceback (most recent call last):
  File "D:\a\yasb\yasb\src\core\widgets\base.py", line 124, in _run_callback
  File "D:\a\yasb\yasb\src\core\widgets\yasb\libre_monitor.py", line 206, in _update_label
TypeError: float() argument must be a string or a real number, not 'NoneType'
2026-07-13 20:22:06,382 [ERROR] [MainThread] [root/base.py:126]: Failed to execute callback of type 'update_label' with args: []
Traceback (most recent call last):
  File "D:\a\yasb\yasb\src\core\widgets\base.py", line 124, in _run_callback
  File "D:\a\yasb\yasb\src\core\widgets\yasb\libre_monitor.py", line 206, in _update_label
TypeError: float() argument must be a string or a real number, not 'NoneType'
2026-07-13 20:22:28,381 [ERROR] [MainThread] [root/base.py:126]: Failed to execute callback of type 'update_label' with args: []
Traceback (most recent call last):
  File "D:\a\yasb\yasb\src\core\widgets\base.py", line 124, in _run_callback
  File "D:\a\yasb\yasb\src\core\widgets\yasb\libre_monitor.py", line 206, in _update_label
TypeError: float() argument must be a string or a real number, not 'NoneType'
2026-07-13 20:22:32,382 [ERROR] [MainThread] [root/base.py:126]: Failed to execute callback of type 'update_label' with args: []
Traceback (most recent call last):
  File "D:\a\yasb\yasb\src\core\widgets\base.py", line 124, in _run_callback
  File "D:\a\yasb\yasb\src\core\widgets\yasb\libre_monitor.py", line 206, in _update_label
TypeError: float() argument must be a string or a real number, not 'NoneType'
2026-07-13 20:22:42,382 [ERROR] [MainThread] [root/base.py:126]: Failed to execute callback of type 'update_label' with args: []
Traceback (most recent call last):
  File "D:\a\yasb\yasb\src\core\widgets\base.py", line 124, in _run_callback
  File "D:\a\yasb\yasb\src\core\widgets\yasb\libre_monitor.py", line 206, in _update_label
TypeError: float() argument must be a string or a real number, not 'NoneType'
2026-07-13 20:22:58,382 [ERROR] [MainThread] [root/base.py:126]: Failed to execute callback of type 'update_label' with args: []
Traceback (most recent call last):
  File "D:\a\yasb\yasb\src\core\widgets\base.py", line 124, in _run_callback
  File "D:\a\yasb\yasb\src\core\widgets\yasb\libre_monitor.py", line 206, in _update_label
TypeError: float() argument must be a string or a real number, not 'NoneType'
2026-07-13 20:23:04,381 [ERROR] [MainThread] [root/base.py:126]: Failed to execute callback of type 'update_label' with args: []
Traceback (most recent call last):
  File "D:\a\yasb\yasb\src\core\widgets\base.py", line 124, in _run_callback
  File "D:\a\yasb\yasb\src\core\widgets\yasb\libre_monitor.py", line 206, in _update_label
TypeError: float() argument must be a string or a real number, not 'NoneType'
2026-07-13 20:23:10,382 [ERROR] [MainThread] [root/base.py:126]: Failed to execute callback of type 'update_label' with args: []
Traceback (most recent call last):
  File "D:\a\yasb\yasb\src\core\widgets\base.py", line 124, in _run_callback
  File "D:\a\yasb\yasb\src\core\widgets\yasb\libre_monitor.py", line 206, in _update_label
TypeError: float() argument must be a string or a real number, not 'NoneType'
2026-07-13 20:23:34,383 [ERROR] [MainThread] [root/base.py:126]: Failed to execute callback of type 'update_label' with args: []
Traceback (most recent call last):
  File "D:\a\yasb\yasb\src\core\widgets\base.py", line 124, in _run_callback
  File "D:\a\yasb\yasb\src\core\widgets\yasb\libre_monitor.py", line 206, in _update_label
TypeError: float() argument must be a string or a real number, not 'NoneType'
2026-07-13 20:24:12,381 [ERROR] [MainThread] [root/base.py:126]: Failed to execute callback of type 'update_label' with args: []
Traceback (most recent call last):
  File "D:\a\yasb\yasb\src\core\widgets\base.py", line 124, in _run_callback
  File "D:\a\yasb\yasb\src\core\widgets\yasb\libre_monitor.py", line 206, in _update_label
TypeError: float() argument must be a string or a real number, not 'NoneType'
2026-07-13 20:24:20,382 [ERROR] [MainThread] [root/base.py:126]: Failed to execute callback of type 'update_label' with args: []
Traceback (most recent call last):
  File "D:\a\yasb\yasb\src\core\widgets\base.py", line 124, in _run_callback
  File "D:\a\yasb\yasb\src\core\widgets\yasb\libre_monitor.py", line 206, in _update_label
TypeError: float() argument must be a string or a real number, not 'NoneType'
2026-07-13 20:25:00,382 [ERROR] [MainThread] [root/base.py:126]: Failed to execute callback of type 'update_label' with args: []
Traceback (most recent call last):
  File "D:\a\yasb\yasb\src\core\widgets\base.py", line 124, in _run_callback
  File "D:\a\yasb\yasb\src\core\widgets\yasb\libre_monitor.py", line 206, in _update_label
TypeError: float() argument must be a string or a real number, not 'NoneType'
2026-07-13 20:26:34,381 [ERROR] [MainThread] [root/base.py:126]: Failed to execute callback of type 'update_label' with args: []
Traceback (most recent call last):
  File "D:\a\yasb\yasb\src\core\widgets\base.py", line 124, in _run_callback
  File "D:\a\yasb\yasb\src\core\widgets\yasb\libre_monitor.py", line 206, in _update_label
TypeError: float() argument must be a string or a real number, not 'NoneType'
2026-07-13 20:26:40,383 [ERROR] [MainThread] [root/base.py:126]: Failed to execute callback of type 'update_label' with args: []
Traceback (most recent call last):
  File "D:\a\yasb\yasb\src\core\widgets\base.py", line 124, in _run_callback
  File "D:\a\yasb\yasb\src\core\widgets\yasb\libre_monitor.py", line 206, in _update_label
TypeError: float() argument must be a string or a real number, not 'NoneType'
2026-07-13 20:26:44,381 [ERROR] [MainThread] [root/base.py:126]: Failed to execute callback of type 'update_label' with args: []
Traceback (most recent call last):
  File "D:\a\yasb\yasb\src\core\widgets\base.py", line 124, in _run_callback
  File "D:\a\yasb\yasb\src\core\widgets\yasb\libre_monitor.py", line 206, in _update_label
TypeError: float() argument must be a string or a real number, not 'NoneType'
2026-07-13 20:27:06,383 [ERROR] [MainThread] [root/base.py:126]: Failed to execute callback of type 'update_label' with args: []
Traceback (most recent call last):
  File "D:\a\yasb\yasb\src\core\widgets\base.py", line 124, in _run_callback
  File "D:\a\yasb\yasb\src\core\widgets\yasb\libre_monitor.py", line 206, in _update_label
TypeError: float() argument must be a string or a real number, not 'NoneType'
2026-07-13 20:27:10,381 [ERROR] [MainThread] [root/base.py:126]: Failed to execute callback of type 'update_label' with args: []
Traceback (most recent call last):
  File "D:\a\yasb\yasb\src\core\widgets\base.py", line 124, in _run_callback
  File "D:\a\yasb\yasb\src\core\widgets\yasb\libre_monitor.py", line 206, in _update_label
TypeError: float() argument must be a string or a real number, not 'NoneType'
2026-07-13 20:27:22,382 [ERROR] [MainThread] [root/base.py:126]: Failed to execute callback of type 'update_label' with args: []
Traceback (most recent call last):
  File "D:\a\yasb\yasb\src\core\widgets\base.py", line 124, in _run_callback
  File "D:\a\yasb\yasb\src\core\widgets\yasb\libre_monitor.py", line 206, in _update_label
TypeError: float() argument must be a string or a real number, not 'NoneType'
2026-07-13 20:27:40,382 [ERROR] [MainThread] [root/base.py:126]: Failed to execute callback of type 'update_label' with args: []
Traceback (most recent call last):
  File "D:\a\yasb\yasb\src\core\widgets\base.py", line 124, in _run_callback
  File "D:\a\yasb\yasb\src\core\widgets\yasb\libre_monitor.py", line 206, in _update_label
TypeError: float() argument must be a string or a real number, not 'NoneType'
2026-07-13 20:27:46,384 [ERROR] [MainThread] [root/base.py:126]: Failed to execute callback of type 'update_label' with args: []
Traceback (most recent call last):
  File "D:\a\yasb\yasb\src\core\widgets\base.py", line 124, in _run_callback
  File "D:\a\yasb\yasb\src\core\widgets\yasb\libre_monitor.py", line 206, in _update_label
TypeError: float() argument must be a string or a real number, not 'NoneType'
2026-07-13 20:28:38,382 [ERROR] [MainThread] [root/base.py:126]: Failed to execute callback of type 'update_label' with args: []
Traceback (most recent call last):
  File "D:\a\yasb\yasb\src\core\widgets\base.py", line 124, in _run_callback
  File "D:\a\yasb\yasb\src\core\widgets\yasb\libre_monitor.py", line 206, in _update_label
TypeError: float() argument must be a string or a real number, not 'NoneType'
2026-07-13 20:28:46,381 [ERROR] [MainThread] [root/base.py:126]: Failed to execute callback of type 'update_label' with args: []
Traceback (most recent call last):
  File "D:\a\yasb\yasb\src\core\widgets\base.py", line 124, in _run_callback
  File "D:\a\yasb\yasb\src\core\widgets\yasb\libre_monitor.py", line 206, in _update_label
TypeError: float() argument must be a string or a real number, not 'NoneType'
2026-07-13 20:29:04,384 [ERROR] [MainThread] [root/base.py:126]: Failed to execute callback of type 'update_label' with args: []
Traceback (most recent call last):
  File "D:\a\yasb\yasb\src\core\widgets\base.py", line 124, in _run_callback
  File "D:\a\yasb\yasb\src\core\widgets\yasb\libre_monitor.py", line 206, in _update_label
TypeError: float() argument must be a string or a real number, not 'NoneType'
2026-07-13 20:29:28,383 [ERROR] [MainThread] [root/base.py:126]: Failed to execute callback of type 'update_label' with args: []
Traceback (most recent call last):
  File "D:\a\yasb\yasb\src\core\widgets\base.py", line 124, in _run_callback
  File "D:\a\yasb\yasb\src\core\widgets\yasb\libre_monitor.py", line 206, in _update_label
TypeError: float() argument must be a string or a real number, not 'NoneType'
2026-07-13 20:29:39,677 [WARNING] [Dummy-7] [root/event_listener.py:95]: Pipe has been ended: (109, 'PeekNamedPipe', 'The pipe has been ended.')
2026-07-13 20:29:39,678 [INFO] [Dummy-7] [root/event_listener.py:107]: Attempting to reconnect to Komorebi...
2026-07-13 20:29:42,692 [INFO] [Dummy-7] [root/event_listener.py:54]: Created named pipe yasb-05f1e1c7-7e93-11f1-ba35-00e04f21bc50
2026-07-13 20:29:42,847 [WARNING] [Dummy-7] [root/event_listener.py:134]: Komorebi failed to subscribe named pipe. Komorebi is not running, please start Komorebi.
2026-07-13 20:29:59,347 [INFO] [MainThread] [root/controller.py:43]: Exiting Application...
2026-07-13 20:29:59,453 [INFO] [MainThread] [cli_server/cli_server.py:114]: Log pipe server stopped
2026-07-13 20:30:33,191 [INFO] [MainThread] [root/bar_manager.py:97]: Screens updated. Re-initialising all bars.
2026-07-13 20:30:33,191 [INFO] [MainThread] [root/controller.py:21]: Reloading Application because of screen update.
2026-07-13 20:30:33,303 [INFO] [MainThread] [cli_server/cli_server.py:114]: Log pipe server stopped
2026-07-13 20:30:34,219 [INFO] [MainThread] [root/log.py:104]: YASB v2.0.5
2026-07-13 20:30:34,220 [INFO] [CLIPipeServer] [cli_server/cli_server.py:216]: CLI server started v1.1.7
2026-07-13 20:30:34,220 [INFO] [MainThread] [cli_server/cli_server.py:106]: Log pipe server started
2026-07-13 20:30:34,220 [INFO] [MainThread] [root/main.py:48]: Waiting for previous YASB instance to exit...
2026-07-13 20:31:32,158 [INFO] [MainThread] [root/log.py:104]: YASB v2.0.5
2026-07-13 20:31:32,159 [INFO] [CLIPipeServer] [cli_server/cli_server.py:216]: CLI server started v1.1.7
2026-07-13 20:31:32,159 [INFO] [MainThread] [cli_server/cli_server.py:106]: Log pipe server started
2026-07-13 20:31:32,283 [WARNING] [MainThread] [deprecation/deprecation.py:136]: [DEPRECATED] BarAlignment: 'center' - Use 'align' instead.
2026-07-13 20:31:32,283 [WARNING] [MainThread] [deprecation/deprecation.py:136]: [DEPRECATED] BarBlurEffect: 'acrylic' - No longer supported and can be removed from the config.
2026-07-13 20:31:32,342 [WARNING] [MainThread] [deprecation/deprecation.py:136]: [DEPRECATED] GrouperWidgetConfig: 'container_padding' - Use CSS padding instead.
2026-07-13 20:31:32,425 [WARNING] [MainThread] [deprecation/deprecation.py:136]: [DEPRECATED] KomorebiWorkspacesConfig: 'animation' - Use CSS animations instead.
2026-07-13 20:31:32,429 [WARNING] [MainThread] [deprecation/deprecation.py:136]: [DEPRECATED] GrouperWidgetConfig: 'container_padding' - Use CSS padding instead.
2026-07-13 20:31:32,441 [WARNING] [MainThread] [deprecation/deprecation.py:136]: [DEPRECATED] GrouperWidgetConfig: 'container_padding' - Use CSS padding instead.
2026-07-13 20:31:32,917 [WARNING] [MainThread] [deprecation/deprecation.py:136]: [DEPRECATED] GrouperWidgetConfig: 'container_padding' - Use CSS padding instead.
2026-07-13 20:31:33,028 [WARNING] [MainThread] [deprecation/deprecation.py:136]: [DEPRECATED] OpenMeteoWidgetConfig: 'label_shadow' - Use CSS text-shadow instead.
2026-07-13 20:31:33,132 [WARNING] [MainThread] [deprecation/deprecation.py:136]: [DEPRECATED] GrouperWidgetConfig: 'container_padding' - Use CSS padding instead.
2026-07-13 20:31:33,164 [WARNING] [MainThread] [deprecation/deprecation.py:140]: [DEPRECATED] VolumeConfig: 'volume_icons' renamed to 'icons' - Use 'icons' with the dictionary format instead.
2026-07-13 20:31:33,164 [WARNING] [MainThread] [deprecation/deprecation.py:136]: [DEPRECATED] VolumeConfig: 'container_padding' - Use CSS padding instead.
2026-07-13 20:31:33,188 [INFO] [MainThread] [root/service.py:52]: AudioOutputService starting...
2026-07-13 20:31:33,241 [INFO] [MainThread] [root/service.py:41]: AudioInputService starting...
2026-07-13 20:31:33,274 [WARNING] [MainThread] [deprecation/deprecation.py:136]: [DEPRECATED] NotificationsConfig: 'container_padding' - Use CSS padding instead.
2026-07-13 20:31:33,293 [WARNING] [MainThread] [deprecation/deprecation.py:136]: [DEPRECATED] PowerMenuConfig: 'container_padding' - Use CSS padding instead.
2026-07-13 20:31:33,429 [INFO] [MainThread] [root/bar_manager.py:103]: Starting KomorebiEventListener...
2026-07-13 20:31:33,429 [INFO] [MainThread] [root/bar_manager.py:103]: Starting SystemEventListener...
2026-07-13 20:31:33,430 [INFO] [MainThread] [root/bar_manager.py:103]: Starting WindowsNotificationEventListener...
2026-07-13 20:31:33,431 [INFO] [Dummy-5] [root/event_listener.py:54]: Created named pipe yasb-2a093f2e-7ebf-11f1-9974-001a7dda7113
2026-07-13 20:31:33,433 [INFO] [MainThread] [root/watcher.py:65]: Watching directory: c:\users\raven\.config\yasb
2026-07-13 20:31:33,433 [INFO] [MainThread] [root/watcher.py:104]: Created file watcher
2026-07-13 20:31:33,465 [INFO] [MainThread] [root/update_service.py:434]: Background update checker started
2026-07-13 20:31:33,553 [WARNING] [Dummy-5] [root/event_listener.py:134]: Komorebi failed to subscribe named pipe. Komorebi is not running, please start Komorebi.
2026-07-13 20:31:48,924 [INFO] [Dummy-5] [root/event_listener.py:147]: Komorebi connected to named pipe: yasb-2a093f2e-7ebf-11f1-9974-001a7dda7113
2026-07-13 21:50:01,959 [ERROR] [MainThread] [root/base.py:126]: Failed to execute callback of type 'update_label' with args: []
Traceback (most recent call last):
  File "D:\a\yasb\yasb\src\core\widgets\base.py", line 124, in _run_callback
  File "D:\a\yasb\yasb\src\core\widgets\yasb\libre_monitor.py", line 206, in _update_label
TypeError: float() argument must be a string or a real number, not 'NoneType'
2026-07-13 22:45:07,920 [ERROR] [MainThread] [root/media.py:294]: get_thumbnail(): Error occurred when loading the thumbnail: cannot identify image file <_io.BytesIO object at 0x000001E2E94321B0>
2026-07-13 22:45:55,970 [ERROR] [MainThread] [root/media.py:294]: get_thumbnail(): Error occurred when loading the thumbnail: cannot identify image file <_io.BytesIO object at 0x000001E2E9433EC0>
2026-07-13 23:52:24,115 [ERROR] [MainThread] [root/base.py:126]: Failed to execute callback of type 'update_label' with args: []
Traceback (most recent call last):
  File "D:\a\yasb\yasb\src\core\widgets\base.py", line 124, in _run_callback
  File "D:\a\yasb\yasb\src\core\widgets\yasb\libre_monitor.py", line 206, in _update_label
TypeError: float() argument must be a string or a real number, not 'NoneType'
2026-07-13 23:53:06,108 [ERROR] [MainThread] [root/base.py:126]: Failed to execute callback of type 'update_label' with args: []
Traceback (most recent call last):
  File "D:\a\yasb\yasb\src\core\widgets\base.py", line 124, in _run_callback
  File "D:\a\yasb\yasb\src\core\widgets\yasb\libre_monitor.py", line 206, in _update_label
TypeError: float() argument must be a string or a real number, not 'NoneType'
2026-07-14 00:01:14,637 [INFO] [MainThread] [root/controller.py:43]: Exiting Application...
2026-07-14 00:01:14,744 [INFO] [MainThread] [cli_server/cli_server.py:114]: Log pipe server stopped
2026-07-14 00:01:15,088 [INFO] [MainThread] [root/bar_manager.py:119]: Stopping KomorebiEventListener...
2026-07-14 00:01:15,093 [INFO] [MainThread] [root/bar_manager.py:119]: Stopping SystemEventListener...
2026-07-14 00:01:15,097 [INFO] [MainThread] [root/bar_manager.py:119]: Stopping WindowsNotificationEventListener...
2026-07-14 00:02:08,737 [INFO] [MainThread] [root/log.py:104]: YASB v2.0.5
2026-07-14 00:02:08,739 [INFO] [CLIPipeServer] [cli_server/cli_server.py:216]: CLI server started v1.1.7
2026-07-14 00:02:08,739 [INFO] [MainThread] [cli_server/cli_server.py:106]: Log pipe server started
2026-07-14 00:02:08,865 [WARNING] [MainThread] [deprecation/deprecation.py:136]: [DEPRECATED] BarAlignment: 'center' - Use 'align' instead.
2026-07-14 00:02:08,865 [WARNING] [MainThread] [deprecation/deprecation.py:136]: [DEPRECATED] BarBlurEffect: 'acrylic' - No longer supported and can be removed from the config.
2026-07-14 00:02:08,920 [WARNING] [MainThread] [deprecation/deprecation.py:136]: [DEPRECATED] GrouperWidgetConfig: 'container_padding' - Use CSS padding instead.
2026-07-14 00:02:09,002 [WARNING] [MainThread] [deprecation/deprecation.py:136]: [DEPRECATED] KomorebiWorkspacesConfig: 'animation' - Use CSS animations instead.
2026-07-14 00:02:09,006 [WARNING] [MainThread] [deprecation/deprecation.py:136]: [DEPRECATED] GrouperWidgetConfig: 'container_padding' - Use CSS padding instead.
2026-07-14 00:02:09,018 [WARNING] [MainThread] [deprecation/deprecation.py:136]: [DEPRECATED] GrouperWidgetConfig: 'container_padding' - Use CSS padding instead.
2026-07-14 00:02:09,599 [WARNING] [MainThread] [deprecation/deprecation.py:136]: [DEPRECATED] GrouperWidgetConfig: 'container_padding' - Use CSS padding instead.
2026-07-14 00:02:09,738 [WARNING] [MainThread] [deprecation/deprecation.py:136]: [DEPRECATED] OpenMeteoWidgetConfig: 'label_shadow' - Use CSS text-shadow instead.
2026-07-14 00:02:09,842 [WARNING] [MainThread] [deprecation/deprecation.py:136]: [DEPRECATED] GrouperWidgetConfig: 'container_padding' - Use CSS padding instead.
2026-07-14 00:02:09,872 [WARNING] [MainThread] [deprecation/deprecation.py:140]: [DEPRECATED] VolumeConfig: 'volume_icons' renamed to 'icons' - Use 'icons' with the dictionary format instead.
2026-07-14 00:02:09,872 [WARNING] [MainThread] [deprecation/deprecation.py:136]: [DEPRECATED] VolumeConfig: 'container_padding' - Use CSS padding instead.
2026-07-14 00:02:09,894 [INFO] [MainThread] [root/service.py:52]: AudioOutputService starting...
2026-07-14 00:02:09,947 [INFO] [MainThread] [root/service.py:41]: AudioInputService starting...
2026-07-14 00:02:09,981 [WARNING] [MainThread] [deprecation/deprecation.py:136]: [DEPRECATED] NotificationsConfig: 'container_padding' - Use CSS padding instead.
2026-07-14 00:02:09,999 [WARNING] [MainThread] [deprecation/deprecation.py:136]: [DEPRECATED] PowerMenuConfig: 'container_padding' - Use CSS padding instead.
2026-07-14 00:02:10,176 [INFO] [MainThread] [root/bar_manager.py:103]: Starting KomorebiEventListener...
2026-07-14 00:02:10,177 [INFO] [MainThread] [root/bar_manager.py:103]: Starting WindowsNotificationEventListener...
2026-07-14 00:02:10,177 [INFO] [MainThread] [root/bar_manager.py:103]: Starting SystemEventListener...
2026-07-14 00:02:10,178 [INFO] [Dummy-5] [root/event_listener.py:54]: Created named pipe yasb-961fdd96-7edc-11f1-9154-001a7dda7113
2026-07-14 00:02:10,180 [INFO] [MainThread] [root/watcher.py:65]: Watching directory: c:\users\raven\.config\yasb
2026-07-14 00:02:10,180 [INFO] [MainThread] [root/watcher.py:104]: Created file watcher
2026-07-14 00:02:10,217 [INFO] [MainThread] [root/update_service.py:434]: Background update checker started
2026-07-14 00:02:10,295 [WARNING] [Dummy-5] [root/event_listener.py:134]: Komorebi failed to subscribe named pipe. Komorebi is not running, please start Komorebi.
2026-07-14 00:02:10,348 [WARNING] [UpdateChecker] [root/update_service.py:300]: Network error checking for updates: [Errno 11001] getaddrinfo failed
2026-07-14 00:02:10,349 [WARNING] [UpdateChecker] [root/update_service.py:430]: Background update check failed: <urlopen error [Errno 11001] getaddrinfo failed>
2026-07-14 00:02:10,598 [ERROR] [MainThread] [open_meteo/api.py:105]: No internet connection or host not found. Unable to fetch weather.
2026-07-14 00:02:10,599 [WARNING] [MainThread] [root/open_meteo.py:865]: Error processing Open-Meteo data: Weather data is empty.
2026-07-14 00:02:20,597 [ERROR] [MainThread] [open_meteo/api.py:105]: No internet connection or host not found. Unable to fetch weather.
2026-07-14 00:02:20,597 [WARNING] [MainThread] [root/open_meteo.py:865]: Error processing Open-Meteo data: Weather data is empty.
2026-07-14 00:02:25,647 [INFO] [Dummy-5] [root/event_listener.py:147]: Komorebi connected to named pipe: yasb-961fdd96-7edc-11f1-9154-001a7dda7113
2026-07-14 00:02:30,591 [ERROR] [MainThread] [open_meteo/api.py:105]: No internet connection or host not found. Unable to fetch weather.
2026-07-14 00:02:30,592 [WARNING] [MainThread] [root/open_meteo.py:865]: Error processing Open-Meteo data: Weather data is empty.
2026-07-14 00:02:40,591 [ERROR] [MainThread] [open_meteo/api.py:105]: No internet connection or host not found. Unable to fetch weather.
2026-07-14 00:02:40,591 [WARNING] [MainThread] [root/open_meteo.py:865]: Error processing Open-Meteo data: Weather data is empty.
2026-07-14 00:02:50,599 [ERROR] [MainThread] [open_meteo/api.py:105]: No internet connection or host not found. Unable to fetch weather.
2026-07-14 00:02:50,599 [WARNING] [MainThread] [root/open_meteo.py:865]: Error processing Open-Meteo data: Weather data is empty.
2026-07-14 00:03:00,595 [ERROR] [MainThread] [open_meteo/api.py:105]: No internet connection or host not found. Unable to fetch weather.
2026-07-14 00:03:00,595 [WARNING] [MainThread] [root/open_meteo.py:865]: Error processing Open-Meteo data: Weather data is empty.
2026-07-14 00:03:10,597 [ERROR] [MainThread] [open_meteo/api.py:105]: No internet connection or host not found. Unable to fetch weather.
2026-07-14 00:03:10,597 [WARNING] [MainThread] [root/open_meteo.py:865]: Error processing Open-Meteo data: Weather data is empty.
2026-07-14 00:03:20,598 [ERROR] [MainThread] [open_meteo/api.py:105]: No internet connection or host not found. Unable to fetch weather.
2026-07-14 00:03:20,598 [WARNING] [MainThread] [root/open_meteo.py:865]: Error processing Open-Meteo data: Weather data is empty.
2026-07-14 00:03:30,602 [ERROR] [MainThread] [open_meteo/api.py:105]: No internet connection or host not found. Unable to fetch weather.
2026-07-14 00:03:30,603 [WARNING] [MainThread] [root/open_meteo.py:865]: Error processing Open-Meteo data: Weather data is empty.
2026-07-14 00:03:40,609 [ERROR] [MainThread] [open_meteo/api.py:105]: No internet connection or host not found. Unable to fetch weather.
2026-07-14 00:03:40,609 [WARNING] [MainThread] [root/open_meteo.py:865]: Error processing Open-Meteo data: Weather data is empty.
2026-07-14 00:03:50,613 [ERROR] [MainThread] [open_meteo/api.py:105]: No internet connection or host not found. Unable to fetch weather.
2026-07-14 00:03:50,613 [WARNING] [MainThread] [root/open_meteo.py:865]: Error processing Open-Meteo data: Weather data is empty.
2026-07-14 02:16:53,177 [ERROR] [MainThread] [root/base.py:126]: Failed to execute callback of type 'update_label' with args: []
Traceback (most recent call last):
  File "D:\a\yasb\yasb\src\core\widgets\base.py", line 124, in _run_callback
  File "D:\a\yasb\yasb\src\core\widgets\yasb\libre_monitor.py", line 206, in _update_label
TypeError: float() argument must be a string or a real number, not 'NoneType'
2026-07-14 06:16:35,179 [ERROR] [MainThread] [root/base.py:126]: Failed to execute callback of type 'update_label' with args: []
Traceback (most recent call last):
  File "D:\a\yasb\yasb\src\core\widgets\base.py", line 124, in _run_callback
  File "D:\a\yasb\yasb\src\core\widgets\yasb\libre_monitor.py", line 206, in _update_label
TypeError: float() argument must be a string or a real number, not 'NoneType'
2026-07-14 14:58:59,677 [INFO] [MainThread] [root/bar_manager.py:119]: Stopping KomorebiEventListener...
2026-07-14 14:58:59,700 [INFO] [MainThread] [root/bar_manager.py:119]: Stopping WindowsNotificationEventListener...
2026-07-14 14:58:59,714 [INFO] [MainThread] [root/bar_manager.py:119]: Stopping SystemEventListener...
2026-07-14 15:00:03,021 [INFO] [MainThread] [root/log.py:104]: YASB v2.0.5
2026-07-14 15:00:03,022 [INFO] [CLIPipeServer] [cli_server/cli_server.py:216]: CLI server started v1.1.7
2026-07-14 15:00:03,023 [INFO] [MainThread] [cli_server/cli_server.py:106]: Log pipe server started
2026-07-14 15:00:03,151 [WARNING] [MainThread] [deprecation/deprecation.py:136]: [DEPRECATED] BarAlignment: 'center' - Use 'align' instead.
2026-07-14 15:00:03,151 [WARNING] [MainThread] [deprecation/deprecation.py:136]: [DEPRECATED] BarBlurEffect: 'acrylic' - No longer supported and can be removed from the config.
2026-07-14 15:00:03,209 [WARNING] [MainThread] [deprecation/deprecation.py:136]: [DEPRECATED] GrouperWidgetConfig: 'container_padding' - Use CSS padding instead.
2026-07-14 15:00:03,291 [WARNING] [MainThread] [deprecation/deprecation.py:136]: [DEPRECATED] KomorebiWorkspacesConfig: 'animation' - Use CSS animations instead.
2026-07-14 15:00:03,296 [WARNING] [MainThread] [deprecation/deprecation.py:136]: [DEPRECATED] GrouperWidgetConfig: 'container_padding' - Use CSS padding instead.
2026-07-14 15:00:03,307 [WARNING] [MainThread] [deprecation/deprecation.py:136]: [DEPRECATED] GrouperWidgetConfig: 'container_padding' - Use CSS padding instead.
2026-07-14 15:00:03,892 [WARNING] [MainThread] [deprecation/deprecation.py:136]: [DEPRECATED] GrouperWidgetConfig: 'container_padding' - Use CSS padding instead.
2026-07-14 15:00:04,000 [WARNING] [MainThread] [deprecation/deprecation.py:136]: [DEPRECATED] OpenMeteoWidgetConfig: 'label_shadow' - Use CSS text-shadow instead.
2026-07-14 15:00:04,100 [WARNING] [MainThread] [deprecation/deprecation.py:136]: [DEPRECATED] GrouperWidgetConfig: 'container_padding' - Use CSS padding instead.
2026-07-14 15:00:04,128 [WARNING] [MainThread] [deprecation/deprecation.py:140]: [DEPRECATED] VolumeConfig: 'volume_icons' renamed to 'icons' - Use 'icons' with the dictionary format instead.
2026-07-14 15:00:04,129 [WARNING] [MainThread] [deprecation/deprecation.py:136]: [DEPRECATED] VolumeConfig: 'container_padding' - Use CSS padding instead.
2026-07-14 15:00:04,150 [INFO] [MainThread] [root/service.py:52]: AudioOutputService starting...
2026-07-14 15:00:04,202 [INFO] [MainThread] [root/service.py:41]: AudioInputService starting...
2026-07-14 15:00:04,236 [WARNING] [MainThread] [deprecation/deprecation.py:136]: [DEPRECATED] NotificationsConfig: 'container_padding' - Use CSS padding instead.
2026-07-14 15:00:04,254 [WARNING] [MainThread] [deprecation/deprecation.py:136]: [DEPRECATED] PowerMenuConfig: 'container_padding' - Use CSS padding instead.
2026-07-14 15:00:04,459 [INFO] [MainThread] [root/bar_manager.py:103]: Starting SystemEventListener...
2026-07-14 15:00:04,459 [INFO] [MainThread] [root/bar_manager.py:103]: Starting KomorebiEventListener...
2026-07-14 15:00:04,459 [INFO] [MainThread] [root/bar_manager.py:103]: Starting WindowsNotificationEventListener...
2026-07-14 15:00:04,460 [INFO] [Dummy-5] [root/event_listener.py:54]: Created named pipe yasb-05b2fcdb-7f5a-11f1-ac33-001a7dda7113
2026-07-14 15:00:04,464 [INFO] [MainThread] [root/watcher.py:65]: Watching directory: c:\users\raven\.config\yasb
2026-07-14 15:00:04,465 [INFO] [MainThread] [root/watcher.py:104]: Created file watcher
2026-07-14 15:00:04,499 [INFO] [MainThread] [root/update_service.py:434]: Background update checker started
2026-07-14 15:00:04,575 [WARNING] [Dummy-5] [root/event_listener.py:134]: Komorebi failed to subscribe named pipe. Komorebi is not running, please start Komorebi.
2026-07-14 15:00:19,923 [INFO] [Dummy-5] [root/event_listener.py:147]: Komorebi connected to named pipe: yasb-05b2fcdb-7f5a-11f1-ac33-001a7dda7113
2026-07-14 16:43:58,993 [INFO] [MainThread] [root/controller.py:43]: Exiting Application...
2026-07-14 16:43:59,098 [INFO] [MainThread] [cli_server/cli_server.py:114]: Log pipe server stopped
2026-07-14 16:43:59,298 [INFO] [MainThread] [root/bar_manager.py:119]: Stopping SystemEventListener...
2026-07-14 16:43:59,301 [INFO] [MainThread] [root/bar_manager.py:119]: Stopping KomorebiEventListener...
2026-07-14 16:43:59,304 [INFO] [MainThread] [root/bar_manager.py:119]: Stopping WindowsNotificationEventListener...
2026-07-14 16:49:43,967 [INFO] [MainThread] [root/log.py:104]: YASB v2.0.5
2026-07-14 16:49:43,969 [INFO] [CLIPipeServer] [cli_server/cli_server.py:216]: CLI server started v1.1.7
2026-07-14 16:49:43,969 [INFO] [MainThread] [cli_server/cli_server.py:106]: Log pipe server started
2026-07-14 16:49:44,097 [WARNING] [MainThread] [deprecation/deprecation.py:136]: [DEPRECATED] BarAlignment: 'center' - Use 'align' instead.
2026-07-14 16:49:44,097 [WARNING] [MainThread] [deprecation/deprecation.py:136]: [DEPRECATED] BarBlurEffect: 'acrylic' - No longer supported and can be removed from the config.
2026-07-14 16:49:44,164 [WARNING] [MainThread] [deprecation/deprecation.py:136]: [DEPRECATED] GrouperWidgetConfig: 'container_padding' - Use CSS padding instead.
2026-07-14 16:49:44,250 [WARNING] [MainThread] [deprecation/deprecation.py:136]: [DEPRECATED] KomorebiWorkspacesConfig: 'animation' - Use CSS animations instead.
2026-07-14 16:49:44,255 [WARNING] [MainThread] [deprecation/deprecation.py:136]: [DEPRECATED] GrouperWidgetConfig: 'container_padding' - Use CSS padding instead.
2026-07-14 16:49:44,267 [WARNING] [MainThread] [deprecation/deprecation.py:136]: [DEPRECATED] GrouperWidgetConfig: 'container_padding' - Use CSS padding instead.
2026-07-14 16:49:44,860 [WARNING] [MainThread] [deprecation/deprecation.py:136]: [DEPRECATED] GrouperWidgetConfig: 'container_padding' - Use CSS padding instead.
2026-07-14 16:49:44,974 [WARNING] [MainThread] [deprecation/deprecation.py:136]: [DEPRECATED] OpenMeteoWidgetConfig: 'label_shadow' - Use CSS text-shadow instead.
2026-07-14 16:49:45,078 [WARNING] [MainThread] [deprecation/deprecation.py:136]: [DEPRECATED] GrouperWidgetConfig: 'container_padding' - Use CSS padding instead.
2026-07-14 16:49:45,108 [WARNING] [MainThread] [deprecation/deprecation.py:140]: [DEPRECATED] VolumeConfig: 'volume_icons' renamed to 'icons' - Use 'icons' with the dictionary format instead.
2026-07-14 16:49:45,108 [WARNING] [MainThread] [deprecation/deprecation.py:136]: [DEPRECATED] VolumeConfig: 'container_padding' - Use CSS padding instead.
2026-07-14 16:49:45,131 [INFO] [MainThread] [root/service.py:52]: AudioOutputService starting...
2026-07-14 16:49:45,185 [INFO] [MainThread] [root/service.py:41]: AudioInputService starting...
2026-07-14 16:49:45,218 [WARNING] [MainThread] [deprecation/deprecation.py:136]: [DEPRECATED] NotificationsConfig: 'container_padding' - Use CSS padding instead.
2026-07-14 16:49:45,238 [WARNING] [MainThread] [deprecation/deprecation.py:136]: [DEPRECATED] PowerMenuConfig: 'container_padding' - Use CSS padding instead.
2026-07-14 16:49:45,369 [INFO] [MainThread] [root/bar_manager.py:103]: Starting SystemEventListener...
2026-07-14 16:49:45,369 [INFO] [MainThread] [root/bar_manager.py:103]: Starting WindowsNotificationEventListener...
2026-07-14 16:49:45,369 [INFO] [MainThread] [root/bar_manager.py:103]: Starting KomorebiEventListener...
2026-07-14 16:49:45,370 [INFO] [Dummy-5] [root/event_listener.py:54]: Created named pipe yasb-583a3806-7f69-11f1-98c8-001a7dda7113
2026-07-14 16:49:45,374 [INFO] [MainThread] [root/watcher.py:65]: Watching directory: c:\users\raven\.config\yasb
2026-07-14 16:49:45,374 [INFO] [MainThread] [root/watcher.py:104]: Created file watcher
2026-07-14 16:49:45,403 [INFO] [MainThread] [root/update_service.py:434]: Background update checker started
2026-07-14 16:49:45,469 [WARNING] [Dummy-5] [root/event_listener.py:134]: Komorebi failed to subscribe named pipe. Komorebi is not running, please start Komorebi.
2026-07-14 16:50:00,767 [INFO] [Dummy-5] [root/event_listener.py:147]: Komorebi connected to named pipe: yasb-583a3806-7f69-11f1-98c8-001a7dda7113
2026-07-14 16:55:55,564 [INFO] [MainThread] [root/bar_manager.py:97]: Screens updated. Re-initialising all bars.
2026-07-14 16:55:55,564 [INFO] [MainThread] [root/controller.py:21]: Reloading Application because of screen update.
2026-07-14 16:55:55,669 [INFO] [MainThread] [cli_server/cli_server.py:114]: Log pipe server stopped
2026-07-14 16:55:55,892 [INFO] [MainThread] [root/bar_manager.py:119]: Stopping SystemEventListener...
2026-07-14 16:55:55,920 [INFO] [MainThread] [root/bar_manager.py:119]: Stopping WindowsNotificationEventListener...
2026-07-14 16:55:55,928 [INFO] [MainThread] [root/bar_manager.py:119]: Stopping KomorebiEventListener...
2026-07-14 16:55:56,676 [INFO] [MainThread] [root/log.py:104]: YASB v2.0.5
2026-07-14 16:55:56,677 [INFO] [CLIPipeServer] [cli_server/cli_server.py:216]: CLI server started v1.1.7
2026-07-14 16:55:56,678 [INFO] [MainThread] [cli_server/cli_server.py:106]: Log pipe server started
2026-07-14 16:55:56,678 [INFO] [MainThread] [root/main.py:48]: Waiting for previous YASB instance to exit...
2026-07-14 16:55:57,680 [INFO] [MainThread] [root/main.py:74]: Previous instance exited, continuing startup.
2026-07-14 16:55:57,789 [WARNING] [MainThread] [deprecation/deprecation.py:136]: [DEPRECATED] BarAlignment: 'center' - Use 'align' instead.
2026-07-14 16:55:57,789 [WARNING] [MainThread] [deprecation/deprecation.py:136]: [DEPRECATED] BarBlurEffect: 'acrylic' - No longer supported and can be removed from the config.
2026-07-14 16:55:57,856 [WARNING] [MainThread] [deprecation/deprecation.py:136]: [DEPRECATED] GrouperWidgetConfig: 'container_padding' - Use CSS padding instead.
2026-07-14 16:55:57,919 [WARNING] [MainThread] [deprecation/deprecation.py:136]: [DEPRECATED] KomorebiWorkspacesConfig: 'animation' - Use CSS animations instead.
2026-07-14 16:55:57,921 [WARNING] [MainThread] [deprecation/deprecation.py:136]: [DEPRECATED] GrouperWidgetConfig: 'container_padding' - Use CSS padding instead.
2026-07-14 16:55:57,934 [WARNING] [MainThread] [deprecation/deprecation.py:136]: [DEPRECATED] GrouperWidgetConfig: 'container_padding' - Use CSS padding instead.
2026-07-14 16:55:58,566 [WARNING] [MainThread] [deprecation/deprecation.py:136]: [DEPRECATED] GrouperWidgetConfig: 'container_padding' - Use CSS padding instead.
2026-07-14 16:55:58,660 [WARNING] [MainThread] [deprecation/deprecation.py:136]: [DEPRECATED] OpenMeteoWidgetConfig: 'label_shadow' - Use CSS text-shadow instead.
2026-07-14 16:55:58,767 [WARNING] [MainThread] [deprecation/deprecation.py:136]: [DEPRECATED] GrouperWidgetConfig: 'container_padding' - Use CSS padding instead.
2026-07-14 16:55:58,800 [WARNING] [MainThread] [deprecation/deprecation.py:140]: [DEPRECATED] VolumeConfig: 'volume_icons' renamed to 'icons' - Use 'icons' with the dictionary format instead.
2026-07-14 16:55:58,800 [WARNING] [MainThread] [deprecation/deprecation.py:136]: [DEPRECATED] VolumeConfig: 'container_padding' - Use CSS padding instead.
2026-07-14 16:55:58,826 [INFO] [MainThread] [root/service.py:52]: AudioOutputService starting...
2026-07-14 16:55:58,899 [INFO] [MainThread] [root/service.py:41]: AudioInputService starting...
2026-07-14 16:55:58,934 [WARNING] [MainThread] [deprecation/deprecation.py:136]: [DEPRECATED] NotificationsConfig: 'container_padding' - Use CSS padding instead.
2026-07-14 16:55:58,952 [WARNING] [MainThread] [deprecation/deprecation.py:136]: [DEPRECATED] PowerMenuConfig: 'container_padding' - Use CSS padding instead.
2026-07-14 16:55:59,278 [INFO] [MainThread] [root/bar_manager.py:103]: Starting KomorebiEventListener...
2026-07-14 16:55:59,279 [INFO] [MainThread] [root/bar_manager.py:103]: Starting WindowsNotificationEventListener...
2026-07-14 16:55:59,279 [INFO] [MainThread] [root/bar_manager.py:103]: Starting SystemEventListener...
2026-07-14 16:55:59,281 [INFO] [MainThread] [root/watcher.py:65]: Watching directory: c:\users\raven\.config\yasb
2026-07-14 16:55:59,281 [INFO] [MainThread] [root/watcher.py:104]: Created file watcher
2026-07-14 16:55:59,407 [INFO] [Dummy-7] [root/event_listener.py:54]: Created named pipe yasb-37183e8c-7f6a-11f1-9c4b-001a7dda7113
2026-07-14 16:55:59,418 [INFO] [MainThread] [root/update_service.py:434]: Background update checker started
2026-07-14 16:55:59,606 [INFO] [Dummy-7] [root/event_listener.py:147]: Komorebi connected to named pipe: yasb-37183e8c-7f6a-11f1-9c4b-001a7dda7113
2026-07-14 17:14:35,540 [INFO] [MainThread] [root/bar_manager.py:97]: Screens updated. Re-initialising all bars.
2026-07-14 17:14:35,541 [INFO] [MainThread] [root/controller.py:21]: Reloading Application because of screen update.
2026-07-14 17:14:35,644 [INFO] [MainThread] [cli_server/cli_server.py:114]: Log pipe server stopped
2026-07-14 17:14:36,292 [INFO] [MainThread] [root/bar_manager.py:119]: Stopping KomorebiEventListener...
2026-07-14 17:14:36,294 [INFO] [MainThread] [root/bar_manager.py:119]: Stopping WindowsNotificationEventListener...
2026-07-14 17:14:36,300 [INFO] [MainThread] [root/bar_manager.py:119]: Stopping SystemEventListener...
2026-07-14 17:14:36,654 [INFO] [MainThread] [root/log.py:104]: YASB v2.0.5
2026-07-14 17:14:36,655 [INFO] [CLIPipeServer] [cli_server/cli_server.py:216]: CLI server started v1.1.7
2026-07-14 17:14:36,656 [INFO] [MainThread] [cli_server/cli_server.py:106]: Log pipe server started
2026-07-14 17:14:36,762 [WARNING] [MainThread] [deprecation/deprecation.py:136]: [DEPRECATED] BarAlignment: 'center' - Use 'align' instead.
2026-07-14 17:14:36,762 [WARNING] [MainThread] [deprecation/deprecation.py:136]: [DEPRECATED] BarBlurEffect: 'acrylic' - No longer supported and can be removed from the config.
2026-07-14 17:14:36,814 [WARNING] [MainThread] [deprecation/deprecation.py:136]: [DEPRECATED] GrouperWidgetConfig: 'container_padding' - Use CSS padding instead.
2026-07-14 17:14:36,868 [WARNING] [MainThread] [deprecation/deprecation.py:136]: [DEPRECATED] KomorebiWorkspacesConfig: 'animation' - Use CSS animations instead.
2026-07-14 17:14:36,869 [WARNING] [MainThread] [deprecation/deprecation.py:136]: [DEPRECATED] GrouperWidgetConfig: 'container_padding' - Use CSS padding instead.
2026-07-14 17:14:36,881 [WARNING] [MainThread] [deprecation/deprecation.py:136]: [DEPRECATED] GrouperWidgetConfig: 'container_padding' - Use CSS padding instead.
2026-07-14 17:14:37,367 [WARNING] [MainThread] [deprecation/deprecation.py:136]: [DEPRECATED] GrouperWidgetConfig: 'container_padding' - Use CSS padding instead.
2026-07-14 17:14:37,461 [WARNING] [MainThread] [deprecation/deprecation.py:136]: [DEPRECATED] OpenMeteoWidgetConfig: 'label_shadow' - Use CSS text-shadow instead.
2026-07-14 17:14:37,553 [WARNING] [MainThread] [deprecation/deprecation.py:136]: [DEPRECATED] GrouperWidgetConfig: 'container_padding' - Use CSS padding instead.
2026-07-14 17:14:37,583 [WARNING] [MainThread] [deprecation/deprecation.py:140]: [DEPRECATED] VolumeConfig: 'volume_icons' renamed to 'icons' - Use 'icons' with the dictionary format instead.
2026-07-14 17:14:37,583 [WARNING] [MainThread] [deprecation/deprecation.py:136]: [DEPRECATED] VolumeConfig: 'container_padding' - Use CSS padding instead.
2026-07-14 17:14:37,607 [INFO] [MainThread] [root/service.py:52]: AudioOutputService starting...
2026-07-14 17:14:37,690 [INFO] [MainThread] [root/service.py:41]: AudioInputService starting...
2026-07-14 17:14:37,725 [WARNING] [MainThread] [deprecation/deprecation.py:136]: [DEPRECATED] NotificationsConfig: 'container_padding' - Use CSS padding instead.
2026-07-14 17:14:37,747 [WARNING] [MainThread] [deprecation/deprecation.py:136]: [DEPRECATED] PowerMenuConfig: 'container_padding' - Use CSS padding instead.
2026-07-14 17:14:38,017 [INFO] [MainThread] [root/bar_manager.py:103]: Starting KomorebiEventListener...
2026-07-14 17:14:38,017 [INFO] [MainThread] [root/bar_manager.py:103]: Starting SystemEventListener...
2026-07-14 17:14:38,018 [INFO] [MainThread] [root/bar_manager.py:103]: Starting WindowsNotificationEventListener...
2026-07-14 17:14:38,019 [INFO] [MainThread] [root/watcher.py:65]: Watching directory: c:\users\raven\.config\yasb
2026-07-14 17:14:38,019 [INFO] [MainThread] [root/watcher.py:104]: Created file watcher
2026-07-14 17:14:38,056 [INFO] [Dummy-7] [root/event_listener.py:54]: Created named pipe yasb-d1ea2f16-7f6c-11f1-ab9c-001a7dda7113
2026-07-14 17:14:38,064 [INFO] [MainThread] [root/update_service.py:434]: Background update checker started
2026-07-14 17:14:38,206 [INFO] [Dummy-7] [root/event_listener.py:147]: Komorebi connected to named pipe: yasb-d1ea2f16-7f6c-11f1-ab9c-001a7dda7113
2026-07-14 17:16:07,474 [INFO] [MainThread] [root/controller.py:43]: Exiting Application...
2026-07-14 17:16:07,583 [INFO] [MainThread] [cli_server/cli_server.py:114]: Log pipe server stopped
2026-07-14 17:16:07,831 [INFO] [MainThread] [root/bar_manager.py:119]: Stopping KomorebiEventListener...
2026-07-14 17:16:07,837 [INFO] [MainThread] [root/bar_manager.py:119]: Stopping SystemEventListener...
2026-07-14 17:16:07,839 [INFO] [MainThread] [root/bar_manager.py:119]: Stopping WindowsNotificationEventListener...
2026-07-14 17:18:23,903 [INFO] [MainThread] [root/log.py:104]: YASB v2.0.5
2026-07-14 17:18:23,905 [INFO] [CLIPipeServer] [cli_server/cli_server.py:216]: CLI server started v1.1.7
2026-07-14 17:18:23,905 [INFO] [MainThread] [cli_server/cli_server.py:106]: Log pipe server started
2026-07-14 17:18:24,026 [WARNING] [MainThread] [deprecation/deprecation.py:136]: [DEPRECATED] BarAlignment: 'center' - Use 'align' instead.
2026-07-14 17:18:24,027 [WARNING] [MainThread] [deprecation/deprecation.py:136]: [DEPRECATED] BarBlurEffect: 'acrylic' - No longer supported and can be removed from the config.
2026-07-14 17:18:24,084 [WARNING] [MainThread] [deprecation/deprecation.py:136]: [DEPRECATED] GrouperWidgetConfig: 'container_padding' - Use CSS padding instead.
2026-07-14 17:18:24,169 [WARNING] [MainThread] [deprecation/deprecation.py:136]: [DEPRECATED] KomorebiWorkspacesConfig: 'animation' - Use CSS animations instead.
2026-07-14 17:18:24,174 [WARNING] [MainThread] [deprecation/deprecation.py:136]: [DEPRECATED] GrouperWidgetConfig: 'container_padding' - Use CSS padding instead.
2026-07-14 17:18:24,186 [WARNING] [MainThread] [deprecation/deprecation.py:136]: [DEPRECATED] GrouperWidgetConfig: 'container_padding' - Use CSS padding instead.
2026-07-14 17:18:24,776 [WARNING] [MainThread] [deprecation/deprecation.py:136]: [DEPRECATED] GrouperWidgetConfig: 'container_padding' - Use CSS padding instead.
2026-07-14 17:18:24,889 [WARNING] [MainThread] [deprecation/deprecation.py:136]: [DEPRECATED] OpenMeteoWidgetConfig: 'label_shadow' - Use CSS text-shadow instead.
2026-07-14 17:18:24,995 [WARNING] [MainThread] [deprecation/deprecation.py:136]: [DEPRECATED] GrouperWidgetConfig: 'container_padding' - Use CSS padding instead.
2026-07-14 17:18:25,025 [WARNING] [MainThread] [deprecation/deprecation.py:140]: [DEPRECATED] VolumeConfig: 'volume_icons' renamed to 'icons' - Use 'icons' with the dictionary format instead.
2026-07-14 17:18:25,025 [WARNING] [MainThread] [deprecation/deprecation.py:136]: [DEPRECATED] VolumeConfig: 'container_padding' - Use CSS padding instead.
2026-07-14 17:18:25,048 [INFO] [MainThread] [root/service.py:52]: AudioOutputService starting...
2026-07-14 17:18:25,102 [INFO] [MainThread] [root/service.py:41]: AudioInputService starting...
2026-07-14 17:18:25,135 [WARNING] [MainThread] [deprecation/deprecation.py:136]: [DEPRECATED] NotificationsConfig: 'container_padding' - Use CSS padding instead.
2026-07-14 17:18:25,154 [WARNING] [MainThread] [deprecation/deprecation.py:136]: [DEPRECATED] PowerMenuConfig: 'container_padding' - Use CSS padding instead.
2026-07-14 17:18:25,339 [INFO] [MainThread] [root/bar_manager.py:103]: Starting KomorebiEventListener...
2026-07-14 17:18:25,340 [INFO] [MainThread] [root/bar_manager.py:103]: Starting WindowsNotificationEventListener...
2026-07-14 17:18:25,340 [INFO] [MainThread] [root/bar_manager.py:103]: Starting SystemEventListener...
2026-07-14 17:18:25,341 [INFO] [Dummy-5] [root/event_listener.py:54]: Created named pipe yasb-5968d47b-7f6d-11f1-a664-001a7dda7113
2026-07-14 17:18:25,343 [INFO] [MainThread] [root/watcher.py:65]: Watching directory: c:\users\raven\.config\yasb
2026-07-14 17:18:25,344 [INFO] [MainThread] [root/watcher.py:104]: Created file watcher
2026-07-14 17:18:25,384 [INFO] [MainThread] [root/update_service.py:434]: Background update checker started
2026-07-14 17:18:25,450 [WARNING] [Dummy-5] [root/event_listener.py:134]: Komorebi failed to subscribe named pipe. Komorebi is not running, please start Komorebi.
2026-07-14 17:18:35,665 [INFO] [Dummy-5] [root/event_listener.py:147]: Komorebi connected to named pipe: yasb-5968d47b-7f6d-11f1-a664-001a7dda7113
Windows fatal exception: code 0x8007072c

Thread 0x000028bc [asyncio_0] (most recent call first):
  File "C:\hostedtoolcache\windows\Python\3.14.6\x64\Lib\threading.py", line 373 in wait
  File "C:\hostedtoolcache\windows\Python\3.14.6\x64\Lib\threading.py", line 670 in wait
  File "C:\hostedtoolcache\windows\Python\3.14.6\x64\Lib\concurrent\futures\thread.py", line 73 in run
  File "C:\hostedtoolcache\windows\Python\3.14.6\x64\Lib\concurrent\futures\thread.py", line 86 in run
  File "C:\hostedtoolcache\windows\Python\3.14.6\x64\Lib\concurrent\futures\thread.py", line 119 in _worker
  File "C:\hostedtoolcache\windows\Python\3.14.6\x64\Lib\threading.py", line 1024 in run
  File "C:\hostedtoolcache\windows\Python\3.14.6\x64\Lib\threading.py", line 1082 in _bootstrap_inner
  File "C:\hostedtoolcache\windows\Python\3.14.6\x64\Lib\threading.py", line 1044 in _bootstrap

Thread 0x000028a4 [SystrayMonitor] (most recent call first):
  File "D:\a\yasb\yasb\src\core\widgets\services\systray\utils.py", line 145 in start_message_loop
  File "D:\a\yasb\yasb\src\core\widgets\services\systray\systray_monitor.py", line 99 in run
  File "D:\a\yasb\yasb\src\core\widgets\yasb\systray.py", line 65 in run

Thread 0x00002844 [Thread-6] (most recent call first):
  File "C:\hostedtoolcache\windows\Python\3.14.6\x64\Lib\threading.py", line 369 in wait
  File "C:\hostedtoolcache\windows\Python\3.14.6\x64\Lib\queue.py", line 199 in get
  File "D:\a\yasb\yasb\venv\Lib\site-packages\watchdog\observers\api.py", line 379 in dispatch_events
  File "D:\a\yasb\yasb\venv\Lib\site-packages\watchdog\observers\api.py", line 213 in run
  File "C:\hostedtoolcache\windows\Python\3.14.6\x64\Lib\threading.py", line 1082 in _bootstrap_inner
  File "C:\hostedtoolcache\windows\Python\3.14.6\x64\Lib\threading.py", line 1044 in _bootstrap

Thread 0x00002840 [Thread-7] (most recent call first):
  File "D:\a\yasb\yasb\venv\Lib\site-packages\watchdog\observers\winapi.py", line 326 in read_directory_changes
  File "D:\a\yasb\yasb\venv\Lib\site-packages\watchdog\observers\winapi.py", line 380 in read_events
  File "D:\a\yasb\yasb\venv\Lib\site-packages\watchdog\observers\read_directory_changes.py", line 67 in _read_events
  File "D:\a\yasb\yasb\venv\Lib\site-packages\watchdog\observers\read_directory_changes.py", line 70 in queue_events
  File "D:\a\yasb\yasb\venv\Lib\site-packages\watchdog\observers\api.py", line 158 in run
  File "C:\hostedtoolcache\windows\Python\3.14.6\x64\Lib\threading.py", line 1082 in _bootstrap_inner
  File "C:\hostedtoolcache\windows\Python\3.14.6\x64\Lib\threading.py", line 1044 in _bootstrap

Thread 0x0000283c [SystemEventListener] (most recent call first):
  File "D:\a\yasb\yasb\src\core\utils\win32\event_listener.py", line 69 in run

Thread 0x00002838 [WindowsNotificationEventListener] (most recent call first):
  File "C:\hostedtoolcache\windows\Python\3.14.6\x64\Lib\asyncio\windows_events.py", line 778 in _poll
  File "C:\hostedtoolcache\windows\Python\3.14.6\x64\Lib\asyncio\windows_events.py", line 446 in select
  File "C:\hostedtoolcache\windows\Python\3.14.6\x64\Lib\asyncio\base_events.py", line 2018 in _run_once
  File "C:\hostedtoolcache\windows\Python\3.14.6\x64\Lib\asyncio\base_events.py", line 677 in run_forever
  File "C:\hostedtoolcache\windows\Python\3.14.6\x64\Lib\asyncio\base_events.py", line 706 in run_until_complete
  File "D:\a\yasb\yasb\src\core\widgets\services\notifications\windows_notification.py", line 101 in run

Thread 0x00002834 [KomorebiEventListener] (most recent call first):
  File "C:\hostedtoolcache\windows\Python\3.14.6\x64\Lib\threading.py", line 373 in wait
  File "C:\hostedtoolcache\windows\Python\3.14.6\x64\Lib\threading.py", line 670 in wait
  File "D:\a\yasb\yasb\src\core\widgets\services\komorebi\event_listener.py", line 75 in run

Thread 0x00002814 [MemoryWorker] (most recent call first):
  File "D:\a\yasb\yasb\src\core\widgets\services\memory\memory_api.py", line 244 in run

Thread 0x00001a78 [_EventWorker] (most recent call first):
  File "D:\a\yasb\yasb\venv\Lib\site-packages\qasync\_windows.py", line 147 in _poll
  File "D:\a\yasb\yasb\venv\Lib\site-packages\qasync\_windows.py", line 72 in select
  File "D:\a\yasb\yasb\venv\Lib\site-packages\qasync\_windows.py", line 199 in run

Thread 0x000025d4 [LogPipeServer] (most recent call first):
  File "D:\a\yasb\yasb\src\core\utils\win32\bindings\kernel32.py", line 288 in ConnectNamedPipe
  File "D:\a\yasb\yasb\src\core\utils\cli_server.py", line 138 in _run_server
  File "C:\hostedtoolcache\windows\Python\3.14.6\x64\Lib\threading.py", line 1024 in run
  File "C:\hostedtoolcache\windows\Python\3.14.6\x64\Lib\threading.py", line 1082 in _bootstrap_inner
  File "C:\hostedtoolcache\windows\Python\3.14.6\x64\Lib\threading.py", line 1044 in _bootstrap

Thread 0x0000258c [CLIPipeServer] (most recent call first):
  File "D:\a\yasb\yasb\src\core\utils\win32\bindings\kernel32.py", line 288 in ConnectNamedPipe
  File "D:\a\yasb\yasb\src\core\utils\cli_server.py", line 235 in _run_server
  File "C:\hostedtoolcache\windows\Python\3.14.6\x64\Lib\threading.py", line 1024 in run
  File "C:\hostedtoolcache\windows\Python\3.14.6\x64\Lib\threading.py", line 1082 in _bootstrap_inner
  File "C:\hostedtoolcache\windows\Python\3.14.6\x64\Lib\threading.py", line 1044 in _bootstrap

Thread 0x00002684 (most recent call first):
  File "D:\a\yasb\yasb\src\core\utils\win32\aumid_icons.py", line 122 in get_icon_for_aumid
  File "D:\a\yasb\yasb\src\core\utils\win32\app_icons.py", line 134 in get_window_icon
  File "D:\a\yasb\yasb\src\core\widgets\yasb\active_window.py", line 348 in _update_window_title
  File "D:\a\yasb\yasb\src\core\widgets\yasb\active_window.py", line 237 in _on_focus_change_event
  File "D:\a\yasb\yasb\venv\Lib\site-packages\qasync\__init__.py", line 404 in run_forever
  File "D:\a\yasb\yasb\venv\Lib\site-packages\qasync\__init__.py", line 428 in run_until_complete
  File "main.py", line 100 in main
  File "main.py", line 203 in <module>
  File "D:\a\yasb\yasb\venv\Lib\site-packages\freeze_core\initscripts\console.py", line 27 in run
  File "D:\a\yasb\yasb\venv\Lib\site-packages\freeze_core\initscripts\__startup__.py", line 137 in run

Current thread's C stack trace (most recent call first):
  <cannot get C stack on this system>
Windows fatal exception: code 0x8007072c

Thread 0x000028bc [asyncio_0] (most recent call first):
  File "C:\hostedtoolcache\windows\Python\3.14.6\x64\Lib\threading.py", line 373 in wait
  File "C:\hostedtoolcache\windows\Python\3.14.6\x64\Lib\threading.py", line 670 in wait
  File "C:\hostedtoolcache\windows\Python\3.14.6\x64\Lib\concurrent\futures\thread.py", line 73 in run
  File "C:\hostedtoolcache\windows\Python\3.14.6\x64\Lib\concurrent\futures\thread.py", line 86 in run
  File "C:\hostedtoolcache\windows\Python\3.14.6\x64\Lib\concurrent\futures\thread.py", line 119 in _worker
  File "C:\hostedtoolcache\windows\Python\3.14.6\x64\Lib\threading.py", line 1024 in run
  File "C:\hostedtoolcache\windows\Python\3.14.6\x64\Lib\threading.py", line 1082 in _bootstrap_inner
  File "C:\hostedtoolcache\windows\Python\3.14.6\x64\Lib\threading.py", line 1044 in _bootstrap

Thread 0x000028a4 [SystrayMonitor] (most recent call first):
  File "D:\a\yasb\yasb\src\core\widgets\services\systray\utils.py", line 145 in start_message_loop
  File "D:\a\yasb\yasb\src\core\widgets\services\systray\systray_monitor.py", line 99 in run
  File "D:\a\yasb\yasb\src\core\widgets\yasb\systray.py", line 65 in run

Thread 0x00002844 [Thread-6] (most recent call first):
  File "C:\hostedtoolcache\windows\Python\3.14.6\x64\Lib\threading.py", line 369 in wait
  File "C:\hostedtoolcache\windows\Python\3.14.6\x64\Lib\queue.py", line 199 in get
  File "D:\a\yasb\yasb\venv\Lib\site-packages\watchdog\observers\api.py", line 379 in dispatch_events
  File "D:\a\yasb\yasb\venv\Lib\site-packages\watchdog\observers\api.py", line 213 in run
  File "C:\hostedtoolcache\windows\Python\3.14.6\x64\Lib\threading.py", line 1082 in _bootstrap_inner
  File "C:\hostedtoolcache\windows\Python\3.14.6\x64\Lib\threading.py", line 1044 in _bootstrap

Thread 0x00002840 [Thread-7] (most recent call first):
  File "D:\a\yasb\yasb\venv\Lib\site-packages\watchdog\observers\winapi.py", line 326 in read_directory_changes
  File "D:\a\yasb\yasb\venv\Lib\site-packages\watchdog\observers\winapi.py", line 380 in read_events
  File "D:\a\yasb\yasb\venv\Lib\site-packages\watchdog\observers\read_directory_changes.py", line 67 in _read_events
  File "D:\a\yasb\yasb\venv\Lib\site-packages\watchdog\observers\read_directory_changes.py", line 70 in queue_events
  File "D:\a\yasb\yasb\venv\Lib\site-packages\watchdog\observers\api.py", line 158 in run
  File "C:\hostedtoolcache\windows\Python\3.14.6\x64\Lib\threading.py", line 1082 in _bootstrap_inner
  File "C:\hostedtoolcache\windows\Python\3.14.6\x64\Lib\threading.py", line 1044 in _bootstrap

Thread 0x0000283c [SystemEventListener] (most recent call first):
  File "D:\a\yasb\yasb\src\core\utils\win32\event_listener.py", line 69 in run

Thread 0x00002838 [WindowsNotificationEventListener] (most recent call first):
  File "C:\hostedtoolcache\windows\Python\3.14.6\x64\Lib\asyncio\windows_events.py", line 778 in _poll
  File "C:\hostedtoolcache\windows\Python\3.14.6\x64\Lib\asyncio\windows_events.py", line 446 in select
  File "C:\hostedtoolcache\windows\Python\3.14.6\x64\Lib\asyncio\base_events.py", line 2018 in _run_once
  File "C:\hostedtoolcache\windows\Python\3.14.6\x64\Lib\asyncio\base_events.py", line 677 in run_forever
  File "C:\hostedtoolcache\windows\Python\3.14.6\x64\Lib\asyncio\base_events.py", line 706 in run_until_complete
  File "D:\a\yasb\yasb\src\core\widgets\services\notifications\windows_notification.py", line 101 in run

Thread 0x00002834 [KomorebiEventListener] (most recent call first):
  File "C:\hostedtoolcache\windows\Python\3.14.6\x64\Lib\threading.py", line 373 in wait
  File "C:\hostedtoolcache\windows\Python\3.14.6\x64\Lib\threading.py", line 670 in wait
  File "D:\a\yasb\yasb\src\core\widgets\services\komorebi\event_listener.py", line 75 in run

Thread 0x00002814 [MemoryWorker] (most recent call first):
  File "D:\a\yasb\yasb\src\core\widgets\services\memory\memory_api.py", line 244 in run

Thread 0x00001a78 [_EventWorker] (most recent call first):
  File "D:\a\yasb\yasb\venv\Lib\site-packages\qasync\_windows.py", line 147 in _poll
  File "D:\a\yasb\yasb\venv\Lib\site-packages\qasync\_windows.py", line 72 in select
  File "D:\a\yasb\yasb\venv\Lib\site-packages\qasync\_windows.py", line 199 in run

Thread 0x000025d4 [LogPipeServer] (most recent call first):
  File "D:\a\yasb\yasb\src\core\utils\win32\bindings\kernel32.py", line 288 in ConnectNamedPipe
  File "D:\a\yasb\yasb\src\core\utils\cli_server.py", line 138 in _run_server
  File "C:\hostedtoolcache\windows\Python\3.14.6\x64\Lib\threading.py", line 1024 in run
  File "C:\hostedtoolcache\windows\Python\3.14.6\x64\Lib\threading.py", line 1082 in _bootstrap_inner
  File "C:\hostedtoolcache\windows\Python\3.14.6\x64\Lib\threading.py", line 1044 in _bootstrap

Thread 0x0000258c [CLIPipeServer] (most recent call first):
  File "D:\a\yasb\yasb\src\core\utils\win32\bindings\kernel32.py", line 288 in ConnectNamedPipe
  File "D:\a\yasb\yasb\src\core\utils\cli_server.py", line 235 in _run_server
  File "C:\hostedtoolcache\windows\Python\3.14.6\x64\Lib\threading.py", line 1024 in run
  File "C:\hostedtoolcache\windows\Python\3.14.6\x64\Lib\threading.py", line 1082 in _bootstrap_inner
  File "C:\hostedtoolcache\windows\Python\3.14.6\x64\Lib\threading.py", line 1044 in _bootstrap

Thread 0x00002684 (most recent call first):
  File "D:\a\yasb\yasb\src\core\utils\win32\aumid_icons.py", line 122 in get_icon_for_aumid
  File "D:\a\yasb\yasb\src\core\utils\win32\app_icons.py", line 134 in get_window_icon
  File "D:\a\yasb\yasb\src\core\widgets\yasb\active_window.py", line 348 in _update_window_title
  File "D:\a\yasb\yasb\src\core\widgets\yasb\active_window.py", line 237 in _on_focus_change_event
  File "D:\a\yasb\yasb\venv\Lib\site-packages\qasync\__init__.py", line 404 in run_forever
  File "D:\a\yasb\yasb\venv\Lib\site-packages\qasync\__init__.py", line 428 in run_until_complete
  File "main.py", line 100 in main
  File "main.py", line 203 in <module>
  File "D:\a\yasb\yasb\venv\Lib\site-packages\freeze_core\initscripts\console.py", line 27 in run
  File "D:\a\yasb\yasb\venv\Lib\site-packages\freeze_core\initscripts\__startup__.py", line 137 in run

Current thread's C stack trace (most recent call first):
  <cannot get C stack on this system>
Windows fatal exception: code 0x8007000e

Thread 0x000028bc [asyncio_0] (most recent call first):
  File "C:\hostedtoolcache\windows\Python\3.14.6\x64\Lib\concurrent\futures\thread.py", line 116 in _worker
  File "C:\hostedtoolcache\windows\Python\3.14.6\x64\Lib\threading.py", line 1024 in run
  File "C:\hostedtoolcache\windows\Python\3.14.6\x64\Lib\threading.py", line 1082 in _bootstrap_inner
  File "C:\hostedtoolcache\windows\Python\3.14.6\x64\Lib\threading.py", line 1044 in _bootstrap

Thread 0x000028a4 [SystrayMonitor] (most recent call first):
  File "D:\a\yasb\yasb\src\core\widgets\services\systray\utils.py", line 145 in start_message_loop
  File "D:\a\yasb\yasb\src\core\widgets\services\systray\systray_monitor.py", line 99 in run
  File "D:\a\yasb\yasb\src\core\widgets\yasb\systray.py", line 65 in run

Thread 0x00002844 [Thread-6] (most recent call first):
  File "C:\hostedtoolcache\windows\Python\3.14.6\x64\Lib\threading.py", line 369 in wait
  File "C:\hostedtoolcache\windows\Python\3.14.6\x64\Lib\queue.py", line 199 in get
  File "D:\a\yasb\yasb\venv\Lib\site-packages\watchdog\observers\api.py", line 379 in dispatch_events
  File "D:\a\yasb\yasb\venv\Lib\site-packages\watchdog\observers\api.py", line 213 in run
  File "C:\hostedtoolcache\windows\Python\3.14.6\x64\Lib\threading.py", line 1082 in _bootstrap_inner
  File "C:\hostedtoolcache\windows\Python\3.14.6\x64\Lib\threading.py", line 1044 in _bootstrap

Thread 0x00002840 [Thread-7] (most recent call first):
  File "D:\a\yasb\yasb\venv\Lib\site-packages\watchdog\observers\winapi.py", line 326 in read_directory_changes
  File "D:\a\yasb\yasb\venv\Lib\site-packages\watchdog\observers\winapi.py", line 380 in read_events
  File "D:\a\yasb\yasb\venv\Lib\site-packages\watchdog\observers\read_directory_changes.py", line 67 in _read_events
  File "D:\a\yasb\yasb\venv\Lib\site-packages\watchdog\observers\read_directory_changes.py", line 70 in queue_events
  File "D:\a\yasb\yasb\venv\Lib\site-packages\watchdog\observers\api.py", line 158 in run
  File "C:\hostedtoolcache\windows\Python\3.14.6\x64\Lib\threading.py", line 1082 in _bootstrap_inner
  File "C:\hostedtoolcache\windows\Python\3.14.6\x64\Lib\threading.py", line 1044 in _bootstrap

Thread 0x0000283c [SystemEventListener] (most recent call first):
  File "D:\a\yasb\yasb\src\core\utils\win32\event_listener.py", line 69 in run

Current thread 0x00002838 [WindowsNotificationEventListener] (most recent call first):
  File "D:\a\yasb\yasb\src\core\widgets\services\notifications\windows_notification.py", line 31 in _get_notification_count
  File "D:\a\yasb\yasb\src\core\widgets\services\notifications\windows_notification.py", line 73 in _watch_notifications
  File "C:\hostedtoolcache\windows\Python\3.14.6\x64\Lib\asyncio\events.py", line 94 in _run
  File "C:\hostedtoolcache\windows\Python\3.14.6\x64\Lib\asyncio\base_events.py", line 2056 in _run_once
  File "C:\hostedtoolcache\windows\Python\3.14.6\x64\Lib\asyncio\base_events.py", line 677 in run_forever
  File "C:\hostedtoolcache\windows\Python\3.14.6\x64\Lib\asyncio\base_events.py", line 706 in run_until_complete
  File "D:\a\yasb\yasb\src\core\widgets\services\notifications\windows_notification.py", line 101 in run

Thread 0x00002834 [KomorebiEventListener] (most recent call first):
  File "C:\hostedtoolcache\windows\Python\3.14.6\x64\Lib\threading.py", line 373 in wait
  File "C:\hostedtoolcache\windows\Python\3.14.6\x64\Lib\threading.py", line 670 in wait
  File "D:\a\yasb\yasb\src\core\widgets\services\komorebi\event_listener.py", line 75 in run

Thread 0x00002814 [MemoryWorker] (most recent call first):
  File "D:\a\yasb\yasb\src\core\widgets\services\memory\memory_api.py", line 244 in run

Thread 0x00001a78 [_EventWorker] (most recent call first):
  File "D:\a\yasb\yasb\venv\Lib\site-packages\qasync\_windows.py", line 147 in _poll
  File "D:\a\yasb\yasb\venv\Lib\site-packages\qasync\_windows.py", line 72 in select
  File "D:\a\yasb\yasb\venv\Lib\site-packages\qasync\_windows.py", line 199 in run

Thread 0x000025d4 [LogPipeServer] (most recent call first):
  File "D:\a\yasb\yasb\src\core\utils\win32\bindings\kernel32.py", line 288 in ConnectNamedPipe
  File "D:\a\yasb\yasb\src\core\utils\cli_server.py", line 138 in _run_server
  File "C:\hostedtoolcache\windows\Python\3.14.6\x64\Lib\threading.py", line 1024 in run
  File "C:\hostedtoolcache\windows\Python\3.14.6\x64\Lib\threading.py", line 1082 in _bootstrap_inner
  File "C:\hostedtoolcache\windows\Python\3.14.6\x64\Lib\threading.py", line 1044 in _bootstrap

Thread 0x0000258c [CLIPipeServer] (most recent call first):
  File "D:\a\yasb\yasb\src\core\utils\win32\bindings\kernel32.py", line 288 in ConnectNamedPipe
  File "D:\a\yasb\yasb\src\core\utils\cli_server.py", line 235 in _run_server
  File "C:\hostedtoolcache\windows\Python\3.14.6\x64\Lib\threading.py", line 1024 in run
  File "C:\hostedtoolcache\windows\Python\3.14.6\x64\Lib\threading.py", line 1082 in _bootstrap_inner
  File "C:\hostedtoolcache\windows\Python\3.14.6\x64\Lib\threading.py", line 1044 in _bootstrap

Thread 0x00002684 (most recent call first):
  File "D:\a\yasb\yasb\venv\Lib\site-packages\qasync\__init__.py", line 404 in run_forever
  File "D:\a\yasb\yasb\venv\Lib\site-packages\qasync\__init__.py", line 428 in run_until_complete
  File "main.py", line 100 in main
  File "main.py", line 203 in <module>
  File "D:\a\yasb\yasb\venv\Lib\site-packages\freeze_core\initscripts\console.py", line 27 in run
  File "D:\a\yasb\yasb\venv\Lib\site-packages\freeze_core\initscripts\__startup__.py", line 137 in run

Current thread's C stack trace (most recent call first):
  <cannot get C stack on this system>
Windows fatal exception: code 0x8007000e

Thread 0x000028bc [asyncio_0] (most recent call first):
  File "C:\hostedtoolcache\windows\Python\3.14.6\x64\Lib\concurrent\futures\thread.py", line 116 in _worker
  File "C:\hostedtoolcache\windows\Python\3.14.6\x64\Lib\threading.py", line 1024 in run
  File "C:\hostedtoolcache\windows\Python\3.14.6\x64\Lib\threading.py", line 1082 in _bootstrap_inner
  File "C:\hostedtoolcache\windows\Python\3.14.6\x64\Lib\threading.py", line 1044 in _bootstrap

Thread 0x000028a4 [SystrayMonitor] (most recent call first):
  File "D:\a\yasb\yasb\src\core\widgets\services\systray\utils.py", line 145 in start_message_loop
  File "D:\a\yasb\yasb\src\core\widgets\services\systray\systray_monitor.py", line 99 in run
  File "D:\a\yasb\yasb\src\core\widgets\yasb\systray.py", line 65 in run

Thread 0x00002844 [Thread-6] (most recent call first):
  File "C:\hostedtoolcache\windows\Python\3.14.6\x64\Lib\threading.py", line 369 in wait
  File "C:\hostedtoolcache\windows\Python\3.14.6\x64\Lib\queue.py", line 199 in get
  File "D:\a\yasb\yasb\venv\Lib\site-packages\watchdog\observers\api.py", line 379 in dispatch_events
  File "D:\a\yasb\yasb\venv\Lib\site-packages\watchdog\observers\api.py", line 213 in run
  File "C:\hostedtoolcache\windows\Python\3.14.6\x64\Lib\threading.py", line 1082 in _bootstrap_inner
  File "C:\hostedtoolcache\windows\Python\3.14.6\x64\Lib\threading.py", line 1044 in _bootstrap

Thread 0x00002840 [Thread-7] (most recent call first):
  File "D:\a\yasb\yasb\venv\Lib\site-packages\watchdog\observers\winapi.py", line 326 in read_directory_changes
  File "D:\a\yasb\yasb\venv\Lib\site-packages\watchdog\observers\winapi.py", line 380 in read_events
  File "D:\a\yasb\yasb\venv\Lib\site-packages\watchdog\observers\read_directory_changes.py", line 67 in _read_events
  File "D:\a\yasb\yasb\venv\Lib\site-packages\watchdog\observers\read_directory_changes.py", line 70 in queue_events
  File "D:\a\yasb\yasb\venv\Lib\site-packages\watchdog\observers\api.py", line 158 in run
  File "C:\hostedtoolcache\windows\Python\3.14.6\x64\Lib\threading.py", line 1082 in _bootstrap_inner
  File "C:\hostedtoolcache\windows\Python\3.14.6\x64\Lib\threading.py", line 1044 in _bootstrap

Thread 0x0000283c [SystemEventListener] (most recent call first):
  File "D:\a\yasb\yasb\src\core\utils\win32\event_listener.py", line 69 in run

Current thread 0x00002838 [WindowsNotificationEventListener] (most recent call first):
  File "D:\a\yasb\yasb\src\core\widgets\services\notifications\windows_notification.py", line 31 in _get_notification_count
  File "D:\a\yasb\yasb\src\core\widgets\services\notifications\windows_notification.py", line 73 in _watch_notifications
  File "C:\hostedtoolcache\windows\Python\3.14.6\x64\Lib\asyncio\events.py", line 94 in _run
  File "C:\hostedtoolcache\windows\Python\3.14.6\x64\Lib\asyncio\base_events.py", line 2056 in _run_once
  File "C:\hostedtoolcache\windows\Python\3.14.6\x64\Lib\asyncio\base_events.py", line 677 in run_forever
  File "C:\hostedtoolcache\windows\Python\3.14.6\x64\Lib\asyncio\base_events.py", line 706 in run_until_complete
  File "D:\a\yasb\yasb\src\core\widgets\services\notifications\windows_notification.py", line 101 in run

Thread 0x00002834 [KomorebiEventListener] (most recent call first):
  File "C:\hostedtoolcache\windows\Python\3.14.6\x64\Lib\threading.py", line 373 in wait
  File "C:\hostedtoolcache\windows\Python\3.14.6\x64\Lib\threading.py", line 670 in wait
  File "D:\a\yasb\yasb\src\core\widgets\services\komorebi\event_listener.py", line 75 in run

Thread 0x00002814 [MemoryWorker] (most recent call first):
  File "D:\a\yasb\yasb\src\core\widgets\services\memory\memory_api.py", line 244 in run

Thread 0x00001a78 [_EventWorker] (most recent call first):
  File "D:\a\yasb\yasb\venv\Lib\site-packages\qasync\_windows.py", line 147 in _poll
  File "D:\a\yasb\yasb\venv\Lib\site-packages\qasync\_windows.py", line 72 in select
  File "D:\a\yasb\yasb\venv\Lib\site-packages\qasync\_windows.py", line 199 in run

Thread 0x000025d4 [LogPipeServer] (most recent call first):
  File "D:\a\yasb\yasb\src\core\utils\win32\bindings\kernel32.py", line 288 in ConnectNamedPipe
  File "D:\a\yasb\yasb\src\core\utils\cli_server.py", line 138 in _run_server
  File "C:\hostedtoolcache\windows\Python\3.14.6\x64\Lib\threading.py", line 1024 in run
  File "C:\hostedtoolcache\windows\Python\3.14.6\x64\Lib\threading.py", line 1082 in _bootstrap_inner
  File "C:\hostedtoolcache\windows\Python\3.14.6\x64\Lib\threading.py", line 1044 in _bootstrap

Thread 0x0000258c [CLIPipeServer] (most recent call first):
  File "D:\a\yasb\yasb\src\core\utils\win32\bindings\kernel32.py", line 288 in ConnectNamedPipe
  File "D:\a\yasb\yasb\src\core\utils\cli_server.py", line 235 in _run_server
  File "C:\hostedtoolcache\windows\Python\3.14.6\x64\Lib\threading.py", line 1024 in run
  File "C:\hostedtoolcache\windows\Python\3.14.6\x64\Lib\threading.py", line 1082 in _bootstrap_inner
  File "C:\hostedtoolcache\windows\Python\3.14.6\x64\Lib\threading.py", line 1044 in _bootstrap

Thread 0x00002684 (most recent call first):
  File "D:\a\yasb\yasb\venv\Lib\site-packages\qasync\__init__.py", line 404 in run_forever
  File "D:\a\yasb\yasb\venv\Lib\site-packages\qasync\__init__.py", line 428 in run_until_complete
  File "main.py", line 100 in main
  File "main.py", line 203 in <module>
  File "D:\a\yasb\yasb\venv\Lib\site-packages\freeze_core\initscripts\console.py", line 27 in run
  File "D:\a\yasb\yasb\venv\Lib\site-packages\freeze_core\initscripts\__startup__.py", line 137 in run

Current thread's C stack trace (most recent call first):
  <cannot get C stack on this system>
2026-07-14 17:18:41,908 [ERROR] [Dummy-8] [root/windows_notification.py:34]: Error getting notification count: bad allocation
2026-07-14 17:18:42,270 [INFO] [MainThread] [root/bar_manager.py:119]: Stopping KomorebiEventListener...
2026-07-14 17:18:42,274 [INFO] [MainThread] [root/bar_manager.py:119]: Stopping WindowsNotificationEventListener...
2026-07-14 17:18:42,278 [INFO] [MainThread] [root/bar_manager.py:119]: Stopping SystemEventListener...
2026-07-14 17:32:39,672 [INFO] [MainThread] [root/log.py:104]: YASB v2.0.5
2026-07-14 17:32:39,674 [INFO] [CLIPipeServer] [cli_server/cli_server.py:216]: CLI server started v1.1.7
2026-07-14 17:32:39,674 [INFO] [MainThread] [cli_server/cli_server.py:106]: Log pipe server started
2026-07-14 17:32:39,799 [WARNING] [MainThread] [deprecation/deprecation.py:136]: [DEPRECATED] BarAlignment: 'center' - Use 'align' instead.
2026-07-14 17:32:39,799 [WARNING] [MainThread] [deprecation/deprecation.py:136]: [DEPRECATED] BarBlurEffect: 'acrylic' - No longer supported and can be removed from the config.
2026-07-14 17:32:39,859 [WARNING] [MainThread] [deprecation/deprecation.py:136]: [DEPRECATED] GrouperWidgetConfig: 'container_padding' - Use CSS padding instead.
2026-07-14 17:32:39,943 [WARNING] [MainThread] [deprecation/deprecation.py:136]: [DEPRECATED] KomorebiWorkspacesConfig: 'animation' - Use CSS animations instead.
2026-07-14 17:32:39,947 [WARNING] [MainThread] [deprecation/deprecation.py:136]: [DEPRECATED] GrouperWidgetConfig: 'container_padding' - Use CSS padding instead.
2026-07-14 17:32:39,959 [WARNING] [MainThread] [deprecation/deprecation.py:136]: [DEPRECATED] GrouperWidgetConfig: 'container_padding' - Use CSS padding instead.
2026-07-14 17:32:40,555 [WARNING] [MainThread] [deprecation/deprecation.py:136]: [DEPRECATED] GrouperWidgetConfig: 'container_padding' - Use CSS padding instead.
2026-07-14 17:32:40,670 [WARNING] [MainThread] [deprecation/deprecation.py:136]: [DEPRECATED] OpenMeteoWidgetConfig: 'label_shadow' - Use CSS text-shadow instead.
2026-07-14 17:32:40,776 [WARNING] [MainThread] [deprecation/deprecation.py:136]: [DEPRECATED] GrouperWidgetConfig: 'container_padding' - Use CSS padding instead.
2026-07-14 17:32:40,807 [WARNING] [MainThread] [deprecation/deprecation.py:140]: [DEPRECATED] VolumeConfig: 'volume_icons' renamed to 'icons' - Use 'icons' with the dictionary format instead.
2026-07-14 17:32:40,807 [WARNING] [MainThread] [deprecation/deprecation.py:136]: [DEPRECATED] VolumeConfig: 'container_padding' - Use CSS padding instead.
2026-07-14 17:32:40,830 [INFO] [MainThread] [root/service.py:52]: AudioOutputService starting...
2026-07-14 17:32:40,892 [INFO] [MainThread] [root/service.py:41]: AudioInputService starting...
2026-07-14 17:32:40,925 [WARNING] [MainThread] [deprecation/deprecation.py:136]: [DEPRECATED] NotificationsConfig: 'container_padding' - Use CSS padding instead.
2026-07-14 17:32:40,945 [WARNING] [MainThread] [deprecation/deprecation.py:136]: [DEPRECATED] PowerMenuConfig: 'container_padding' - Use CSS padding instead.
2026-07-14 17:32:41,120 [INFO] [MainThread] [root/bar_manager.py:103]: Starting SystemEventListener...
2026-07-14 17:32:41,120 [INFO] [MainThread] [root/bar_manager.py:103]: Starting KomorebiEventListener...
2026-07-14 17:32:41,121 [INFO] [MainThread] [root/bar_manager.py:103]: Starting WindowsNotificationEventListener...
2026-07-14 17:32:41,121 [INFO] [Dummy-5] [root/event_listener.py:54]: Created named pipe yasb-577e9fc7-7f6f-11f1-aa83-001a7dda7113
2026-07-14 17:32:41,126 [INFO] [MainThread] [root/watcher.py:65]: Watching directory: c:\users\raven\.config\yasb
2026-07-14 17:32:41,127 [INFO] [MainThread] [root/watcher.py:104]: Created file watcher
2026-07-14 17:32:41,165 [INFO] [MainThread] [root/update_service.py:434]: Background update checker started
2026-07-14 17:32:41,228 [WARNING] [Dummy-5] [root/event_listener.py:134]: Komorebi failed to subscribe named pipe. Komorebi is not running, please start Komorebi.
2026-07-14 17:32:51,449 [INFO] [Dummy-5] [root/event_listener.py:147]: Komorebi connected to named pipe: yasb-577e9fc7-7f6f-11f1-aa83-001a7dda7113
2026-07-14 17:37:36,881 [ERROR] [MainThread] [root/base.py:126]: Failed to execute callback of type 'update_label' with args: []
Traceback (most recent call last):
  File "D:\a\yasb\yasb\src\core\widgets\base.py", line 124, in _run_callback
  File "D:\a\yasb\yasb\src\core\widgets\yasb\libre_monitor.py", line 206, in _update_label
TypeError: float() argument must be a string or a real number, not 'NoneType'
2026-07-14 17:38:00,530 [INFO] [MainThread] [root/controller.py:43]: Exiting Application...
2026-07-14 17:38:00,644 [INFO] [MainThread] [cli_server/cli_server.py:114]: Log pipe server stopped
2026-07-14 17:38:00,852 [INFO] [MainThread] [root/bar_manager.py:119]: Stopping SystemEventListener...
2026-07-14 17:38:00,858 [INFO] [MainThread] [root/bar_manager.py:119]: Stopping KomorebiEventListener...
2026-07-14 17:38:00,860 [INFO] [MainThread] [root/bar_manager.py:119]: Stopping WindowsNotificationEventListener...
2026-07-14 17:56:19,823 [INFO] [MainThread] [root/log.py:104]: YASB v2.0.5
2026-07-14 17:56:19,824 [INFO] [CLIPipeServer] [cli_server/cli_server.py:216]: CLI server started v1.1.7
2026-07-14 17:56:19,825 [INFO] [MainThread] [cli_server/cli_server.py:106]: Log pipe server started
2026-07-14 17:56:19,951 [WARNING] [MainThread] [deprecation/deprecation.py:136]: [DEPRECATED] BarAlignment: 'center' - Use 'align' instead.
2026-07-14 17:56:19,951 [WARNING] [MainThread] [deprecation/deprecation.py:136]: [DEPRECATED] BarBlurEffect: 'acrylic' - No longer supported and can be removed from the config.
2026-07-14 17:56:20,015 [WARNING] [MainThread] [deprecation/deprecation.py:136]: [DEPRECATED] GrouperWidgetConfig: 'container_padding' - Use CSS padding instead.
2026-07-14 17:56:20,100 [WARNING] [MainThread] [deprecation/deprecation.py:136]: [DEPRECATED] KomorebiWorkspacesConfig: 'animation' - Use CSS animations instead.
2026-07-14 17:56:20,105 [WARNING] [MainThread] [deprecation/deprecation.py:136]: [DEPRECATED] GrouperWidgetConfig: 'container_padding' - Use CSS padding instead.
2026-07-14 17:56:20,117 [WARNING] [MainThread] [deprecation/deprecation.py:136]: [DEPRECATED] GrouperWidgetConfig: 'container_padding' - Use CSS padding instead.
2026-07-14 17:56:20,751 [WARNING] [MainThread] [deprecation/deprecation.py:136]: [DEPRECATED] GrouperWidgetConfig: 'container_padding' - Use CSS padding instead.
2026-07-14 17:56:20,862 [WARNING] [MainThread] [deprecation/deprecation.py:136]: [DEPRECATED] OpenMeteoWidgetConfig: 'label_shadow' - Use CSS text-shadow instead.
2026-07-14 17:56:20,966 [WARNING] [MainThread] [deprecation/deprecation.py:136]: [DEPRECATED] GrouperWidgetConfig: 'container_padding' - Use CSS padding instead.
2026-07-14 17:56:20,996 [WARNING] [MainThread] [deprecation/deprecation.py:140]: [DEPRECATED] VolumeConfig: 'volume_icons' renamed to 'icons' - Use 'icons' with the dictionary format instead.
2026-07-14 17:56:20,996 [WARNING] [MainThread] [deprecation/deprecation.py:136]: [DEPRECATED] VolumeConfig: 'container_padding' - Use CSS padding instead.
2026-07-14 17:56:21,018 [INFO] [MainThread] [root/service.py:52]: AudioOutputService starting...
2026-07-14 17:56:21,080 [INFO] [MainThread] [root/service.py:41]: AudioInputService starting...
2026-07-14 17:56:21,114 [WARNING] [MainThread] [deprecation/deprecation.py:136]: [DEPRECATED] NotificationsConfig: 'container_padding' - Use CSS padding instead.
2026-07-14 17:56:21,133 [WARNING] [MainThread] [deprecation/deprecation.py:136]: [DEPRECATED] PowerMenuConfig: 'container_padding' - Use CSS padding instead.
2026-07-14 17:56:21,304 [INFO] [MainThread] [root/bar_manager.py:103]: Starting SystemEventListener...
2026-07-14 17:56:21,304 [INFO] [MainThread] [root/bar_manager.py:103]: Starting KomorebiEventListener...
2026-07-14 17:56:21,304 [INFO] [MainThread] [root/bar_manager.py:103]: Starting WindowsNotificationEventListener...
2026-07-14 17:56:21,305 [INFO] [Dummy-5] [root/event_listener.py:54]: Created named pipe yasb-a5fd7796-7f72-11f1-a277-001a7dda7113
2026-07-14 17:56:21,310 [INFO] [MainThread] [root/watcher.py:65]: Watching directory: c:\users\raven\.config\yasb
2026-07-14 17:56:21,310 [INFO] [MainThread] [root/watcher.py:104]: Created file watcher
2026-07-14 17:56:21,346 [INFO] [MainThread] [root/update_service.py:434]: Background update checker started
2026-07-14 17:56:21,404 [WARNING] [Dummy-5] [root/event_listener.py:134]: Komorebi failed to subscribe named pipe. Komorebi is not running, please start Komorebi.
2026-07-14 17:56:31,585 [INFO] [Dummy-5] [root/event_listener.py:147]: Komorebi connected to named pipe: yasb-a5fd7796-7f72-11f1-a277-001a7dda7113
2026-07-14 17:58:03,148 [INFO] [MainThread] [root/controller.py:43]: Exiting Application...
2026-07-14 17:58:03,263 [INFO] [MainThread] [cli_server/cli_server.py:114]: Log pipe server stopped
2026-07-14 17:58:03,439 [INFO] [MainThread] [root/bar_manager.py:119]: Stopping SystemEventListener...
2026-07-14 17:58:03,442 [INFO] [MainThread] [root/bar_manager.py:119]: Stopping KomorebiEventListener...
2026-07-14 17:58:03,444 [INFO] [MainThread] [root/bar_manager.py:119]: Stopping WindowsNotificationEventListener...
2026-07-14 18:01:07,513 [INFO] [MainThread] [root/log.py:104]: YASB v2.0.5
2026-07-14 18:01:07,514 [INFO] [CLIPipeServer] [cli_server/cli_server.py:216]: CLI server started v1.1.7
2026-07-14 18:01:07,515 [INFO] [MainThread] [cli_server/cli_server.py:106]: Log pipe server started
2026-07-14 18:01:07,644 [WARNING] [MainThread] [deprecation/deprecation.py:136]: [DEPRECATED] BarAlignment: 'center' - Use 'align' instead.
2026-07-14 18:01:07,645 [WARNING] [MainThread] [deprecation/deprecation.py:136]: [DEPRECATED] BarBlurEffect: 'acrylic' - No longer supported and can be removed from the config.
2026-07-14 18:01:07,710 [WARNING] [MainThread] [deprecation/deprecation.py:136]: [DEPRECATED] GrouperWidgetConfig: 'container_padding' - Use CSS padding instead.
2026-07-14 18:01:07,794 [WARNING] [MainThread] [deprecation/deprecation.py:136]: [DEPRECATED] KomorebiWorkspacesConfig: 'animation' - Use CSS animations instead.
2026-07-14 18:01:07,798 [WARNING] [MainThread] [deprecation/deprecation.py:136]: [DEPRECATED] GrouperWidgetConfig: 'container_padding' - Use CSS padding instead.
2026-07-14 18:01:07,825 [WARNING] [MainThread] [deprecation/deprecation.py:136]: [DEPRECATED] GrouperWidgetConfig: 'container_padding' - Use CSS padding instead.
2026-07-14 18:01:08,410 [WARNING] [MainThread] [deprecation/deprecation.py:136]: [DEPRECATED] GrouperWidgetConfig: 'container_padding' - Use CSS padding instead.
2026-07-14 18:01:08,521 [WARNING] [MainThread] [deprecation/deprecation.py:136]: [DEPRECATED] OpenMeteoWidgetConfig: 'label_shadow' - Use CSS text-shadow instead.
2026-07-14 18:01:08,625 [WARNING] [MainThread] [deprecation/deprecation.py:136]: [DEPRECATED] GrouperWidgetConfig: 'container_padding' - Use CSS padding instead.
2026-07-14 18:01:08,654 [WARNING] [MainThread] [deprecation/deprecation.py:140]: [DEPRECATED] VolumeConfig: 'volume_icons' renamed to 'icons' - Use 'icons' with the dictionary format instead.
2026-07-14 18:01:08,654 [WARNING] [MainThread] [deprecation/deprecation.py:136]: [DEPRECATED] VolumeConfig: 'container_padding' - Use CSS padding instead.
2026-07-14 18:01:08,677 [INFO] [MainThread] [root/service.py:52]: AudioOutputService starting...
2026-07-14 18:01:08,729 [INFO] [MainThread] [root/service.py:41]: AudioInputService starting...
2026-07-14 18:01:08,761 [WARNING] [MainThread] [deprecation/deprecation.py:136]: [DEPRECATED] NotificationsConfig: 'container_padding' - Use CSS padding instead.
2026-07-14 18:01:08,780 [WARNING] [MainThread] [deprecation/deprecation.py:136]: [DEPRECATED] PowerMenuConfig: 'container_padding' - Use CSS padding instead.
2026-07-14 18:01:08,910 [INFO] [MainThread] [root/bar_manager.py:103]: Starting SystemEventListener...
2026-07-14 18:01:08,910 [INFO] [MainThread] [root/bar_manager.py:103]: Starting WindowsNotificationEventListener...
2026-07-14 18:01:08,911 [INFO] [MainThread] [root/bar_manager.py:103]: Starting KomorebiEventListener...
2026-07-14 18:01:08,912 [INFO] [Dummy-5] [root/event_listener.py:54]: Created named pipe yasb-516ac275-7f73-11f1-8d87-001a7dda7113
2026-07-14 18:01:08,915 [INFO] [MainThread] [root/watcher.py:65]: Watching directory: c:\users\raven\.config\yasb
2026-07-14 18:01:08,916 [INFO] [MainThread] [root/watcher.py:104]: Created file watcher
2026-07-14 18:01:08,945 [INFO] [MainThread] [root/update_service.py:434]: Background update checker started
2026-07-14 18:01:09,014 [WARNING] [Dummy-5] [root/event_listener.py:134]: Komorebi failed to subscribe named pipe. Komorebi is not running, please start Komorebi.
2026-07-14 18:01:19,216 [INFO] [Dummy-5] [root/event_listener.py:147]: Komorebi connected to named pipe: yasb-516ac275-7f73-11f1-8d87-001a7dda7113
2026-07-14 18:19:33,975 [INFO] [MainThread] [root/controller.py:43]: Exiting Application...
2026-07-14 18:19:34,089 [INFO] [MainThread] [cli_server/cli_server.py:114]: Log pipe server stopped
2026-07-14 18:19:34,315 [INFO] [MainThread] [root/bar_manager.py:119]: Stopping SystemEventListener...
2026-07-14 18:19:34,318 [INFO] [MainThread] [root/bar_manager.py:119]: Stopping WindowsNotificationEventListener...
2026-07-14 18:19:34,320 [INFO] [MainThread] [root/bar_manager.py:119]: Stopping KomorebiEventListener...
2026-07-14 18:25:10,928 [INFO] [MainThread] [root/log.py:104]: YASB v2.0.5
2026-07-14 18:25:10,929 [INFO] [CLIPipeServer] [cli_server/cli_server.py:216]: CLI server started v1.1.7
2026-07-14 18:25:10,930 [INFO] [MainThread] [cli_server/cli_server.py:106]: Log pipe server started
2026-07-14 18:25:11,054 [WARNING] [MainThread] [deprecation/deprecation.py:136]: [DEPRECATED] BarAlignment: 'center' - Use 'align' instead.
2026-07-14 18:25:11,054 [WARNING] [MainThread] [deprecation/deprecation.py:136]: [DEPRECATED] BarBlurEffect: 'acrylic' - No longer supported and can be removed from the config.
2026-07-14 18:25:11,112 [WARNING] [MainThread] [deprecation/deprecation.py:136]: [DEPRECATED] GrouperWidgetConfig: 'container_padding' - Use CSS padding instead.
2026-07-14 18:25:11,197 [WARNING] [MainThread] [deprecation/deprecation.py:136]: [DEPRECATED] KomorebiWorkspacesConfig: 'animation' - Use CSS animations instead.
2026-07-14 18:25:11,202 [WARNING] [MainThread] [deprecation/deprecation.py:136]: [DEPRECATED] GrouperWidgetConfig: 'container_padding' - Use CSS padding instead.
2026-07-14 18:25:11,214 [WARNING] [MainThread] [deprecation/deprecation.py:136]: [DEPRECATED] GrouperWidgetConfig: 'container_padding' - Use CSS padding instead.
2026-07-14 18:25:11,700 [WARNING] [MainThread] [deprecation/deprecation.py:136]: [DEPRECATED] GrouperWidgetConfig: 'container_padding' - Use CSS padding instead.
2026-07-14 18:25:11,816 [WARNING] [MainThread] [deprecation/deprecation.py:136]: [DEPRECATED] OpenMeteoWidgetConfig: 'label_shadow' - Use CSS text-shadow instead.
2026-07-14 18:25:11,920 [WARNING] [MainThread] [deprecation/deprecation.py:136]: [DEPRECATED] GrouperWidgetConfig: 'container_padding' - Use CSS padding instead.
2026-07-14 18:25:11,951 [WARNING] [MainThread] [deprecation/deprecation.py:140]: [DEPRECATED] VolumeConfig: 'volume_icons' renamed to 'icons' - Use 'icons' with the dictionary format instead.
2026-07-14 18:25:11,951 [WARNING] [MainThread] [deprecation/deprecation.py:136]: [DEPRECATED] VolumeConfig: 'container_padding' - Use CSS padding instead.
2026-07-14 18:25:11,973 [INFO] [MainThread] [root/service.py:52]: AudioOutputService starting...
2026-07-14 18:25:12,035 [INFO] [MainThread] [root/service.py:41]: AudioInputService starting...
2026-07-14 18:25:12,068 [WARNING] [MainThread] [deprecation/deprecation.py:136]: [DEPRECATED] NotificationsConfig: 'container_padding' - Use CSS padding instead.
2026-07-14 18:25:12,087 [WARNING] [MainThread] [deprecation/deprecation.py:136]: [DEPRECATED] PowerMenuConfig: 'container_padding' - Use CSS padding instead.
2026-07-14 18:25:12,220 [INFO] [MainThread] [root/bar_manager.py:103]: Starting KomorebiEventListener...
2026-07-14 18:25:12,220 [INFO] [MainThread] [root/bar_manager.py:103]: Starting WindowsNotificationEventListener...
2026-07-14 18:25:12,221 [INFO] [MainThread] [root/bar_manager.py:103]: Starting SystemEventListener...
2026-07-14 18:25:12,221 [INFO] [Dummy-5] [root/event_listener.py:54]: Created named pipe yasb-adb24d88-7f76-11f1-9f2f-001a7dda7113
2026-07-14 18:25:12,224 [INFO] [MainThread] [root/watcher.py:65]: Watching directory: c:\users\raven\.config\yasb
2026-07-14 18:25:12,225 [INFO] [MainThread] [root/watcher.py:104]: Created file watcher
2026-07-14 18:25:12,256 [INFO] [MainThread] [root/update_service.py:434]: Background update checker started
2026-07-14 18:25:12,330 [WARNING] [Dummy-5] [root/event_listener.py:134]: Komorebi failed to subscribe named pipe. Komorebi is not running, please start Komorebi.
2026-07-14 18:25:27,661 [INFO] [Dummy-5] [root/event_listener.py:147]: Komorebi connected to named pipe: yasb-adb24d88-7f76-11f1-9f2f-001a7dda7113
2026-07-14 18:27:50,634 [INFO] [MainThread] [root/bar_manager.py:119]: Stopping KomorebiEventListener...
2026-07-14 18:27:50,637 [INFO] [MainThread] [root/bar_manager.py:119]: Stopping WindowsNotificationEventListener...
2026-07-14 18:27:50,643 [INFO] [MainThread] [root/bar_manager.py:119]: Stopping SystemEventListener...
2026-07-14 18:30:14,652 [INFO] [MainThread] [root/log.py:104]: YASB v2.0.5
2026-07-14 18:30:14,653 [INFO] [CLIPipeServer] [cli_server/cli_server.py:216]: CLI server started v1.1.7
2026-07-14 18:30:14,654 [INFO] [MainThread] [cli_server/cli_server.py:106]: Log pipe server started
2026-07-14 18:30:14,777 [WARNING] [MainThread] [deprecation/deprecation.py:136]: [DEPRECATED] BarAlignment: 'center' - Use 'align' instead.
2026-07-14 18:30:14,777 [WARNING] [MainThread] [deprecation/deprecation.py:136]: [DEPRECATED] BarBlurEffect: 'acrylic' - No longer supported and can be removed from the config.
2026-07-14 18:30:14,844 [WARNING] [MainThread] [deprecation/deprecation.py:136]: [DEPRECATED] GrouperWidgetConfig: 'container_padding' - Use CSS padding instead.
2026-07-14 18:30:14,935 [WARNING] [MainThread] [deprecation/deprecation.py:136]: [DEPRECATED] KomorebiWorkspacesConfig: 'animation' - Use CSS animations instead.
2026-07-14 18:30:14,940 [WARNING] [MainThread] [deprecation/deprecation.py:136]: [DEPRECATED] GrouperWidgetConfig: 'container_padding' - Use CSS padding instead.
2026-07-14 18:30:14,953 [WARNING] [MainThread] [deprecation/deprecation.py:136]: [DEPRECATED] GrouperWidgetConfig: 'container_padding' - Use CSS padding instead.
2026-07-14 18:30:15,536 [WARNING] [MainThread] [deprecation/deprecation.py:136]: [DEPRECATED] GrouperWidgetConfig: 'container_padding' - Use CSS padding instead.
2026-07-14 18:30:15,646 [WARNING] [MainThread] [deprecation/deprecation.py:136]: [DEPRECATED] OpenMeteoWidgetConfig: 'label_shadow' - Use CSS text-shadow instead.
2026-07-14 18:30:15,750 [WARNING] [MainThread] [deprecation/deprecation.py:136]: [DEPRECATED] GrouperWidgetConfig: 'container_padding' - Use CSS padding instead.
2026-07-14 18:30:15,780 [WARNING] [MainThread] [deprecation/deprecation.py:140]: [DEPRECATED] VolumeConfig: 'volume_icons' renamed to 'icons' - Use 'icons' with the dictionary format instead.
2026-07-14 18:30:15,780 [WARNING] [MainThread] [deprecation/deprecation.py:136]: [DEPRECATED] VolumeConfig: 'container_padding' - Use CSS padding instead.
2026-07-14 18:30:15,802 [INFO] [MainThread] [root/service.py:52]: AudioOutputService starting...
2026-07-14 18:30:15,856 [INFO] [MainThread] [root/service.py:41]: AudioInputService starting...
2026-07-14 18:30:15,888 [WARNING] [MainThread] [deprecation/deprecation.py:136]: [DEPRECATED] NotificationsConfig: 'container_padding' - Use CSS padding instead.
2026-07-14 18:30:15,907 [WARNING] [MainThread] [deprecation/deprecation.py:136]: [DEPRECATED] PowerMenuConfig: 'container_padding' - Use CSS padding instead.
2026-07-14 18:30:16,078 [INFO] [MainThread] [root/bar_manager.py:103]: Starting WindowsNotificationEventListener...
2026-07-14 18:30:16,078 [INFO] [MainThread] [root/bar_manager.py:103]: Starting KomorebiEventListener...
2026-07-14 18:30:16,078 [INFO] [MainThread] [root/bar_manager.py:103]: Starting SystemEventListener...
2026-07-14 18:30:16,079 [INFO] [Dummy-5] [root/event_listener.py:54]: Created named pipe yasb-62cf53b6-7f77-11f1-87c4-001a7dda7113
2026-07-14 18:30:16,083 [INFO] [MainThread] [root/watcher.py:65]: Watching directory: c:\users\raven\.config\yasb
2026-07-14 18:30:16,083 [INFO] [MainThread] [root/watcher.py:104]: Created file watcher
2026-07-14 18:30:16,118 [INFO] [MainThread] [root/update_service.py:434]: Background update checker started
2026-07-14 18:30:16,181 [WARNING] [Dummy-5] [root/event_listener.py:134]: Komorebi failed to subscribe named pipe. Komorebi is not running, please start Komorebi.
2026-07-14 18:30:26,368 [INFO] [Dummy-5] [root/event_listener.py:147]: Komorebi connected to named pipe: yasb-62cf53b6-7f77-11f1-87c4-001a7dda7113
2026-07-14 18:57:30,388 [INFO] [MainThread] [root/bar_manager.py:119]: Stopping WindowsNotificationEventListener...
2026-07-14 18:57:30,405 [INFO] [MainThread] [root/bar_manager.py:119]: Stopping KomorebiEventListener...
2026-07-14 18:57:30,427 [INFO] [MainThread] [root/bar_manager.py:119]: Stopping SystemEventListener...
2026-07-14 19:04:43,407 [INFO] [MainThread] [root/log.py:104]: YASB v2.0.5
2026-07-14 19:04:43,409 [INFO] [CLIPipeServer] [cli_server/cli_server.py:216]: CLI server started v1.1.7
2026-07-14 19:04:43,409 [INFO] [MainThread] [cli_server/cli_server.py:106]: Log pipe server started
2026-07-14 19:04:43,532 [WARNING] [MainThread] [deprecation/deprecation.py:136]: [DEPRECATED] BarAlignment: 'center' - Use 'align' instead.
2026-07-14 19:04:43,532 [WARNING] [MainThread] [deprecation/deprecation.py:136]: [DEPRECATED] BarBlurEffect: 'acrylic' - No longer supported and can be removed from the config.
2026-07-14 19:04:43,590 [WARNING] [MainThread] [deprecation/deprecation.py:136]: [DEPRECATED] GrouperWidgetConfig: 'container_padding' - Use CSS padding instead.
2026-07-14 19:04:43,673 [WARNING] [MainThread] [deprecation/deprecation.py:136]: [DEPRECATED] KomorebiWorkspacesConfig: 'animation' - Use CSS animations instead.
2026-07-14 19:04:43,678 [WARNING] [MainThread] [deprecation/deprecation.py:136]: [DEPRECATED] GrouperWidgetConfig: 'container_padding' - Use CSS padding instead.
2026-07-14 19:04:43,689 [WARNING] [MainThread] [deprecation/deprecation.py:136]: [DEPRECATED] GrouperWidgetConfig: 'container_padding' - Use CSS padding instead.
2026-07-14 19:04:44,287 [WARNING] [MainThread] [deprecation/deprecation.py:136]: [DEPRECATED] GrouperWidgetConfig: 'container_padding' - Use CSS padding instead.
2026-07-14 19:04:44,402 [WARNING] [MainThread] [deprecation/deprecation.py:136]: [DEPRECATED] OpenMeteoWidgetConfig: 'label_shadow' - Use CSS text-shadow instead.
2026-07-14 19:04:44,507 [WARNING] [MainThread] [deprecation/deprecation.py:136]: [DEPRECATED] GrouperWidgetConfig: 'container_padding' - Use CSS padding instead.
2026-07-14 19:04:44,537 [WARNING] [MainThread] [deprecation/deprecation.py:140]: [DEPRECATED] VolumeConfig: 'volume_icons' renamed to 'icons' - Use 'icons' with the dictionary format instead.
2026-07-14 19:04:44,537 [WARNING] [MainThread] [deprecation/deprecation.py:136]: [DEPRECATED] VolumeConfig: 'container_padding' - Use CSS padding instead.
2026-07-14 19:04:44,559 [INFO] [MainThread] [root/service.py:52]: AudioOutputService starting...
2026-07-14 19:04:44,611 [INFO] [MainThread] [root/service.py:41]: AudioInputService starting...
2026-07-14 19:04:44,644 [WARNING] [MainThread] [deprecation/deprecation.py:136]: [DEPRECATED] NotificationsConfig: 'container_padding' - Use CSS padding instead.
2026-07-14 19:04:44,663 [WARNING] [MainThread] [deprecation/deprecation.py:136]: [DEPRECATED] PowerMenuConfig: 'container_padding' - Use CSS padding instead.
2026-07-14 19:04:44,837 [INFO] [MainThread] [root/bar_manager.py:103]: Starting SystemEventListener...
2026-07-14 19:04:44,837 [INFO] [MainThread] [root/bar_manager.py:103]: Starting KomorebiEventListener...
2026-07-14 19:04:44,837 [INFO] [MainThread] [root/bar_manager.py:103]: Starting WindowsNotificationEventListener...
2026-07-14 19:04:44,838 [INFO] [Dummy-5] [root/event_listener.py:54]: Created named pipe yasb-33e2eb03-7f7c-11f1-86f5-001a7dda7113
2026-07-14 19:04:44,843 [INFO] [MainThread] [root/watcher.py:65]: Watching directory: c:\users\raven\.config\yasb
2026-07-14 19:04:44,843 [INFO] [MainThread] [root/watcher.py:104]: Created file watcher
2026-07-14 19:04:44,880 [INFO] [MainThread] [root/update_service.py:434]: Background update checker started
2026-07-14 19:04:44,940 [WARNING] [Dummy-5] [root/event_listener.py:134]: Komorebi failed to subscribe named pipe. Komorebi is not running, please start Komorebi.
2026-07-14 19:04:55,122 [INFO] [Dummy-5] [root/event_listener.py:147]: Komorebi connected to named pipe: yasb-33e2eb03-7f7c-11f1-86f5-001a7dda7113
2026-07-14 19:12:00,822 [INFO] [MainThread] [root/bar_manager.py:119]: Stopping SystemEventListener...
2026-07-14 19:12:00,927 [INFO] [MainThread] [root/bar_manager.py:119]: Stopping KomorebiEventListener...
2026-07-14 19:12:00,931 [INFO] [MainThread] [root/bar_manager.py:119]: Stopping WindowsNotificationEventListener...
2026-07-14 13:31:54,687 [INFO] [MainThread] [root/log.py:104]: YASB v2.0.5
2026-07-14 13:31:54,689 [INFO] [CLIPipeServer] [cli_server/cli_server.py:216]: CLI server started v1.1.7
2026-07-14 13:31:54,689 [INFO] [MainThread] [cli_server/cli_server.py:106]: Log pipe server started
2026-07-14 13:31:54,807 [WARNING] [MainThread] [deprecation/deprecation.py:136]: [DEPRECATED] BarAlignment: 'center' - Use 'align' instead.
2026-07-14 13:31:54,807 [WARNING] [MainThread] [deprecation/deprecation.py:136]: [DEPRECATED] BarBlurEffect: 'acrylic' - No longer supported and can be removed from the config.
2026-07-14 13:31:54,862 [WARNING] [MainThread] [deprecation/deprecation.py:136]: [DEPRECATED] GrouperWidgetConfig: 'container_padding' - Use CSS padding instead.
2026-07-14 13:31:54,947 [WARNING] [MainThread] [deprecation/deprecation.py:136]: [DEPRECATED] KomorebiWorkspacesConfig: 'animation' - Use CSS animations instead.
2026-07-14 13:31:54,952 [WARNING] [MainThread] [deprecation/deprecation.py:136]: [DEPRECATED] GrouperWidgetConfig: 'container_padding' - Use CSS padding instead.
2026-07-14 13:31:54,964 [WARNING] [MainThread] [deprecation/deprecation.py:136]: [DEPRECATED] GrouperWidgetConfig: 'container_padding' - Use CSS padding instead.
2026-07-14 13:31:55,547 [WARNING] [MainThread] [deprecation/deprecation.py:136]: [DEPRECATED] GrouperWidgetConfig: 'container_padding' - Use CSS padding instead.
2026-07-14 13:31:55,656 [WARNING] [MainThread] [deprecation/deprecation.py:136]: [DEPRECATED] OpenMeteoWidgetConfig: 'label_shadow' - Use CSS text-shadow instead.
2026-07-14 13:31:55,765 [WARNING] [MainThread] [deprecation/deprecation.py:136]: [DEPRECATED] GrouperWidgetConfig: 'container_padding' - Use CSS padding instead.
2026-07-14 13:31:55,795 [WARNING] [MainThread] [deprecation/deprecation.py:140]: [DEPRECATED] VolumeConfig: 'volume_icons' renamed to 'icons' - Use 'icons' with the dictionary format instead.
2026-07-14 13:31:55,795 [WARNING] [MainThread] [deprecation/deprecation.py:136]: [DEPRECATED] VolumeConfig: 'container_padding' - Use CSS padding instead.
2026-07-14 13:31:55,818 [INFO] [MainThread] [root/service.py:52]: AudioOutputService starting...
2026-07-14 13:31:55,868 [INFO] [MainThread] [root/service.py:41]: AudioInputService starting...
2026-07-14 13:31:55,898 [WARNING] [MainThread] [deprecation/deprecation.py:136]: [DEPRECATED] NotificationsConfig: 'container_padding' - Use CSS padding instead.
2026-07-14 13:31:55,917 [WARNING] [MainThread] [deprecation/deprecation.py:136]: [DEPRECATED] PowerMenuConfig: 'container_padding' - Use CSS padding instead.
2026-07-14 13:31:56,090 [INFO] [MainThread] [root/bar_manager.py:103]: Starting KomorebiEventListener...
2026-07-14 13:31:56,090 [INFO] [MainThread] [root/bar_manager.py:103]: Starting WindowsNotificationEventListener...
2026-07-14 13:31:56,091 [INFO] [MainThread] [root/bar_manager.py:103]: Starting SystemEventListener...
2026-07-14 13:31:56,091 [INFO] [Dummy-5] [root/event_listener.py:54]: Created named pipe yasb-b595ea0d-7f4d-11f1-ba23-001a7dda7113
2026-07-14 13:31:56,096 [INFO] [MainThread] [root/watcher.py:65]: Watching directory: c:\users\raven\.config\yasb
2026-07-14 13:31:56,096 [INFO] [MainThread] [root/watcher.py:104]: Created file watcher
2026-07-14 13:31:56,133 [INFO] [MainThread] [root/update_service.py:434]: Background update checker started
2026-07-14 13:31:56,196 [WARNING] [Dummy-5] [root/event_listener.py:134]: Komorebi failed to subscribe named pipe. Komorebi is not running, please start Komorebi.
2026-07-14 13:32:06,431 [INFO] [Dummy-5] [root/event_listener.py:147]: Komorebi connected to named pipe: yasb-b595ea0d-7f4d-11f1-ba23-001a7dda7113
2026-07-14 13:32:07,669 [ERROR] [MainThread] [root/base.py:126]: Failed to execute callback of type 'update_label' with args: []
Traceback (most recent call last):
  File "D:\a\yasb\yasb\src\core\widgets\base.py", line 124, in _run_callback
  File "D:\a\yasb\yasb\src\core\widgets\yasb\libre_monitor.py", line 206, in _update_label
TypeError: float() argument must be a string or a real number, not 'NoneType'
2026-07-14 13:32:09,670 [ERROR] [MainThread] [root/base.py:126]: Failed to execute callback of type 'update_label' with args: []
Traceback (most recent call last):
  File "D:\a\yasb\yasb\src\core\widgets\base.py", line 124, in _run_callback
  File "D:\a\yasb\yasb\src\core\widgets\yasb\libre_monitor.py", line 206, in _update_label
TypeError: float() argument must be a string or a real number, not 'NoneType'
2026-07-14 13:32:15,671 [ERROR] [MainThread] [root/base.py:126]: Failed to execute callback of type 'update_label' with args: []
Traceback (most recent call last):
  File "D:\a\yasb\yasb\src\core\widgets\base.py", line 124, in _run_callback
  File "D:\a\yasb\yasb\src\core\widgets\yasb\libre_monitor.py", line 206, in _update_label
TypeError: float() argument must be a string or a real number, not 'NoneType'
2026-07-14 13:32:17,678 [ERROR] [MainThread] [root/base.py:126]: Failed to execute callback of type 'update_label' with args: []
Traceback (most recent call last):
  File "D:\a\yasb\yasb\src\core\widgets\base.py", line 124, in _run_callback
  File "D:\a\yasb\yasb\src\core\widgets\yasb\libre_monitor.py", line 206, in _update_label
TypeError: float() argument must be a string or a real number, not 'NoneType'
2026-07-14 20:34:47,229 [INFO] [MainThread] [root/controller.py:43]: Exiting Application...
2026-07-14 20:34:47,331 [INFO] [MainThread] [cli_server/cli_server.py:114]: Log pipe server stopped
2026-07-14 20:34:47,500 [INFO] [MainThread] [root/bar_manager.py:119]: Stopping KomorebiEventListener...
2026-07-14 20:34:47,503 [INFO] [MainThread] [root/bar_manager.py:119]: Stopping WindowsNotificationEventListener...
2026-07-14 20:34:47,507 [INFO] [MainThread] [root/bar_manager.py:119]: Stopping SystemEventListener...
2026-07-14 14:13:40,415 [INFO] [MainThread] [root/log.py:104]: YASB v2.0.5
2026-07-14 14:13:40,416 [INFO] [CLIPipeServer] [cli_server/cli_server.py:216]: CLI server started v1.1.7
2026-07-14 14:13:40,417 [INFO] [MainThread] [cli_server/cli_server.py:106]: Log pipe server started
2026-07-14 14:13:40,538 [WARNING] [MainThread] [deprecation/deprecation.py:136]: [DEPRECATED] BarAlignment: 'center' - Use 'align' instead.
2026-07-14 14:13:40,539 [WARNING] [MainThread] [deprecation/deprecation.py:136]: [DEPRECATED] BarBlurEffect: 'acrylic' - No longer supported and can be removed from the config.
2026-07-14 14:13:40,596 [WARNING] [MainThread] [deprecation/deprecation.py:136]: [DEPRECATED] GrouperWidgetConfig: 'container_padding' - Use CSS padding instead.
2026-07-14 14:13:40,679 [WARNING] [MainThread] [deprecation/deprecation.py:136]: [DEPRECATED] KomorebiWorkspacesConfig: 'animation' - Use CSS animations instead.
2026-07-14 14:13:40,684 [WARNING] [MainThread] [deprecation/deprecation.py:136]: [DEPRECATED] GrouperWidgetConfig: 'container_padding' - Use CSS padding instead.
2026-07-14 14:13:40,696 [WARNING] [MainThread] [deprecation/deprecation.py:136]: [DEPRECATED] GrouperWidgetConfig: 'container_padding' - Use CSS padding instead.
2026-07-14 14:13:41,282 [WARNING] [MainThread] [deprecation/deprecation.py:136]: [DEPRECATED] GrouperWidgetConfig: 'container_padding' - Use CSS padding instead.
2026-07-14 14:13:41,393 [WARNING] [MainThread] [deprecation/deprecation.py:136]: [DEPRECATED] OpenMeteoWidgetConfig: 'label_shadow' - Use CSS text-shadow instead.
2026-07-14 14:13:41,500 [WARNING] [MainThread] [deprecation/deprecation.py:136]: [DEPRECATED] GrouperWidgetConfig: 'container_padding' - Use CSS padding instead.
2026-07-14 14:13:41,530 [WARNING] [MainThread] [deprecation/deprecation.py:140]: [DEPRECATED] VolumeConfig: 'volume_icons' renamed to 'icons' - Use 'icons' with the dictionary format instead.
2026-07-14 14:13:41,530 [WARNING] [MainThread] [deprecation/deprecation.py:136]: [DEPRECATED] VolumeConfig: 'container_padding' - Use CSS padding instead.
2026-07-14 14:13:41,553 [INFO] [MainThread] [root/service.py:52]: AudioOutputService starting...
2026-07-14 14:13:41,606 [INFO] [MainThread] [root/service.py:41]: AudioInputService starting...
2026-07-14 14:13:41,639 [WARNING] [MainThread] [deprecation/deprecation.py:136]: [DEPRECATED] NotificationsConfig: 'container_padding' - Use CSS padding instead.
2026-07-14 14:13:41,659 [WARNING] [MainThread] [deprecation/deprecation.py:136]: [DEPRECATED] PowerMenuConfig: 'container_padding' - Use CSS padding instead.
2026-07-14 14:13:41,832 [INFO] [MainThread] [root/bar_manager.py:103]: Starting WindowsNotificationEventListener...
2026-07-14 14:13:41,832 [INFO] [MainThread] [root/bar_manager.py:103]: Starting KomorebiEventListener...
2026-07-14 14:13:41,832 [INFO] [MainThread] [root/bar_manager.py:103]: Starting SystemEventListener...
2026-07-14 14:13:41,834 [INFO] [Dummy-5] [root/event_listener.py:54]: Created named pipe yasb-8b1fd5f5-7f53-11f1-b1e5-001a7dda7113
2026-07-14 14:13:41,838 [INFO] [MainThread] [root/watcher.py:65]: Watching directory: c:\users\raven\.config\yasb
2026-07-14 14:13:41,838 [INFO] [MainThread] [root/watcher.py:104]: Created file watcher
2026-07-14 14:13:41,875 [INFO] [MainThread] [root/update_service.py:434]: Background update checker started
2026-07-14 14:13:41,939 [WARNING] [Dummy-5] [root/event_listener.py:134]: Komorebi failed to subscribe named pipe. Komorebi is not running, please start Komorebi.
2026-07-14 14:13:52,143 [INFO] [Dummy-5] [root/event_listener.py:147]: Komorebi connected to named pipe: yasb-8b1fd5f5-7f53-11f1-b1e5-001a7dda7113
2026-07-14 21:53:16,065 [ERROR] [MainThread] [root/base.py:126]: Failed to execute callback of type 'update_label' with args: []
Traceback (most recent call last):
  File "D:\a\yasb\yasb\src\core\widgets\base.py", line 124, in _run_callback
  File "D:\a\yasb\yasb\src\core\widgets\yasb\libre_monitor.py", line 206, in _update_label
TypeError: float() argument must be a string or a real number, not 'NoneType'
2026-07-16 17:09:13,582 [INFO] [MainThread] [root/log.py:104]: YASB v2.0.5
2026-07-16 17:09:13,584 [INFO] [CLIPipeServer] [cli_server/cli_server.py:216]: CLI server started v1.1.7
2026-07-16 17:09:13,585 [INFO] [MainThread] [cli_server/cli_server.py:106]: Log pipe server started
2026-07-16 17:09:13,731 [WARNING] [MainThread] [deprecation/deprecation.py:136]: [DEPRECATED] BarAlignment: 'center' - Use 'align' instead.
2026-07-16 17:09:13,731 [WARNING] [MainThread] [deprecation/deprecation.py:136]: [DEPRECATED] BarBlurEffect: 'acrylic' - No longer supported and can be removed from the config.
2026-07-16 17:09:13,800 [WARNING] [MainThread] [deprecation/deprecation.py:136]: [DEPRECATED] GrouperWidgetConfig: 'container_padding' - Use CSS padding instead.
2026-07-16 17:09:13,923 [WARNING] [MainThread] [deprecation/deprecation.py:136]: [DEPRECATED] KomorebiWorkspacesConfig: 'animation' - Use CSS animations instead.
2026-07-16 17:09:13,930 [WARNING] [MainThread] [deprecation/deprecation.py:136]: [DEPRECATED] GrouperWidgetConfig: 'container_padding' - Use CSS padding instead.
2026-07-16 17:09:13,942 [WARNING] [MainThread] [deprecation/deprecation.py:136]: [DEPRECATED] GrouperWidgetConfig: 'container_padding' - Use CSS padding instead.
2026-07-16 17:09:14,460 [WARNING] [MainThread] [deprecation/deprecation.py:136]: [DEPRECATED] GrouperWidgetConfig: 'container_padding' - Use CSS padding instead.
2026-07-16 17:09:14,541 [ERROR] [MainThread] [root/traffic_manager.py:163]: Error loading traffic data for interface auto: Expecting value: line 1 column 1 (char 0)
2026-07-16 17:09:14,574 [WARNING] [MainThread] [deprecation/deprecation.py:136]: [DEPRECATED] OpenMeteoWidgetConfig: 'label_shadow' - Use CSS text-shadow instead.
2026-07-16 17:09:14,681 [WARNING] [MainThread] [deprecation/deprecation.py:136]: [DEPRECATED] GrouperWidgetConfig: 'container_padding' - Use CSS padding instead.
2026-07-16 17:09:14,712 [WARNING] [MainThread] [deprecation/deprecation.py:140]: [DEPRECATED] VolumeConfig: 'volume_icons' renamed to 'icons' - Use 'icons' with the dictionary format instead.
2026-07-16 17:09:14,712 [WARNING] [MainThread] [deprecation/deprecation.py:136]: [DEPRECATED] VolumeConfig: 'container_padding' - Use CSS padding instead.
2026-07-16 17:09:14,734 [INFO] [MainThread] [root/service.py:52]: AudioOutputService starting...
2026-07-16 17:09:14,787 [INFO] [MainThread] [root/service.py:41]: AudioInputService starting...
2026-07-16 17:09:14,820 [WARNING] [MainThread] [deprecation/deprecation.py:136]: [DEPRECATED] NotificationsConfig: 'container_padding' - Use CSS padding instead.
2026-07-16 17:09:14,840 [WARNING] [MainThread] [deprecation/deprecation.py:136]: [DEPRECATED] PowerMenuConfig: 'container_padding' - Use CSS padding instead.
2026-07-16 17:09:15,024 [INFO] [MainThread] [root/bar_manager.py:103]: Starting SystemEventListener...
2026-07-16 17:09:15,024 [INFO] [MainThread] [root/bar_manager.py:103]: Starting KomorebiEventListener...
2026-07-16 17:09:15,025 [INFO] [MainThread] [root/bar_manager.py:103]: Starting WindowsNotificationEventListener...
2026-07-16 17:09:15,026 [INFO] [Dummy-5] [root/event_listener.py:54]: Created named pipe yasb-6638eb6b-80fe-11f1-8e81-001a7dda7113
2026-07-16 17:09:15,028 [INFO] [MainThread] [root/watcher.py:65]: Watching directory: c:\users\raven\.config\yasb
2026-07-16 17:09:15,028 [INFO] [MainThread] [root/watcher.py:104]: Created file watcher
2026-07-16 17:09:15,067 [INFO] [MainThread] [root/update_service.py:434]: Background update checker started
2026-07-16 17:09:15,130 [WARNING] [Dummy-5] [root/event_listener.py:134]: Komorebi failed to subscribe named pipe. Komorebi is not running, please start Komorebi.
2026-07-16 17:09:35,544 [INFO] [Dummy-5] [root/event_listener.py:147]: Komorebi connected to named pipe: yasb-6638eb6b-80fe-11f1-8e81-001a7dda7113
2026-07-16 17:15:28,599 [ERROR] [SystrayMonitor] [root/app_icons.py:282]: GetIconInfo failed: 0
2026-07-16 19:49:17,961 [ERROR] [MainThread] [root/base.py:126]: Failed to execute callback of type 'update_label' with args: []
Traceback (most recent call last):
  File "D:\a\yasb\yasb\src\core\widgets\base.py", line 124, in _run_callback
  File "D:\a\yasb\yasb\src\core\widgets\yasb\libre_monitor.py", line 206, in _update_label
TypeError: float() argument must be a string or a real number, not 'NoneType'
2026-07-16 19:49:55,980 [ERROR] [MainThread] [root/base.py:126]: Failed to execute callback of type 'update_label' with args: []
Traceback (most recent call last):
  File "D:\a\yasb\yasb\src\core\widgets\base.py", line 124, in _run_callback
  File "D:\a\yasb\yasb\src\core\widgets\yasb\libre_monitor.py", line 206, in _update_label
TypeError: float() argument must be a string or a real number, not 'NoneType'
2026-07-16 21:27:50,527 [ERROR] [MainThread] [root/base.py:126]: Failed to execute callback of type 'update_label' with args: []
Traceback (most recent call last):
  File "D:\a\yasb\yasb\src\core\widgets\base.py", line 124, in _run_callback
  File "D:\a\yasb\yasb\src\core\widgets\yasb\libre_monitor.py", line 206, in _update_label
TypeError: float() argument must be a string or a real number, not 'NoneType'
2026-07-16 21:33:14,538 [ERROR] [MainThread] [root/base.py:126]: Failed to execute callback of type 'update_label' with args: []
Traceback (most recent call last):
  File "D:\a\yasb\yasb\src\core\widgets\base.py", line 124, in _run_callback
  File "D:\a\yasb\yasb\src\core\widgets\yasb\libre_monitor.py", line 206, in _update_label
TypeError: float() argument must be a string or a real number, not 'NoneType'
2026-07-16 23:50:05,411 [ERROR] [MainThread] [root/base.py:126]: Failed to execute callback of type 'update_label' with args: []
Traceback (most recent call last):
  File "D:\a\yasb\yasb\src\core\widgets\base.py", line 124, in _run_callback
  File "D:\a\yasb\yasb\src\core\widgets\yasb\libre_monitor.py", line 206, in _update_label
TypeError: float() argument must be a string or a real number, not 'NoneType'
2026-07-16 23:50:25,425 [ERROR] [MainThread] [root/base.py:126]: Failed to execute callback of type 'update_label' with args: []
Traceback (most recent call last):
  File "D:\a\yasb\yasb\src\core\widgets\base.py", line 124, in _run_callback
  File "D:\a\yasb\yasb\src\core\widgets\yasb\libre_monitor.py", line 206, in _update_label
TypeError: float() argument must be a string or a real number, not 'NoneType'
2026-07-16 23:54:53,448 [ERROR] [MainThread] [root/base.py:126]: Failed to execute callback of type 'update_label' with args: []
Traceback (most recent call last):
  File "D:\a\yasb\yasb\src\core\widgets\base.py", line 124, in _run_callback
  File "D:\a\yasb\yasb\src\core\widgets\yasb\libre_monitor.py", line 206, in _update_label
TypeError: float() argument must be a string or a real number, not 'NoneType'
2026-07-17 00:06:39,567 [ERROR] [MainThread] [root/base.py:126]: Failed to execute callback of type 'update_label' with args: []
Traceback (most recent call last):
  File "D:\a\yasb\yasb\src\core\widgets\base.py", line 124, in _run_callback
  File "D:\a\yasb\yasb\src\core\widgets\yasb\libre_monitor.py", line 206, in _update_label
TypeError: float() argument must be a string or a real number, not 'NoneType'
2026-07-18 00:12:07,646 [ERROR] [MainThread] [root/base.py:126]: Failed to execute callback of type 'update_label' with args: []
Traceback (most recent call last):
  File "D:\a\yasb\yasb\src\core\widgets\base.py", line 124, in _run_callback
  File "D:\a\yasb\yasb\src\core\widgets\yasb\libre_monitor.py", line 206, in _update_label
TypeError: float() argument must be a string or a real number, not 'NoneType'
2026-07-18 13:16:41,647 [ERROR] [MainThread] [root/base.py:126]: Failed to execute callback of type 'update_label' with args: []
Traceback (most recent call last):
  File "D:\a\yasb\yasb\src\core\widgets\base.py", line 124, in _run_callback
  File "D:\a\yasb\yasb\src\core\widgets\yasb\libre_monitor.py", line 206, in _update_label
TypeError: float() argument must be a string or a real number, not 'NoneType'
2026-07-19 12:02:09,646 [ERROR] [MainThread] [root/base.py:126]: Failed to execute callback of type 'update_label' with args: []
Traceback (most recent call last):
  File "D:\a\yasb\yasb\src\core\widgets\base.py", line 124, in _run_callback
  File "D:\a\yasb\yasb\src\core\widgets\yasb\libre_monitor.py", line 206, in _update_label
TypeError: float() argument must be a string or a real number, not 'NoneType'
2026-07-19 15:56:08,853 [INFO] [MainThread] [root/bar_manager.py:119]: Stopping SystemEventListener...
2026-07-19 15:56:08,959 [WARNING] [Dummy-5] [root/event_listener.py:95]: Pipe has been ended: (109, 'PeekNamedPipe', 'The pipe has been ended.')
2026-07-19 15:56:08,959 [INFO] [Dummy-5] [root/event_listener.py:107]: Attempting to reconnect to Komorebi...
2026-07-19 15:56:08,992 [INFO] [MainThread] [root/bar_manager.py:119]: Stopping KomorebiEventListener...
2026-07-19 15:56:08,994 [INFO] [MainThread] [root/bar_manager.py:119]: Stopping WindowsNotificationEventListener...
2026-07-19 16:51:04,543 [INFO] [MainThread] [root/log.py:104]: YASB v2.0.5
2026-07-19 16:51:04,544 [INFO] [CLIPipeServer] [cli_server/cli_server.py:216]: CLI server started v1.1.7
2026-07-19 16:51:04,545 [INFO] [MainThread] [cli_server/cli_server.py:106]: Log pipe server started
2026-07-19 16:51:04,669 [WARNING] [MainThread] [deprecation/deprecation.py:136]: [DEPRECATED] BarAlignment: 'center' - Use 'align' instead.
2026-07-19 16:51:04,670 [WARNING] [MainThread] [deprecation/deprecation.py:136]: [DEPRECATED] BarBlurEffect: 'acrylic' - No longer supported and can be removed from the config.
2026-07-19 16:51:04,729 [WARNING] [MainThread] [deprecation/deprecation.py:136]: [DEPRECATED] GrouperWidgetConfig: 'container_padding' - Use CSS padding instead.
2026-07-19 16:51:04,813 [WARNING] [MainThread] [deprecation/deprecation.py:136]: [DEPRECATED] KomorebiWorkspacesConfig: 'animation' - Use CSS animations instead.
2026-07-19 16:51:04,818 [WARNING] [MainThread] [deprecation/deprecation.py:136]: [DEPRECATED] GrouperWidgetConfig: 'container_padding' - Use CSS padding instead.
2026-07-19 16:51:04,830 [WARNING] [MainThread] [deprecation/deprecation.py:136]: [DEPRECATED] GrouperWidgetConfig: 'container_padding' - Use CSS padding instead.
2026-07-19 16:51:05,418 [WARNING] [MainThread] [deprecation/deprecation.py:136]: [DEPRECATED] GrouperWidgetConfig: 'container_padding' - Use CSS padding instead.
2026-07-19 16:51:05,530 [WARNING] [MainThread] [deprecation/deprecation.py:136]: [DEPRECATED] OpenMeteoWidgetConfig: 'label_shadow' - Use CSS text-shadow instead.
2026-07-19 16:51:05,634 [WARNING] [MainThread] [deprecation/deprecation.py:136]: [DEPRECATED] GrouperWidgetConfig: 'container_padding' - Use CSS padding instead.
2026-07-19 16:51:05,663 [WARNING] [MainThread] [deprecation/deprecation.py:140]: [DEPRECATED] VolumeConfig: 'volume_icons' renamed to 'icons' - Use 'icons' with the dictionary format instead.
2026-07-19 16:51:05,663 [WARNING] [MainThread] [deprecation/deprecation.py:136]: [DEPRECATED] VolumeConfig: 'container_padding' - Use CSS padding instead.
2026-07-19 16:51:05,685 [INFO] [MainThread] [root/service.py:52]: AudioOutputService starting...
2026-07-19 16:51:05,737 [INFO] [MainThread] [root/service.py:41]: AudioInputService starting...
2026-07-19 16:51:05,769 [WARNING] [MainThread] [deprecation/deprecation.py:136]: [DEPRECATED] NotificationsConfig: 'container_padding' - Use CSS padding instead.
2026-07-19 16:51:05,788 [WARNING] [MainThread] [deprecation/deprecation.py:136]: [DEPRECATED] PowerMenuConfig: 'container_padding' - Use CSS padding instead.
2026-07-19 16:51:05,968 [INFO] [MainThread] [root/bar_manager.py:103]: Starting SystemEventListener...
2026-07-19 16:51:05,968 [INFO] [MainThread] [root/bar_manager.py:103]: Starting WindowsNotificationEventListener...
2026-07-19 16:51:05,969 [INFO] [MainThread] [root/bar_manager.py:103]: Starting KomorebiEventListener...
2026-07-19 16:51:05,970 [INFO] [Dummy-5] [root/event_listener.py:54]: Created named pipe yasb-5c5575d9-8357-11f1-a183-001a7dda7113
2026-07-19 16:51:05,974 [INFO] [MainThread] [root/watcher.py:65]: Watching directory: c:\users\raven\.config\yasb
2026-07-19 16:51:05,974 [INFO] [MainThread] [root/watcher.py:104]: Created file watcher
2026-07-19 16:51:06,011 [INFO] [MainThread] [root/update_service.py:434]: Background update checker started
2026-07-19 16:51:06,070 [WARNING] [Dummy-5] [root/event_listener.py:134]: Komorebi failed to subscribe named pipe. Komorebi is not running, please start Komorebi.
2026-07-19 16:51:16,251 [INFO] [Dummy-5] [root/event_listener.py:147]: Komorebi connected to named pipe: yasb-5c5575d9-8357-11f1-a183-001a7dda7113
2026-07-19 17:35:02,347 [ERROR] [MainThread] [root/base.py:126]: Failed to execute callback of type 'update_label' with args: []
Traceback (most recent call last):
  File "D:\a\yasb\yasb\src\core\widgets\base.py", line 124, in _run_callback
  File "D:\a\yasb\yasb\src\core\widgets\yasb\libre_monitor.py", line 206, in _update_label
TypeError: float() argument must be a string or a real number, not 'NoneType'
2026-07-19 22:02:33,826 [ERROR] [MainThread] [root/base.py:126]: Failed to execute callback of type 'update_label' with args: []
Traceback (most recent call last):
  File "D:\a\yasb\yasb\src\core\widgets\base.py", line 124, in _run_callback
  File "D:\a\yasb\yasb\src\core\widgets\yasb\libre_monitor.py", line 206, in _update_label
TypeError: float() argument must be a string or a real number, not 'NoneType'
2026-07-19 23:32:04,737 [ERROR] [MainThread] [root/base.py:126]: Failed to execute callback of type 'update_label' with args: []
Traceback (most recent call last):
  File "D:\a\yasb\yasb\src\core\widgets\base.py", line 124, in _run_callback
  File "D:\a\yasb\yasb\src\core\widgets\yasb\libre_monitor.py", line 206, in _update_label
TypeError: float() argument must be a string or a real number, not 'NoneType'
2026-07-19 23:33:50,776 [ERROR] [MainThread] [root/base.py:126]: Failed to execute callback of type 'update_label' with args: []
Traceback (most recent call last):
  File "D:\a\yasb\yasb\src\core\widgets\base.py", line 124, in _run_callback
  File "D:\a\yasb\yasb\src\core\widgets\yasb\libre_monitor.py", line 206, in _update_label
TypeError: float() argument must be a string or a real number, not 'NoneType'
2026-07-20 16:01:44,900 [ERROR] [MainThread] [root/base.py:126]: Failed to execute callback of type 'update_label' with args: []
Traceback (most recent call last):
  File "D:\a\yasb\yasb\src\core\widgets\base.py", line 124, in _run_callback
  File "D:\a\yasb\yasb\src\core\widgets\yasb\libre_monitor.py", line 206, in _update_label
TypeError: float() argument must be a string or a real number, not 'NoneType'
2026-07-20 16:01:58,897 [ERROR] [MainThread] [root/base.py:126]: Failed to execute callback of type 'update_label' with args: []
Traceback (most recent call last):
  File "D:\a\yasb\yasb\src\core\widgets\base.py", line 124, in _run_callback
  File "D:\a\yasb\yasb\src\core\widgets\yasb\libre_monitor.py", line 206, in _update_label
TypeError: float() argument must be a string or a real number, not 'NoneType'
2026-07-20 16:04:16,902 [ERROR] [MainThread] [root/base.py:126]: Failed to execute callback of type 'update_label' with args: []
Traceback (most recent call last):
  File "D:\a\yasb\yasb\src\core\widgets\base.py", line 124, in _run_callback
  File "D:\a\yasb\yasb\src\core\widgets\yasb\libre_monitor.py", line 206, in _update_label
TypeError: float() argument must be a string or a real number, not 'NoneType'
2026-07-20 16:08:48,951 [ERROR] [MainThread] [root/base.py:126]: Failed to execute callback of type 'update_label' with args: []
Traceback (most recent call last):
  File "D:\a\yasb\yasb\src\core\widgets\base.py", line 124, in _run_callback
  File "D:\a\yasb\yasb\src\core\widgets\yasb\libre_monitor.py", line 206, in _update_label
TypeError: float() argument must be a string or a real number, not 'NoneType'
2026-07-20 16:10:38,953 [ERROR] [MainThread] [root/base.py:126]: Failed to execute callback of type 'update_label' with args: []
Traceback (most recent call last):
  File "D:\a\yasb\yasb\src\core\widgets\base.py", line 124, in _run_callback
  File "D:\a\yasb\yasb\src\core\widgets\yasb\libre_monitor.py", line 206, in _update_label
TypeError: float() argument must be a string or a real number, not 'NoneType'
2026-07-20 18:46:58,316 [ERROR] [MainThread] [root/base.py:126]: Failed to execute callback of type 'update_label' with args: []
Traceback (most recent call last):
  File "D:\a\yasb\yasb\src\core\widgets\base.py", line 124, in _run_callback
  File "D:\a\yasb\yasb\src\core\widgets\yasb\libre_monitor.py", line 206, in _update_label
TypeError: float() argument must be a string or a real number, not 'NoneType'
2026-07-20 18:47:18,320 [ERROR] [MainThread] [root/base.py:126]: Failed to execute callback of type 'update_label' with args: []
Traceback (most recent call last):
  File "D:\a\yasb\yasb\src\core\widgets\base.py", line 124, in _run_callback
  File "D:\a\yasb\yasb\src\core\widgets\yasb\libre_monitor.py", line 206, in _update_label
TypeError: float() argument must be a string or a real number, not 'NoneType'
2026-07-20 18:51:12,317 [ERROR] [MainThread] [root/base.py:126]: Failed to execute callback of type 'update_label' with args: []
Traceback (most recent call last):
  File "D:\a\yasb\yasb\src\core\widgets\base.py", line 124, in _run_callback
  File "D:\a\yasb\yasb\src\core\widgets\yasb\libre_monitor.py", line 206, in _update_label
TypeError: float() argument must be a string or a real number, not 'NoneType'
2026-07-20 21:38:13,245 [ERROR] [MainThread] [root/base.py:126]: Failed to execute callback of type 'update_label' with args: []
Traceback (most recent call last):
  File "D:\a\yasb\yasb\src\core\widgets\base.py", line 124, in _run_callback
  File "D:\a\yasb\yasb\src\core\widgets\yasb\libre_monitor.py", line 206, in _update_label
TypeError: float() argument must be a string or a real number, not 'NoneType'
2026-07-20 23:48:10,450 [ERROR] [MainThread] [root/base.py:126]: Failed to execute callback of type 'update_label' with args: []
Traceback (most recent call last):
  File "D:\a\yasb\yasb\src\core\widgets\base.py", line 124, in _run_callback
  File "D:\a\yasb\yasb\src\core\widgets\yasb\libre_monitor.py", line 206, in _update_label
TypeError: float() argument must be a string or a real number, not 'NoneType'
2026-07-20 23:50:58,453 [ERROR] [MainThread] [root/base.py:126]: Failed to execute callback of type 'update_label' with args: []
Traceback (most recent call last):
  File "D:\a\yasb\yasb\src\core\widgets\base.py", line 124, in _run_callback
  File "D:\a\yasb\yasb\src\core\widgets\yasb\libre_monitor.py", line 206, in _update_label
TypeError: float() argument must be a string or a real number, not 'NoneType'
2026-07-21 04:18:53,739 [ERROR] [MainThread] [root/base.py:126]: Failed to execute callback of type 'update_label' with args: []
Traceback (most recent call last):
  File "D:\a\yasb\yasb\src\core\widgets\base.py", line 124, in _run_callback
  File "D:\a\yasb\yasb\src\core\widgets\yasb\libre_monitor.py", line 206, in _update_label
TypeError: float() argument must be a string or a real number, not 'NoneType'
2026-07-21 05:12:50,203 [ERROR] [MainThread] [root/base.py:126]: Failed to execute callback of type 'update_label' with args: []
Traceback (most recent call last):
  File "D:\a\yasb\yasb\src\core\widgets\base.py", line 124, in _run_callback
  File "D:\a\yasb\yasb\src\core\widgets\yasb\libre_monitor.py", line 206, in _update_label
TypeError: float() argument must be a string or a real number, not 'NoneType'
2026-07-21 05:49:44,567 [ERROR] [MainThread] [root/base.py:126]: Failed to execute callback of type 'update_label' with args: []
Traceback (most recent call last):
  File "D:\a\yasb\yasb\src\core\widgets\base.py", line 124, in _run_callback
  File "D:\a\yasb\yasb\src\core\widgets\yasb\libre_monitor.py", line 206, in _update_label
TypeError: float() argument must be a string or a real number, not 'NoneType'
2026-07-21 09:05:03,495 [ERROR] [MainThread] [root/base.py:126]: Failed to execute callback of type 'update_label' with args: []
Traceback (most recent call last):
  File "D:\a\yasb\yasb\src\core\widgets\base.py", line 124, in _run_callback
  File "D:\a\yasb\yasb\src\core\widgets\yasb\libre_monitor.py", line 206, in _update_label
TypeError: float() argument must be a string or a real number, not 'NoneType'
2026-07-21 11:42:40,633 [ERROR] [MainThread] [root/base.py:126]: Failed to execute callback of type 'update_label' with args: []
Traceback (most recent call last):
  File "D:\a\yasb\yasb\src\core\widgets\base.py", line 124, in _run_callback
  File "D:\a\yasb\yasb\src\core\widgets\yasb\libre_monitor.py", line 206, in _update_label
TypeError: float() argument must be a string or a real number, not 'NoneType'
2026-07-21 12:15:16,871 [ERROR] [MainThread] [root/base.py:126]: Failed to execute callback of type 'update_label' with args: []
Traceback (most recent call last):
  File "D:\a\yasb\yasb\src\core\widgets\base.py", line 124, in _run_callback
  File "D:\a\yasb\yasb\src\core\widgets\yasb\libre_monitor.py", line 206, in _update_label
TypeError: float() argument must be a string or a real number, not 'NoneType'
2026-07-21 12:16:38,869 [ERROR] [MainThread] [root/base.py:126]: Failed to execute callback of type 'update_label' with args: []
Traceback (most recent call last):
  File "D:\a\yasb\yasb\src\core\widgets\base.py", line 124, in _run_callback
  File "D:\a\yasb\yasb\src\core\widgets\yasb\libre_monitor.py", line 206, in _update_label
TypeError: float() argument must be a string or a real number, not 'NoneType'
2026-07-21 15:50:05,019 [ERROR] [MainThread] [root/base.py:126]: Failed to execute callback of type 'update_label' with args: []
Traceback (most recent call last):
  File "D:\a\yasb\yasb\src\core\widgets\base.py", line 124, in _run_callback
  File "D:\a\yasb\yasb\src\core\widgets\yasb\libre_monitor.py", line 206, in _update_label
TypeError: float() argument must be a string or a real number, not 'NoneType'
2026-07-21 16:26:55,018 [ERROR] [MainThread] [root/base.py:126]: Failed to execute callback of type 'update_label' with args: []
Traceback (most recent call last):
  File "D:\a\yasb\yasb\src\core\widgets\base.py", line 124, in _run_callback
  File "D:\a\yasb\yasb\src\core\widgets\yasb\libre_monitor.py", line 206, in _update_label
TypeError: float() argument must be a string or a real number, not 'NoneType'
2026-07-21 18:04:09,030 [ERROR] [MainThread] [root/base.py:126]: Failed to execute callback of type 'update_label' with args: []
Traceback (most recent call last):
  File "D:\a\yasb\yasb\src\core\widgets\base.py", line 124, in _run_callback
  File "D:\a\yasb\yasb\src\core\widgets\yasb\libre_monitor.py", line 206, in _update_label
TypeError: float() argument must be a string or a real number, not 'NoneType'
2026-07-21 18:07:55,021 [ERROR] [MainThread] [root/base.py:126]: Failed to execute callback of type 'update_label' with args: []
Traceback (most recent call last):
  File "D:\a\yasb\yasb\src\core\widgets\base.py", line 124, in _run_callback
  File "D:\a\yasb\yasb\src\core\widgets\yasb\libre_monitor.py", line 206, in _update_label
TypeError: float() argument must be a string or a real number, not 'NoneType'
2026-07-21 18:08:17,020 [ERROR] [MainThread] [root/base.py:126]: Failed to execute callback of type 'update_label' with args: []
Traceback (most recent call last):
  File "D:\a\yasb\yasb\src\core\widgets\base.py", line 124, in _run_callback
  File "D:\a\yasb\yasb\src\core\widgets\yasb\libre_monitor.py", line 206, in _update_label
TypeError: float() argument must be a string or a real number, not 'NoneType'
2026-07-21 18:15:01,020 [ERROR] [MainThread] [root/base.py:126]: Failed to execute callback of type 'update_label' with args: []
Traceback (most recent call last):
  File "D:\a\yasb\yasb\src\core\widgets\base.py", line 124, in _run_callback
  File "D:\a\yasb\yasb\src\core\widgets\yasb\libre_monitor.py", line 206, in _update_label
TypeError: float() argument must be a string or a real number, not 'NoneType'
2026-07-21 18:15:03,029 [ERROR] [MainThread] [root/base.py:126]: Failed to execute callback of type 'update_label' with args: []
Traceback (most recent call last):
  File "D:\a\yasb\yasb\src\core\widgets\base.py", line 124, in _run_callback
  File "D:\a\yasb\yasb\src\core\widgets\yasb\libre_monitor.py", line 206, in _update_label
TypeError: float() argument must be a string or a real number, not 'NoneType'
2026-07-21 18:16:19,020 [ERROR] [MainThread] [root/base.py:126]: Failed to execute callback of type 'update_label' with args: []
Traceback (most recent call last):
  File "D:\a\yasb\yasb\src\core\widgets\base.py", line 124, in _run_callback
  File "D:\a\yasb\yasb\src\core\widgets\yasb\libre_monitor.py", line 206, in _update_label
TypeError: float() argument must be a string or a real number, not 'NoneType'
2026-07-21 18:16:21,030 [ERROR] [MainThread] [root/base.py:126]: Failed to execute callback of type 'update_label' with args: []
Traceback (most recent call last):
  File "D:\a\yasb\yasb\src\core\widgets\base.py", line 124, in _run_callback
  File "D:\a\yasb\yasb\src\core\widgets\yasb\libre_monitor.py", line 206, in _update_label
TypeError: float() argument must be a string or a real number, not 'NoneType'
2026-07-21 18:20:25,020 [ERROR] [MainThread] [root/base.py:126]: Failed to execute callback of type 'update_label' with args: []
Traceback (most recent call last):
  File "D:\a\yasb\yasb\src\core\widgets\base.py", line 124, in _run_callback
  File "D:\a\yasb\yasb\src\core\widgets\yasb\libre_monitor.py", line 206, in _update_label
TypeError: float() argument must be a string or a real number, not 'NoneType'
2026-07-21 18:24:57,020 [ERROR] [MainThread] [root/base.py:126]: Failed to execute callback of type 'update_label' with args: []
Traceback (most recent call last):
  File "D:\a\yasb\yasb\src\core\widgets\base.py", line 124, in _run_callback
  File "D:\a\yasb\yasb\src\core\widgets\yasb\libre_monitor.py", line 206, in _update_label
TypeError: float() argument must be a string or a real number, not 'NoneType'
2026-07-21 18:30:05,020 [ERROR] [MainThread] [root/base.py:126]: Failed to execute callback of type 'update_label' with args: []
Traceback (most recent call last):
  File "D:\a\yasb\yasb\src\core\widgets\base.py", line 124, in _run_callback
  File "D:\a\yasb\yasb\src\core\widgets\yasb\libre_monitor.py", line 206, in _update_label
TypeError: float() argument must be a string or a real number, not 'NoneType'
2026-07-21 18:31:27,021 [ERROR] [MainThread] [root/base.py:126]: Failed to execute callback of type 'update_label' with args: []
Traceback (most recent call last):
  File "D:\a\yasb\yasb\src\core\widgets\base.py", line 124, in _run_callback
  File "D:\a\yasb\yasb\src\core\widgets\yasb\libre_monitor.py", line 206, in _update_label
TypeError: float() argument must be a string or a real number, not 'NoneType'
2026-07-21 18:33:35,021 [ERROR] [MainThread] [root/base.py:126]: Failed to execute callback of type 'update_label' with args: []
Traceback (most recent call last):
  File "D:\a\yasb\yasb\src\core\widgets\base.py", line 124, in _run_callback
  File "D:\a\yasb\yasb\src\core\widgets\yasb\libre_monitor.py", line 206, in _update_label
TypeError: float() argument must be a string or a real number, not 'NoneType'
2026-07-21 18:33:55,021 [ERROR] [MainThread] [root/base.py:126]: Failed to execute callback of type 'update_label' with args: []
Traceback (most recent call last):
  File "D:\a\yasb\yasb\src\core\widgets\base.py", line 124, in _run_callback
  File "D:\a\yasb\yasb\src\core\widgets\yasb\libre_monitor.py", line 206, in _update_label
TypeError: float() argument must be a string or a real number, not 'NoneType'
2026-07-21 18:36:29,020 [ERROR] [MainThread] [root/base.py:126]: Failed to execute callback of type 'update_label' with args: []
Traceback (most recent call last):
  File "D:\a\yasb\yasb\src\core\widgets\base.py", line 124, in _run_callback
  File "D:\a\yasb\yasb\src\core\widgets\yasb\libre_monitor.py", line 206, in _update_label
TypeError: float() argument must be a string or a real number, not 'NoneType'
2026-07-21 18:37:21,020 [ERROR] [MainThread] [root/base.py:126]: Failed to execute callback of type 'update_label' with args: []
Traceback (most recent call last):
  File "D:\a\yasb\yasb\src\core\widgets\base.py", line 124, in _run_callback
  File "D:\a\yasb\yasb\src\core\widgets\yasb\libre_monitor.py", line 206, in _update_label
TypeError: float() argument must be a string or a real number, not 'NoneType'
2026-07-21 18:37:25,020 [ERROR] [MainThread] [root/base.py:126]: Failed to execute callback of type 'update_label' with args: []
Traceback (most recent call last):
  File "D:\a\yasb\yasb\src\core\widgets\base.py", line 124, in _run_callback
  File "D:\a\yasb\yasb\src\core\widgets\yasb\libre_monitor.py", line 206, in _update_label
TypeError: float() argument must be a string or a real number, not 'NoneType'
2026-07-21 18:41:27,020 [ERROR] [MainThread] [root/base.py:126]: Failed to execute callback of type 'update_label' with args: []
Traceback (most recent call last):
  File "D:\a\yasb\yasb\src\core\widgets\base.py", line 124, in _run_callback
  File "D:\a\yasb\yasb\src\core\widgets\yasb\libre_monitor.py", line 206, in _update_label
TypeError: float() argument must be a string or a real number, not 'NoneType'
2026-07-21 18:44:51,020 [ERROR] [MainThread] [root/base.py:126]: Failed to execute callback of type 'update_label' with args: []
Traceback (most recent call last):
  File "D:\a\yasb\yasb\src\core\widgets\base.py", line 124, in _run_callback
  File "D:\a\yasb\yasb\src\core\widgets\yasb\libre_monitor.py", line 206, in _update_label
TypeError: float() argument must be a string or a real number, not 'NoneType'
2026-07-21 18:45:09,021 [ERROR] [MainThread] [root/base.py:126]: Failed to execute callback of type 'update_label' with args: []
Traceback (most recent call last):
  File "D:\a\yasb\yasb\src\core\widgets\base.py", line 124, in _run_callback
  File "D:\a\yasb\yasb\src\core\widgets\yasb\libre_monitor.py", line 206, in _update_label
TypeError: float() argument must be a string or a real number, not 'NoneType'
2026-07-21 18:45:23,020 [ERROR] [MainThread] [root/base.py:126]: Failed to execute callback of type 'update_label' with args: []
Traceback (most recent call last):
  File "D:\a\yasb\yasb\src\core\widgets\base.py", line 124, in _run_callback
  File "D:\a\yasb\yasb\src\core\widgets\yasb\libre_monitor.py", line 206, in _update_label
TypeError: float() argument must be a string or a real number, not 'NoneType'
2026-07-21 18:50:25,021 [ERROR] [MainThread] [root/base.py:126]: Failed to execute callback of type 'update_label' with args: []
Traceback (most recent call last):
  File "D:\a\yasb\yasb\src\core\widgets\base.py", line 124, in _run_callback
  File "D:\a\yasb\yasb\src\core\widgets\yasb\libre_monitor.py", line 206, in _update_label
TypeError: float() argument must be a string or a real number, not 'NoneType'
2026-07-21 18:52:41,021 [ERROR] [MainThread] [root/base.py:126]: Failed to execute callback of type 'update_label' with args: []
Traceback (most recent call last):
  File "D:\a\yasb\yasb\src\core\widgets\base.py", line 124, in _run_callback
  File "D:\a\yasb\yasb\src\core\widgets\yasb\libre_monitor.py", line 206, in _update_label
TypeError: float() argument must be a string or a real number, not 'NoneType'
2026-07-21 18:54:47,021 [ERROR] [MainThread] [root/base.py:126]: Failed to execute callback of type 'update_label' with args: []
Traceback (most recent call last):
  File "D:\a\yasb\yasb\src\core\widgets\base.py", line 124, in _run_callback
  File "D:\a\yasb\yasb\src\core\widgets\yasb\libre_monitor.py", line 206, in _update_label
TypeError: float() argument must be a string or a real number, not 'NoneType'
2026-07-21 18:55:07,020 [ERROR] [MainThread] [root/base.py:126]: Failed to execute callback of type 'update_label' with args: []
Traceback (most recent call last):
  File "D:\a\yasb\yasb\src\core\widgets\base.py", line 124, in _run_callback
  File "D:\a\yasb\yasb\src\core\widgets\yasb\libre_monitor.py", line 206, in _update_label
TypeError: float() argument must be a string or a real number, not 'NoneType'
2026-07-21 18:56:31,020 [ERROR] [MainThread] [root/base.py:126]: Failed to execute callback of type 'update_label' with args: []
Traceback (most recent call last):
  File "D:\a\yasb\yasb\src\core\widgets\base.py", line 124, in _run_callback
  File "D:\a\yasb\yasb\src\core\widgets\yasb\libre_monitor.py", line 206, in _update_label
TypeError: float() argument must be a string or a real number, not 'NoneType'
2026-07-21 18:56:49,020 [ERROR] [MainThread] [root/base.py:126]: Failed to execute callback of type 'update_label' with args: []
Traceback (most recent call last):
  File "D:\a\yasb\yasb\src\core\widgets\base.py", line 124, in _run_callback
  File "D:\a\yasb\yasb\src\core\widgets\yasb\libre_monitor.py", line 206, in _update_label
TypeError: float() argument must be a string or a real number, not 'NoneType'
2026-07-21 18:59:59,020 [ERROR] [MainThread] [root/base.py:126]: Failed to execute callback of type 'update_label' with args: []
Traceback (most recent call last):
  File "D:\a\yasb\yasb\src\core\widgets\base.py", line 124, in _run_callback
  File "D:\a\yasb\yasb\src\core\widgets\yasb\libre_monitor.py", line 206, in _update_label
TypeError: float() argument must be a string or a real number, not 'NoneType'
2026-07-21 19:01:01,020 [ERROR] [MainThread] [root/base.py:126]: Failed to execute callback of type 'update_label' with args: []
Traceback (most recent call last):
  File "D:\a\yasb\yasb\src\core\widgets\base.py", line 124, in _run_callback
  File "D:\a\yasb\yasb\src\core\widgets\yasb\libre_monitor.py", line 206, in _update_label
TypeError: float() argument must be a string or a real number, not 'NoneType'
2026-07-21 19:01:25,020 [ERROR] [MainThread] [root/base.py:126]: Failed to execute callback of type 'update_label' with args: []
Traceback (most recent call last):
  File "D:\a\yasb\yasb\src\core\widgets\base.py", line 124, in _run_callback
  File "D:\a\yasb\yasb\src\core\widgets\yasb\libre_monitor.py", line 206, in _update_label
TypeError: float() argument must be a string or a real number, not 'NoneType'
2026-07-21 19:05:15,020 [ERROR] [MainThread] [root/base.py:126]: Failed to execute callback of type 'update_label' with args: []
Traceback (most recent call last):
  File "D:\a\yasb\yasb\src\core\widgets\base.py", line 124, in _run_callback
  File "D:\a\yasb\yasb\src\core\widgets\yasb\libre_monitor.py", line 206, in _update_label
TypeError: float() argument must be a string or a real number, not 'NoneType'
2026-07-21 19:05:17,020 [ERROR] [MainThread] [root/base.py:126]: Failed to execute callback of type 'update_label' with args: []
Traceback (most recent call last):
  File "D:\a\yasb\yasb\src\core\widgets\base.py", line 124, in _run_callback
  File "D:\a\yasb\yasb\src\core\widgets\yasb\libre_monitor.py", line 206, in _update_label
TypeError: float() argument must be a string or a real number, not 'NoneType'
2026-07-21 19:08:53,020 [ERROR] [MainThread] [root/base.py:126]: Failed to execute callback of type 'update_label' with args: []
Traceback (most recent call last):
  File "D:\a\yasb\yasb\src\core\widgets\base.py", line 124, in _run_callback
  File "D:\a\yasb\yasb\src\core\widgets\yasb\libre_monitor.py", line 206, in _update_label
TypeError: float() argument must be a string or a real number, not 'NoneType'
2026-07-21 19:11:29,020 [ERROR] [MainThread] [root/base.py:126]: Failed to execute callback of type 'update_label' with args: []
Traceback (most recent call last):
  File "D:\a\yasb\yasb\src\core\widgets\base.py", line 124, in _run_callback
  File "D:\a\yasb\yasb\src\core\widgets\yasb\libre_monitor.py", line 206, in _update_label
TypeError: float() argument must be a string or a real number, not 'NoneType'
2026-07-21 19:12:43,021 [ERROR] [MainThread] [root/base.py:126]: Failed to execute callback of type 'update_label' with args: []
Traceback (most recent call last):
  File "D:\a\yasb\yasb\src\core\widgets\base.py", line 124, in _run_callback
  File "D:\a\yasb\yasb\src\core\widgets\yasb\libre_monitor.py", line 206, in _update_label
TypeError: float() argument must be a string or a real number, not 'NoneType'
2026-07-21 19:12:57,020 [ERROR] [MainThread] [root/base.py:126]: Failed to execute callback of type 'update_label' with args: []
Traceback (most recent call last):
  File "D:\a\yasb\yasb\src\core\widgets\base.py", line 124, in _run_callback
  File "D:\a\yasb\yasb\src\core\widgets\yasb\libre_monitor.py", line 206, in _update_label
TypeError: float() argument must be a string or a real number, not 'NoneType'
2026-07-21 19:13:01,021 [ERROR] [MainThread] [root/base.py:126]: Failed to execute callback of type 'update_label' with args: []
Traceback (most recent call last):
  File "D:\a\yasb\yasb\src\core\widgets\base.py", line 124, in _run_callback
  File "D:\a\yasb\yasb\src\core\widgets\yasb\libre_monitor.py", line 206, in _update_label
TypeError: float() argument must be a string or a real number, not 'NoneType'
2026-07-21 19:16:13,020 [ERROR] [MainThread] [root/base.py:126]: Failed to execute callback of type 'update_label' with args: []
Traceback (most recent call last):
  File "D:\a\yasb\yasb\src\core\widgets\base.py", line 124, in _run_callback
  File "D:\a\yasb\yasb\src\core\widgets\yasb\libre_monitor.py", line 206, in _update_label
TypeError: float() argument must be a string or a real number, not 'NoneType'
2026-07-21 19:19:37,020 [ERROR] [MainThread] [root/base.py:126]: Failed to execute callback of type 'update_label' with args: []
Traceback (most recent call last):
  File "D:\a\yasb\yasb\src\core\widgets\base.py", line 124, in _run_callback
  File "D:\a\yasb\yasb\src\core\widgets\yasb\libre_monitor.py", line 206, in _update_label
TypeError: float() argument must be a string or a real number, not 'NoneType'
2026-07-21 19:24:13,020 [ERROR] [MainThread] [root/base.py:126]: Failed to execute callback of type 'update_label' with args: []
Traceback (most recent call last):
  File "D:\a\yasb\yasb\src\core\widgets\base.py", line 124, in _run_callback
  File "D:\a\yasb\yasb\src\core\widgets\yasb\libre_monitor.py", line 206, in _update_label
TypeError: float() argument must be a string or a real number, not 'NoneType'
2026-07-21 19:24:59,020 [ERROR] [MainThread] [root/base.py:126]: Failed to execute callback of type 'update_label' with args: []
Traceback (most recent call last):
  File "D:\a\yasb\yasb\src\core\widgets\base.py", line 124, in _run_callback
  File "D:\a\yasb\yasb\src\core\widgets\yasb\libre_monitor.py", line 206, in _update_label
TypeError: float() argument must be a string or a real number, not 'NoneType'
2026-07-21 19:27:33,021 [ERROR] [MainThread] [root/base.py:126]: Failed to execute callback of type 'update_label' with args: []
Traceback (most recent call last):
  File "D:\a\yasb\yasb\src\core\widgets\base.py", line 124, in _run_callback
  File "D:\a\yasb\yasb\src\core\widgets\yasb\libre_monitor.py", line 206, in _update_label
TypeError: float() argument must be a string or a real number, not 'NoneType'
2026-07-21 19:30:13,020 [ERROR] [MainThread] [root/base.py:126]: Failed to execute callback of type 'update_label' with args: []
Traceback (most recent call last):
  File "D:\a\yasb\yasb\src\core\widgets\base.py", line 124, in _run_callback
  File "D:\a\yasb\yasb\src\core\widgets\yasb\libre_monitor.py", line 206, in _update_label
TypeError: float() argument must be a string or a real number, not 'NoneType'
2026-07-21 19:33:31,021 [ERROR] [MainThread] [root/base.py:126]: Failed to execute callback of type 'update_label' with args: []
Traceback (most recent call last):
  File "D:\a\yasb\yasb\src\core\widgets\base.py", line 124, in _run_callback
  File "D:\a\yasb\yasb\src\core\widgets\yasb\libre_monitor.py", line 206, in _update_label
TypeError: float() argument must be a string or a real number, not 'NoneType'
2026-07-21 19:34:19,020 [ERROR] [MainThread] [root/base.py:126]: Failed to execute callback of type 'update_label' with args: []
Traceback (most recent call last):
  File "D:\a\yasb\yasb\src\core\widgets\base.py", line 124, in _run_callback
  File "D:\a\yasb\yasb\src\core\widgets\yasb\libre_monitor.py", line 206, in _update_label
TypeError: float() argument must be a string or a real number, not 'NoneType'
2026-07-21 19:34:39,021 [ERROR] [MainThread] [root/base.py:126]: Failed to execute callback of type 'update_label' with args: []
Traceback (most recent call last):
  File "D:\a\yasb\yasb\src\core\widgets\base.py", line 124, in _run_callback
  File "D:\a\yasb\yasb\src\core\widgets\yasb\libre_monitor.py", line 206, in _update_label
TypeError: float() argument must be a string or a real number, not 'NoneType'
2026-07-21 19:36:13,020 [ERROR] [MainThread] [root/base.py:126]: Failed to execute callback of type 'update_label' with args: []
Traceback (most recent call last):
  File "D:\a\yasb\yasb\src\core\widgets\base.py", line 124, in _run_callback
  File "D:\a\yasb\yasb\src\core\widgets\yasb\libre_monitor.py", line 206, in _update_label
TypeError: float() argument must be a string or a real number, not 'NoneType'
2026-07-21 19:39:19,021 [ERROR] [MainThread] [root/base.py:126]: Failed to execute callback of type 'update_label' with args: []
Traceback (most recent call last):
  File "D:\a\yasb\yasb\src\core\widgets\base.py", line 124, in _run_callback
  File "D:\a\yasb\yasb\src\core\widgets\yasb\libre_monitor.py", line 206, in _update_label
TypeError: float() argument must be a string or a real number, not 'NoneType'
2026-07-21 19:40:45,020 [ERROR] [MainThread] [root/base.py:126]: Failed to execute callback of type 'update_label' with args: []
Traceback (most recent call last):
  File "D:\a\yasb\yasb\src\core\widgets\base.py", line 124, in _run_callback
  File "D:\a\yasb\yasb\src\core\widgets\yasb\libre_monitor.py", line 206, in _update_label
TypeError: float() argument must be a string or a real number, not 'NoneType'
2026-07-21 19:41:19,021 [ERROR] [MainThread] [root/base.py:126]: Failed to execute callback of type 'update_label' with args: []
Traceback (most recent call last):
  File "D:\a\yasb\yasb\src\core\widgets\base.py", line 124, in _run_callback
  File "D:\a\yasb\yasb\src\core\widgets\yasb\libre_monitor.py", line 206, in _update_label
TypeError: float() argument must be a string or a real number, not 'NoneType'
2026-07-21 19:42:59,020 [ERROR] [MainThread] [root/base.py:126]: Failed to execute callback of type 'update_label' with args: []
Traceback (most recent call last):
  File "D:\a\yasb\yasb\src\core\widgets\base.py", line 124, in _run_callback
  File "D:\a\yasb\yasb\src\core\widgets\yasb\libre_monitor.py", line 206, in _update_label
TypeError: float() argument must be a string or a real number, not 'NoneType'
2026-07-21 19:43:05,020 [ERROR] [MainThread] [root/base.py:126]: Failed to execute callback of type 'update_label' with args: []
Traceback (most recent call last):
  File "D:\a\yasb\yasb\src\core\widgets\base.py", line 124, in _run_callback
  File "D:\a\yasb\yasb\src\core\widgets\yasb\libre_monitor.py", line 206, in _update_label
TypeError: float() argument must be a string or a real number, not 'NoneType'
2026-07-21 19:46:25,020 [ERROR] [MainThread] [root/base.py:126]: Failed to execute callback of type 'update_label' with args: []
Traceback (most recent call last):
  File "D:\a\yasb\yasb\src\core\widgets\base.py", line 124, in _run_callback
  File "D:\a\yasb\yasb\src\core\widgets\yasb\libre_monitor.py", line 206, in _update_label
TypeError: float() argument must be a string or a real number, not 'NoneType'
2026-07-21 19:52:21,021 [ERROR] [MainThread] [root/base.py:126]: Failed to execute callback of type 'update_label' with args: []
Traceback (most recent call last):
  File "D:\a\yasb\yasb\src\core\widgets\base.py", line 124, in _run_callback
  File "D:\a\yasb\yasb\src\core\widgets\yasb\libre_monitor.py", line 206, in _update_label
TypeError: float() argument must be a string or a real number, not 'NoneType'
2026-07-21 19:52:29,021 [ERROR] [MainThread] [root/base.py:126]: Failed to execute callback of type 'update_label' with args: []
Traceback (most recent call last):
  File "D:\a\yasb\yasb\src\core\widgets\base.py", line 124, in _run_callback
  File "D:\a\yasb\yasb\src\core\widgets\yasb\libre_monitor.py", line 206, in _update_label
TypeError: float() argument must be a string or a real number, not 'NoneType'
2026-07-21 19:53:19,020 [ERROR] [MainThread] [root/base.py:126]: Failed to execute callback of type 'update_label' with args: []
Traceback (most recent call last):
  File "D:\a\yasb\yasb\src\core\widgets\base.py", line 124, in _run_callback
  File "D:\a\yasb\yasb\src\core\widgets\yasb\libre_monitor.py", line 206, in _update_label
TypeError: float() argument must be a string or a real number, not 'NoneType'
2026-07-21 19:56:47,020 [ERROR] [MainThread] [root/base.py:126]: Failed to execute callback of type 'update_label' with args: []
Traceback (most recent call last):
  File "D:\a\yasb\yasb\src\core\widgets\base.py", line 124, in _run_callback
  File "D:\a\yasb\yasb\src\core\widgets\yasb\libre_monitor.py", line 206, in _update_label
TypeError: float() argument must be a string or a real number, not 'NoneType'
2026-07-21 19:59:05,020 [ERROR] [MainThread] [root/base.py:126]: Failed to execute callback of type 'update_label' with args: []
Traceback (most recent call last):
  File "D:\a\yasb\yasb\src\core\widgets\base.py", line 124, in _run_callback
  File "D:\a\yasb\yasb\src\core\widgets\yasb\libre_monitor.py", line 206, in _update_label
TypeError: float() argument must be a string or a real number, not 'NoneType'
2026-07-21 19:59:59,021 [ERROR] [MainThread] [root/base.py:126]: Failed to execute callback of type 'update_label' with args: []
Traceback (most recent call last):
  File "D:\a\yasb\yasb\src\core\widgets\base.py", line 124, in _run_callback
  File "D:\a\yasb\yasb\src\core\widgets\yasb\libre_monitor.py", line 206, in _update_label
TypeError: float() argument must be a string or a real number, not 'NoneType'
2026-07-21 20:01:27,020 [ERROR] [MainThread] [root/base.py:126]: Failed to execute callback of type 'update_label' with args: []
Traceback (most recent call last):
  File "D:\a\yasb\yasb\src\core\widgets\base.py", line 124, in _run_callback
  File "D:\a\yasb\yasb\src\core\widgets\yasb\libre_monitor.py", line 206, in _update_label
TypeError: float() argument must be a string or a real number, not 'NoneType'
2026-07-21 20:01:41,021 [ERROR] [MainThread] [root/base.py:126]: Failed to execute callback of type 'update_label' with args: []
Traceback (most recent call last):
  File "D:\a\yasb\yasb\src\core\widgets\base.py", line 124, in _run_callback
  File "D:\a\yasb\yasb\src\core\widgets\yasb\libre_monitor.py", line 206, in _update_label
TypeError: float() argument must be a string or a real number, not 'NoneType'
2026-07-21 20:01:53,020 [ERROR] [MainThread] [root/base.py:126]: Failed to execute callback of type 'update_label' with args: []
Traceback (most recent call last):
  File "D:\a\yasb\yasb\src\core\widgets\base.py", line 124, in _run_callback
  File "D:\a\yasb\yasb\src\core\widgets\yasb\libre_monitor.py", line 206, in _update_label
TypeError: float() argument must be a string or a real number, not 'NoneType'
2026-07-21 20:04:25,020 [ERROR] [MainThread] [root/base.py:126]: Failed to execute callback of type 'update_label' with args: []
Traceback (most recent call last):
  File "D:\a\yasb\yasb\src\core\widgets\base.py", line 124, in _run_callback
  File "D:\a\yasb\yasb\src\core\widgets\yasb\libre_monitor.py", line 206, in _update_label
TypeError: float() argument must be a string or a real number, not 'NoneType'
2026-07-21 20:05:29,020 [ERROR] [MainThread] [root/base.py:126]: Failed to execute callback of type 'update_label' with args: []
Traceback (most recent call last):
  File "D:\a\yasb\yasb\src\core\widgets\base.py", line 124, in _run_callback
  File "D:\a\yasb\yasb\src\core\widgets\yasb\libre_monitor.py", line 206, in _update_label
TypeError: float() argument must be a string or a real number, not 'NoneType'
2026-07-21 20:05:57,021 [ERROR] [MainThread] [root/base.py:126]: Failed to execute callback of type 'update_label' with args: []
Traceback (most recent call last):
  File "D:\a\yasb\yasb\src\core\widgets\base.py", line 124, in _run_callback
  File "D:\a\yasb\yasb\src\core\widgets\yasb\libre_monitor.py", line 206, in _update_label
TypeError: float() argument must be a string or a real number, not 'NoneType'
2026-07-21 20:08:03,020 [ERROR] [MainThread] [root/base.py:126]: Failed to execute callback of type 'update_label' with args: []
Traceback (most recent call last):
  File "D:\a\yasb\yasb\src\core\widgets\base.py", line 124, in _run_callback
  File "D:\a\yasb\yasb\src\core\widgets\yasb\libre_monitor.py", line 206, in _update_label
TypeError: float() argument must be a string or a real number, not 'NoneType'
2026-07-21 20:08:45,020 [ERROR] [MainThread] [root/base.py:126]: Failed to execute callback of type 'update_label' with args: []
Traceback (most recent call last):
  File "D:\a\yasb\yasb\src\core\widgets\base.py", line 124, in _run_callback
  File "D:\a\yasb\yasb\src\core\widgets\yasb\libre_monitor.py", line 206, in _update_label
TypeError: float() argument must be a string or a real number, not 'NoneType'
2026-07-21 20:09:05,020 [ERROR] [MainThread] [root/base.py:126]: Failed to execute callback of type 'update_label' with args: []
Traceback (most recent call last):
  File "D:\a\yasb\yasb\src\core\widgets\base.py", line 124, in _run_callback
  File "D:\a\yasb\yasb\src\core\widgets\yasb\libre_monitor.py", line 206, in _update_label
TypeError: float() argument must be a string or a real number, not 'NoneType'
2026-07-21 20:09:17,021 [ERROR] [MainThread] [root/base.py:126]: Failed to execute callback of type 'update_label' with args: []
Traceback (most recent call last):
  File "D:\a\yasb\yasb\src\core\widgets\base.py", line 124, in _run_callback
  File "D:\a\yasb\yasb\src\core\widgets\yasb\libre_monitor.py", line 206, in _update_label
TypeError: float() argument must be a string or a real number, not 'NoneType'
2026-07-21 20:09:25,021 [ERROR] [MainThread] [root/base.py:126]: Failed to execute callback of type 'update_label' with args: []
Traceback (most recent call last):
  File "D:\a\yasb\yasb\src\core\widgets\base.py", line 124, in _run_callback
  File "D:\a\yasb\yasb\src\core\widgets\yasb\libre_monitor.py", line 206, in _update_label
TypeError: float() argument must be a string or a real number, not 'NoneType'
2026-07-21 20:09:59,020 [ERROR] [MainThread] [root/base.py:126]: Failed to execute callback of type 'update_label' with args: []
Traceback (most recent call last):
  File "D:\a\yasb\yasb\src\core\widgets\base.py", line 124, in _run_callback
  File "D:\a\yasb\yasb\src\core\widgets\yasb\libre_monitor.py", line 206, in _update_label
TypeError: float() argument must be a string or a real number, not 'NoneType'
2026-07-21 20:10:01,020 [ERROR] [MainThread] [root/base.py:126]: Failed to execute callback of type 'update_label' with args: []
Traceback (most recent call last):
  File "D:\a\yasb\yasb\src\core\widgets\base.py", line 124, in _run_callback
  File "D:\a\yasb\yasb\src\core\widgets\yasb\libre_monitor.py", line 206, in _update_label
TypeError: float() argument must be a string or a real number, not 'NoneType'
2026-07-21 20:10:07,020 [ERROR] [MainThread] [root/base.py:126]: Failed to execute callback of type 'update_label' with args: []
Traceback (most recent call last):
  File "D:\a\yasb\yasb\src\core\widgets\base.py", line 124, in _run_callback
  File "D:\a\yasb\yasb\src\core\widgets\yasb\libre_monitor.py", line 206, in _update_label
TypeError: float() argument must be a string or a real number, not 'NoneType'
2026-07-21 20:12:39,021 [ERROR] [MainThread] [root/base.py:126]: Failed to execute callback of type 'update_label' with args: []
Traceback (most recent call last):
  File "D:\a\yasb\yasb\src\core\widgets\base.py", line 124, in _run_callback
  File "D:\a\yasb\yasb\src\core\widgets\yasb\libre_monitor.py", line 206, in _update_label
TypeError: float() argument must be a string or a real number, not 'NoneType'
2026-07-21 20:12:43,021 [ERROR] [MainThread] [root/base.py:126]: Failed to execute callback of type 'update_label' with args: []
Traceback (most recent call last):
  File "D:\a\yasb\yasb\src\core\widgets\base.py", line 124, in _run_callback
  File "D:\a\yasb\yasb\src\core\widgets\yasb\libre_monitor.py", line 206, in _update_label
TypeError: float() argument must be a string or a real number, not 'NoneType'
2026-07-21 20:13:01,020 [ERROR] [MainThread] [root/base.py:126]: Failed to execute callback of type 'update_label' with args: []
Traceback (most recent call last):
  File "D:\a\yasb\yasb\src\core\widgets\base.py", line 124, in _run_callback
  File "D:\a\yasb\yasb\src\core\widgets\yasb\libre_monitor.py", line 206, in _update_label
TypeError: float() argument must be a string or a real number, not 'NoneType'
2026-07-21 20:13:11,021 [ERROR] [MainThread] [root/base.py:126]: Failed to execute callback of type 'update_label' with args: []
Traceback (most recent call last):
  File "D:\a\yasb\yasb\src\core\widgets\base.py", line 124, in _run_callback
  File "D:\a\yasb\yasb\src\core\widgets\yasb\libre_monitor.py", line 206, in _update_label
TypeError: float() argument must be a string or a real number, not 'NoneType'
2026-07-21 20:13:35,020 [ERROR] [MainThread] [root/base.py:126]: Failed to execute callback of type 'update_label' with args: []
Traceback (most recent call last):
  File "D:\a\yasb\yasb\src\core\widgets\base.py", line 124, in _run_callback
  File "D:\a\yasb\yasb\src\core\widgets\yasb\libre_monitor.py", line 206, in _update_label
TypeError: float() argument must be a string or a real number, not 'NoneType'
2026-07-21 20:13:45,021 [ERROR] [MainThread] [root/base.py:126]: Failed to execute callback of type 'update_label' with args: []
Traceback (most recent call last):
  File "D:\a\yasb\yasb\src\core\widgets\base.py", line 124, in _run_callback
  File "D:\a\yasb\yasb\src\core\widgets\yasb\libre_monitor.py", line 206, in _update_label
TypeError: float() argument must be a string or a real number, not 'NoneType'
2026-07-21 20:14:39,021 [ERROR] [MainThread] [root/base.py:126]: Failed to execute callback of type 'update_label' with args: []
Traceback (most recent call last):
  File "D:\a\yasb\yasb\src\core\widgets\base.py", line 124, in _run_callback
  File "D:\a\yasb\yasb\src\core\widgets\yasb\libre_monitor.py", line 206, in _update_label
TypeError: float() argument must be a string or a real number, not 'NoneType'
2026-07-21 20:15:59,021 [ERROR] [MainThread] [root/base.py:126]: Failed to execute callback of type 'update_label' with args: []
Traceback (most recent call last):
  File "D:\a\yasb\yasb\src\core\widgets\base.py", line 124, in _run_callback
  File "D:\a\yasb\yasb\src\core\widgets\yasb\libre_monitor.py", line 206, in _update_label
TypeError: float() argument must be a string or a real number, not 'NoneType'
2026-07-21 20:16:05,020 [ERROR] [MainThread] [root/base.py:126]: Failed to execute callback of type 'update_label' with args: []
Traceback (most recent call last):
  File "D:\a\yasb\yasb\src\core\widgets\base.py", line 124, in _run_callback
  File "D:\a\yasb\yasb\src\core\widgets\yasb\libre_monitor.py", line 206, in _update_label
TypeError: float() argument must be a string or a real number, not 'NoneType'
2026-07-21 20:16:07,021 [ERROR] [MainThread] [root/base.py:126]: Failed to execute callback of type 'update_label' with args: []
Traceback (most recent call last):
  File "D:\a\yasb\yasb\src\core\widgets\base.py", line 124, in _run_callback
  File "D:\a\yasb\yasb\src\core\widgets\yasb\libre_monitor.py", line 206, in _update_label
TypeError: float() argument must be a string or a real number, not 'NoneType'
2026-07-21 20:16:23,020 [ERROR] [MainThread] [root/base.py:126]: Failed to execute callback of type 'update_label' with args: []
Traceback (most recent call last):
  File "D:\a\yasb\yasb\src\core\widgets\base.py", line 124, in _run_callback
  File "D:\a\yasb\yasb\src\core\widgets\yasb\libre_monitor.py", line 206, in _update_label
TypeError: float() argument must be a string or a real number, not 'NoneType'
2026-07-21 20:16:29,020 [ERROR] [MainThread] [root/base.py:126]: Failed to execute callback of type 'update_label' with args: []
Traceback (most recent call last):
  File "D:\a\yasb\yasb\src\core\widgets\base.py", line 124, in _run_callback
  File "D:\a\yasb\yasb\src\core\widgets\yasb\libre_monitor.py", line 206, in _update_label
TypeError: float() argument must be a string or a real number, not 'NoneType'
2026-07-21 20:16:47,020 [ERROR] [MainThread] [root/base.py:126]: Failed to execute callback of type 'update_label' with args: []
Traceback (most recent call last):
  File "D:\a\yasb\yasb\src\core\widgets\base.py", line 124, in _run_callback
  File "D:\a\yasb\yasb\src\core\widgets\yasb\libre_monitor.py", line 206, in _update_label
TypeError: float() argument must be a string or a real number, not 'NoneType'
2026-07-21 20:17:21,021 [ERROR] [MainThread] [root/base.py:126]: Failed to execute callback of type 'update_label' with args: []
Traceback (most recent call last):
  File "D:\a\yasb\yasb\src\core\widgets\base.py", line 124, in _run_callback
  File "D:\a\yasb\yasb\src\core\widgets\yasb\libre_monitor.py", line 206, in _update_label
TypeError: float() argument must be a string or a real number, not 'NoneType'
2026-07-21 20:17:27,021 [ERROR] [MainThread] [root/base.py:126]: Failed to execute callback of type 'update_label' with args: []
Traceback (most recent call last):
  File "D:\a\yasb\yasb\src\core\widgets\base.py", line 124, in _run_callback
  File "D:\a\yasb\yasb\src\core\widgets\yasb\libre_monitor.py", line 206, in _update_label
TypeError: float() argument must be a string or a real number, not 'NoneType'
2026-07-21 20:17:31,020 [ERROR] [MainThread] [root/base.py:126]: Failed to execute callback of type 'update_label' with args: []
Traceback (most recent call last):
  File "D:\a\yasb\yasb\src\core\widgets\base.py", line 124, in _run_callback
  File "D:\a\yasb\yasb\src\core\widgets\yasb\libre_monitor.py", line 206, in _update_label
TypeError: float() argument must be a string or a real number, not 'NoneType'
2026-07-21 20:17:53,021 [ERROR] [MainThread] [root/base.py:126]: Failed to execute callback of type 'update_label' with args: []
Traceback (most recent call last):
  File "D:\a\yasb\yasb\src\core\widgets\base.py", line 124, in _run_callback
  File "D:\a\yasb\yasb\src\core\widgets\yasb\libre_monitor.py", line 206, in _update_label
TypeError: float() argument must be a string or a real number, not 'NoneType'
2026-07-21 20:17:55,021 [ERROR] [MainThread] [root/base.py:126]: Failed to execute callback of type 'update_label' with args: []
Traceback (most recent call last):
  File "D:\a\yasb\yasb\src\core\widgets\base.py", line 124, in _run_callback
  File "D:\a\yasb\yasb\src\core\widgets\yasb\libre_monitor.py", line 206, in _update_label
TypeError: float() argument must be a string or a real number, not 'NoneType'
2026-07-21 20:18:49,021 [ERROR] [MainThread] [root/base.py:126]: Failed to execute callback of type 'update_label' with args: []
Traceback (most recent call last):
  File "D:\a\yasb\yasb\src\core\widgets\base.py", line 124, in _run_callback
  File "D:\a\yasb\yasb\src\core\widgets\yasb\libre_monitor.py", line 206, in _update_label
TypeError: float() argument must be a string or a real number, not 'NoneType'
2026-07-21 20:19:51,021 [ERROR] [MainThread] [root/base.py:126]: Failed to execute callback of type 'update_label' with args: []
Traceback (most recent call last):
  File "D:\a\yasb\yasb\src\core\widgets\base.py", line 124, in _run_callback
  File "D:\a\yasb\yasb\src\core\widgets\yasb\libre_monitor.py", line 206, in _update_label
TypeError: float() argument must be a string or a real number, not 'NoneType'
2026-07-21 20:20:17,020 [ERROR] [MainThread] [root/base.py:126]: Failed to execute callback of type 'update_label' with args: []
Traceback (most recent call last):
  File "D:\a\yasb\yasb\src\core\widgets\base.py", line 124, in _run_callback
  File "D:\a\yasb\yasb\src\core\widgets\yasb\libre_monitor.py", line 206, in _update_label
TypeError: float() argument must be a string or a real number, not 'NoneType'
2026-07-21 20:20:27,021 [ERROR] [MainThread] [root/base.py:126]: Failed to execute callback of type 'update_label' with args: []
Traceback (most recent call last):
  File "D:\a\yasb\yasb\src\core\widgets\base.py", line 124, in _run_callback
  File "D:\a\yasb\yasb\src\core\widgets\yasb\libre_monitor.py", line 206, in _update_label
TypeError: float() argument must be a string or a real number, not 'NoneType'
2026-07-21 20:20:35,020 [ERROR] [MainThread] [root/base.py:126]: Failed to execute callback of type 'update_label' with args: []
Traceback (most recent call last):
  File "D:\a\yasb\yasb\src\core\widgets\base.py", line 124, in _run_callback
  File "D:\a\yasb\yasb\src\core\widgets\yasb\libre_monitor.py", line 206, in _update_label
TypeError: float() argument must be a string or a real number, not 'NoneType'
2026-07-21 20:20:53,021 [ERROR] [MainThread] [root/base.py:126]: Failed to execute callback of type 'update_label' with args: []
Traceback (most recent call last):
  File "D:\a\yasb\yasb\src\core\widgets\base.py", line 124, in _run_callback
  File "D:\a\yasb\yasb\src\core\widgets\yasb\libre_monitor.py", line 206, in _update_label
TypeError: float() argument must be a string or a real number, not 'NoneType'
2026-07-21 20:21:13,020 [ERROR] [MainThread] [root/base.py:126]: Failed to execute callback of type 'update_label' with args: []
Traceback (most recent call last):
  File "D:\a\yasb\yasb\src\core\widgets\base.py", line 124, in _run_callback
  File "D:\a\yasb\yasb\src\core\widgets\yasb\libre_monitor.py", line 206, in _update_label
TypeError: float() argument must be a string or a real number, not 'NoneType'
2026-07-21 20:21:15,020 [ERROR] [MainThread] [root/base.py:126]: Failed to execute callback of type 'update_label' with args: []
Traceback (most recent call last):
  File "D:\a\yasb\yasb\src\core\widgets\base.py", line 124, in _run_callback
  File "D:\a\yasb\yasb\src\core\widgets\yasb\libre_monitor.py", line 206, in _update_label
TypeError: float() argument must be a string or a real number, not 'NoneType'
2026-07-21 20:21:23,021 [ERROR] [MainThread] [root/base.py:126]: Failed to execute callback of type 'update_label' with args: []
Traceback (most recent call last):
  File "D:\a\yasb\yasb\src\core\widgets\base.py", line 124, in _run_callback
  File "D:\a\yasb\yasb\src\core\widgets\yasb\libre_monitor.py", line 206, in _update_label
TypeError: float() argument must be a string or a real number, not 'NoneType'
2026-07-21 20:21:29,020 [ERROR] [MainThread] [root/base.py:126]: Failed to execute callback of type 'update_label' with args: []
Traceback (most recent call last):
  File "D:\a\yasb\yasb\src\core\widgets\base.py", line 124, in _run_callback
  File "D:\a\yasb\yasb\src\core\widgets\yasb\libre_monitor.py", line 206, in _update_label
TypeError: float() argument must be a string or a real number, not 'NoneType'
2026-07-21 20:23:35,020 [ERROR] [MainThread] [root/base.py:126]: Failed to execute callback of type 'update_label' with args: []
Traceback (most recent call last):
  File "D:\a\yasb\yasb\src\core\widgets\base.py", line 124, in _run_callback
  File "D:\a\yasb\yasb\src\core\widgets\yasb\libre_monitor.py", line 206, in _update_label
TypeError: float() argument must be a string or a real number, not 'NoneType'
2026-07-21 20:24:03,020 [ERROR] [MainThread] [root/base.py:126]: Failed to execute callback of type 'update_label' with args: []
Traceback (most recent call last):
  File "D:\a\yasb\yasb\src\core\widgets\base.py", line 124, in _run_callback
  File "D:\a\yasb\yasb\src\core\widgets\yasb\libre_monitor.py", line 206, in _update_label
TypeError: float() argument must be a string or a real number, not 'NoneType'
2026-07-21 20:24:17,020 [ERROR] [MainThread] [root/base.py:126]: Failed to execute callback of type 'update_label' with args: []
Traceback (most recent call last):
  File "D:\a\yasb\yasb\src\core\widgets\base.py", line 124, in _run_callback
  File "D:\a\yasb\yasb\src\core\widgets\yasb\libre_monitor.py", line 206, in _update_label
TypeError: float() argument must be a string or a real number, not 'NoneType'
2026-07-21 20:24:19,020 [ERROR] [MainThread] [root/base.py:126]: Failed to execute callback of type 'update_label' with args: []
Traceback (most recent call last):
  File "D:\a\yasb\yasb\src\core\widgets\base.py", line 124, in _run_callback
  File "D:\a\yasb\yasb\src\core\widgets\yasb\libre_monitor.py", line 206, in _update_label
TypeError: float() argument must be a string or a real number, not 'NoneType'
2026-07-21 20:24:39,020 [ERROR] [MainThread] [root/base.py:126]: Failed to execute callback of type 'update_label' with args: []
Traceback (most recent call last):
  File "D:\a\yasb\yasb\src\core\widgets\base.py", line 124, in _run_callback
  File "D:\a\yasb\yasb\src\core\widgets\yasb\libre_monitor.py", line 206, in _update_label
TypeError: float() argument must be a string or a real number, not 'NoneType'
2026-07-21 20:24:47,020 [ERROR] [MainThread] [root/base.py:126]: Failed to execute callback of type 'update_label' with args: []
Traceback (most recent call last):
  File "D:\a\yasb\yasb\src\core\widgets\base.py", line 124, in _run_callback
  File "D:\a\yasb\yasb\src\core\widgets\yasb\libre_monitor.py", line 206, in _update_label
TypeError: float() argument must be a string or a real number, not 'NoneType'
2026-07-21 20:24:57,021 [ERROR] [MainThread] [root/base.py:126]: Failed to execute callback of type 'update_label' with args: []
Traceback (most recent call last):
  File "D:\a\yasb\yasb\src\core\widgets\base.py", line 124, in _run_callback
  File "D:\a\yasb\yasb\src\core\widgets\yasb\libre_monitor.py", line 206, in _update_label
TypeError: float() argument must be a string or a real number, not 'NoneType'
2026-07-21 20:25:25,020 [ERROR] [MainThread] [root/base.py:126]: Failed to execute callback of type 'update_label' with args: []
Traceback (most recent call last):
  File "D:\a\yasb\yasb\src\core\widgets\base.py", line 124, in _run_callback
  File "D:\a\yasb\yasb\src\core\widgets\yasb\libre_monitor.py", line 206, in _update_label
TypeError: float() argument must be a string or a real number, not 'NoneType'
2026-07-21 20:25:27,020 [ERROR] [MainThread] [root/base.py:126]: Failed to execute callback of type 'update_label' with args: []
Traceback (most recent call last):
  File "D:\a\yasb\yasb\src\core\widgets\base.py", line 124, in _run_callback
  File "D:\a\yasb\yasb\src\core\widgets\yasb\libre_monitor.py", line 206, in _update_label
TypeError: float() argument must be a string or a real number, not 'NoneType'
2026-07-21 20:25:41,020 [ERROR] [MainThread] [root/base.py:126]: Failed to execute callback of type 'update_label' with args: []
Traceback (most recent call last):
  File "D:\a\yasb\yasb\src\core\widgets\base.py", line 124, in _run_callback
  File "D:\a\yasb\yasb\src\core\widgets\yasb\libre_monitor.py", line 206, in _update_label
TypeError: float() argument must be a string or a real number, not 'NoneType'
2026-07-21 20:25:49,021 [ERROR] [MainThread] [root/base.py:126]: Failed to execute callback of type 'update_label' with args: []
Traceback (most recent call last):
  File "D:\a\yasb\yasb\src\core\widgets\base.py", line 124, in _run_callback
  File "D:\a\yasb\yasb\src\core\widgets\yasb\libre_monitor.py", line 206, in _update_label
TypeError: float() argument must be a string or a real number, not 'NoneType'
2026-07-21 20:25:53,020 [ERROR] [MainThread] [root/base.py:126]: Failed to execute callback of type 'update_label' with args: []
Traceback (most recent call last):
  File "D:\a\yasb\yasb\src\core\widgets\base.py", line 124, in _run_callback
  File "D:\a\yasb\yasb\src\core\widgets\yasb\libre_monitor.py", line 206, in _update_label
TypeError: float() argument must be a string or a real number, not 'NoneType'
2026-07-21 20:25:55,021 [ERROR] [MainThread] [root/base.py:126]: Failed to execute callback of type 'update_label' with args: []
Traceback (most recent call last):
  File "D:\a\yasb\yasb\src\core\widgets\base.py", line 124, in _run_callback
  File "D:\a\yasb\yasb\src\core\widgets\yasb\libre_monitor.py", line 206, in _update_label
TypeError: float() argument must be a string or a real number, not 'NoneType'
2026-07-21 20:27:43,020 [ERROR] [MainThread] [root/base.py:126]: Failed to execute callback of type 'update_label' with args: []
Traceback (most recent call last):
  File "D:\a\yasb\yasb\src\core\widgets\base.py", line 124, in _run_callback
  File "D:\a\yasb\yasb\src\core\widgets\yasb\libre_monitor.py", line 206, in _update_label
TypeError: float() argument must be a string or a real number, not 'NoneType'
2026-07-21 20:28:45,020 [ERROR] [MainThread] [root/base.py:126]: Failed to execute callback of type 'update_label' with args: []
Traceback (most recent call last):
  File "D:\a\yasb\yasb\src\core\widgets\base.py", line 124, in _run_callback
  File "D:\a\yasb\yasb\src\core\widgets\yasb\libre_monitor.py", line 206, in _update_label
TypeError: float() argument must be a string or a real number, not 'NoneType'
2026-07-21 20:28:51,021 [ERROR] [MainThread] [root/base.py:126]: Failed to execute callback of type 'update_label' with args: []
Traceback (most recent call last):
  File "D:\a\yasb\yasb\src\core\widgets\base.py", line 124, in _run_callback
  File "D:\a\yasb\yasb\src\core\widgets\yasb\libre_monitor.py", line 206, in _update_label
TypeError: float() argument must be a string or a real number, not 'NoneType'
2026-07-21 20:29:05,021 [ERROR] [MainThread] [root/base.py:126]: Failed to execute callback of type 'update_label' with args: []
Traceback (most recent call last):
  File "D:\a\yasb\yasb\src\core\widgets\base.py", line 124, in _run_callback
  File "D:\a\yasb\yasb\src\core\widgets\yasb\libre_monitor.py", line 206, in _update_label
TypeError: float() argument must be a string or a real number, not 'NoneType'
2026-07-21 20:29:09,021 [ERROR] [MainThread] [root/base.py:126]: Failed to execute callback of type 'update_label' with args: []
Traceback (most recent call last):
  File "D:\a\yasb\yasb\src\core\widgets\base.py", line 124, in _run_callback
  File "D:\a\yasb\yasb\src\core\widgets\yasb\libre_monitor.py", line 206, in _update_label
TypeError: float() argument must be a string or a real number, not 'NoneType'
2026-07-21 20:29:17,020 [ERROR] [MainThread] [root/base.py:126]: Failed to execute callback of type 'update_label' with args: []
Traceback (most recent call last):
  File "D:\a\yasb\yasb\src\core\widgets\base.py", line 124, in _run_callback
  File "D:\a\yasb\yasb\src\core\widgets\yasb\libre_monitor.py", line 206, in _update_label
TypeError: float() argument must be a string or a real number, not 'NoneType'
2026-07-21 20:29:37,020 [ERROR] [MainThread] [root/base.py:126]: Failed to execute callback of type 'update_label' with args: []
Traceback (most recent call last):
  File "D:\a\yasb\yasb\src\core\widgets\base.py", line 124, in _run_callback
  File "D:\a\yasb\yasb\src\core\widgets\yasb\libre_monitor.py", line 206, in _update_label
TypeError: float() argument must be a string or a real number, not 'NoneType'
2026-07-21 20:31:41,020 [ERROR] [MainThread] [root/base.py:126]: Failed to execute callback of type 'update_label' with args: []
Traceback (most recent call last):
  File "D:\a\yasb\yasb\src\core\widgets\base.py", line 124, in _run_callback
  File "D:\a\yasb\yasb\src\core\widgets\yasb\libre_monitor.py", line 206, in _update_label
TypeError: float() argument must be a string or a real number, not 'NoneType'
2026-07-21 20:32:37,020 [ERROR] [MainThread] [root/base.py:126]: Failed to execute callback of type 'update_label' with args: []
Traceback (most recent call last):
  File "D:\a\yasb\yasb\src\core\widgets\base.py", line 124, in _run_callback
  File "D:\a\yasb\yasb\src\core\widgets\yasb\libre_monitor.py", line 206, in _update_label
TypeError: float() argument must be a string or a real number, not 'NoneType'
2026-07-21 20:32:57,021 [ERROR] [MainThread] [root/base.py:126]: Failed to execute callback of type 'update_label' with args: []
Traceback (most recent call last):
  File "D:\a\yasb\yasb\src\core\widgets\base.py", line 124, in _run_callback
  File "D:\a\yasb\yasb\src\core\widgets\yasb\libre_monitor.py", line 206, in _update_label
TypeError: float() argument must be a string or a real number, not 'NoneType'
2026-07-21 20:32:59,021 [ERROR] [MainThread] [root/base.py:126]: Failed to execute callback of type 'update_label' with args: []
Traceback (most recent call last):
  File "D:\a\yasb\yasb\src\core\widgets\base.py", line 124, in _run_callback
  File "D:\a\yasb\yasb\src\core\widgets\yasb\libre_monitor.py", line 206, in _update_label
TypeError: float() argument must be a string or a real number, not 'NoneType'
2026-07-21 20:33:07,020 [ERROR] [MainThread] [root/base.py:126]: Failed to execute callback of type 'update_label' with args: []
Traceback (most recent call last):
  File "D:\a\yasb\yasb\src\core\widgets\base.py", line 124, in _run_callback
  File "D:\a\yasb\yasb\src\core\widgets\yasb\libre_monitor.py", line 206, in _update_label
TypeError: float() argument must be a string or a real number, not 'NoneType'
2026-07-21 20:33:09,020 [ERROR] [MainThread] [root/base.py:126]: Failed to execute callback of type 'update_label' with args: []
Traceback (most recent call last):
  File "D:\a\yasb\yasb\src\core\widgets\base.py", line 124, in _run_callback
  File "D:\a\yasb\yasb\src\core\widgets\yasb\libre_monitor.py", line 206, in _update_label
TypeError: float() argument must be a string or a real number, not 'NoneType'
2026-07-21 20:33:55,020 [ERROR] [MainThread] [root/base.py:126]: Failed to execute callback of type 'update_label' with args: []
Traceback (most recent call last):
  File "D:\a\yasb\yasb\src\core\widgets\base.py", line 124, in _run_callback
  File "D:\a\yasb\yasb\src\core\widgets\yasb\libre_monitor.py", line 206, in _update_label
TypeError: float() argument must be a string or a real number, not 'NoneType'
2026-07-21 20:34:13,021 [ERROR] [MainThread] [root/base.py:126]: Failed to execute callback of type 'update_label' with args: []
Traceback (most recent call last):
  File "D:\a\yasb\yasb\src\core\widgets\base.py", line 124, in _run_callback
  File "D:\a\yasb\yasb\src\core\widgets\yasb\libre_monitor.py", line 206, in _update_label
TypeError: float() argument must be a string or a real number, not 'NoneType'
2026-07-21 20:35:23,020 [ERROR] [MainThread] [root/base.py:126]: Failed to execute callback of type 'update_label' with args: []
Traceback (most recent call last):
  File "D:\a\yasb\yasb\src\core\widgets\base.py", line 124, in _run_callback
  File "D:\a\yasb\yasb\src\core\widgets\yasb\libre_monitor.py", line 206, in _update_label
TypeError: float() argument must be a string or a real number, not 'NoneType'
2026-07-21 20:35:41,020 [ERROR] [MainThread] [root/base.py:126]: Failed to execute callback of type 'update_label' with args: []
Traceback (most recent call last):
  File "D:\a\yasb\yasb\src\core\widgets\base.py", line 124, in _run_callback
  File "D:\a\yasb\yasb\src\core\widgets\yasb\libre_monitor.py", line 206, in _update_label
TypeError: float() argument must be a string or a real number, not 'NoneType'
2026-07-21 20:36:13,020 [ERROR] [MainThread] [root/base.py:126]: Failed to execute callback of type 'update_label' with args: []
Traceback (most recent call last):
  File "D:\a\yasb\yasb\src\core\widgets\base.py", line 124, in _run_callback
  File "D:\a\yasb\yasb\src\core\widgets\yasb\libre_monitor.py", line 206, in _update_label
TypeError: float() argument must be a string or a real number, not 'NoneType'
2026-07-21 20:36:25,021 [ERROR] [MainThread] [root/base.py:126]: Failed to execute callback of type 'update_label' with args: []
Traceback (most recent call last):
  File "D:\a\yasb\yasb\src\core\widgets\base.py", line 124, in _run_callback
  File "D:\a\yasb\yasb\src\core\widgets\yasb\libre_monitor.py", line 206, in _update_label
TypeError: float() argument must be a string or a real number, not 'NoneType'
2026-07-21 20:37:11,020 [ERROR] [MainThread] [root/base.py:126]: Failed to execute callback of type 'update_label' with args: []
Traceback (most recent call last):
  File "D:\a\yasb\yasb\src\core\widgets\base.py", line 124, in _run_callback
  File "D:\a\yasb\yasb\src\core\widgets\yasb\libre_monitor.py", line 206, in _update_label
TypeError: float() argument must be a string or a real number, not 'NoneType'
2026-07-21 20:37:15,021 [ERROR] [MainThread] [root/base.py:126]: Failed to execute callback of type 'update_label' with args: []
Traceback (most recent call last):
  File "D:\a\yasb\yasb\src\core\widgets\base.py", line 124, in _run_callback
  File "D:\a\yasb\yasb\src\core\widgets\yasb\libre_monitor.py", line 206, in _update_label
TypeError: float() argument must be a string or a real number, not 'NoneType'
2026-07-21 20:38:15,020 [ERROR] [MainThread] [root/base.py:126]: Failed to execute callback of type 'update_label' with args: []
Traceback (most recent call last):
  File "D:\a\yasb\yasb\src\core\widgets\base.py", line 124, in _run_callback
  File "D:\a\yasb\yasb\src\core\widgets\yasb\libre_monitor.py", line 206, in _update_label
TypeError: float() argument must be a string or a real number, not 'NoneType'
2026-07-21 20:39:03,020 [ERROR] [MainThread] [root/base.py:126]: Failed to execute callback of type 'update_label' with args: []
Traceback (most recent call last):
  File "D:\a\yasb\yasb\src\core\widgets\base.py", line 124, in _run_callback
  File "D:\a\yasb\yasb\src\core\widgets\yasb\libre_monitor.py", line 206, in _update_label
TypeError: float() argument must be a string or a real number, not 'NoneType'
2026-07-21 20:39:33,020 [ERROR] [MainThread] [root/base.py:126]: Failed to execute callback of type 'update_label' with args: []
Traceback (most recent call last):
  File "D:\a\yasb\yasb\src\core\widgets\base.py", line 124, in _run_callback
  File "D:\a\yasb\yasb\src\core\widgets\yasb\libre_monitor.py", line 206, in _update_label
TypeError: float() argument must be a string or a real number, not 'NoneType'
2026-07-21 20:39:57,021 [ERROR] [MainThread] [root/base.py:126]: Failed to execute callback of type 'update_label' with args: []
Traceback (most recent call last):
  File "D:\a\yasb\yasb\src\core\widgets\base.py", line 124, in _run_callback
  File "D:\a\yasb\yasb\src\core\widgets\yasb\libre_monitor.py", line 206, in _update_label
TypeError: float() argument must be a string or a real number, not 'NoneType'
2026-07-21 20:39:59,021 [ERROR] [MainThread] [root/base.py:126]: Failed to execute callback of type 'update_label' with args: []
Traceback (most recent call last):
  File "D:\a\yasb\yasb\src\core\widgets\base.py", line 124, in _run_callback
  File "D:\a\yasb\yasb\src\core\widgets\yasb\libre_monitor.py", line 206, in _update_label
TypeError: float() argument must be a string or a real number, not 'NoneType'
2026-07-21 20:40:09,020 [ERROR] [MainThread] [root/base.py:126]: Failed to execute callback of type 'update_label' with args: []
Traceback (most recent call last):
  File "D:\a\yasb\yasb\src\core\widgets\base.py", line 124, in _run_callback
  File "D:\a\yasb\yasb\src\core\widgets\yasb\libre_monitor.py", line 206, in _update_label
TypeError: float() argument must be a string or a real number, not 'NoneType'
2026-07-21 20:40:13,021 [ERROR] [MainThread] [root/base.py:126]: Failed to execute callback of type 'update_label' with args: []
Traceback (most recent call last):
  File "D:\a\yasb\yasb\src\core\widgets\base.py", line 124, in _run_callback
  File "D:\a\yasb\yasb\src\core\widgets\yasb\libre_monitor.py", line 206, in _update_label
TypeError: float() argument must be a string or a real number, not 'NoneType'
2026-07-21 20:40:15,020 [ERROR] [MainThread] [root/base.py:126]: Failed to execute callback of type 'update_label' with args: []
Traceback (most recent call last):
  File "D:\a\yasb\yasb\src\core\widgets\base.py", line 124, in _run_callback
  File "D:\a\yasb\yasb\src\core\widgets\yasb\libre_monitor.py", line 206, in _update_label
TypeError: float() argument must be a string or a real number, not 'NoneType'
2026-07-21 20:40:23,020 [ERROR] [MainThread] [root/base.py:126]: Failed to execute callback of type 'update_label' with args: []
Traceback (most recent call last):
  File "D:\a\yasb\yasb\src\core\widgets\base.py", line 124, in _run_callback
  File "D:\a\yasb\yasb\src\core\widgets\yasb\libre_monitor.py", line 206, in _update_label
TypeError: float() argument must be a string or a real number, not 'NoneType'
2026-07-21 20:40:57,020 [ERROR] [MainThread] [root/base.py:126]: Failed to execute callback of type 'update_label' with args: []
Traceback (most recent call last):
  File "D:\a\yasb\yasb\src\core\widgets\base.py", line 124, in _run_callback
  File "D:\a\yasb\yasb\src\core\widgets\yasb\libre_monitor.py", line 206, in _update_label
TypeError: float() argument must be a string or a real number, not 'NoneType'
2026-07-21 20:43:11,021 [ERROR] [MainThread] [root/base.py:126]: Failed to execute callback of type 'update_label' with args: []
Traceback (most recent call last):
  File "D:\a\yasb\yasb\src\core\widgets\base.py", line 124, in _run_callback
  File "D:\a\yasb\yasb\src\core\widgets\yasb\libre_monitor.py", line 206, in _update_label
TypeError: float() argument must be a string or a real number, not 'NoneType'
2026-07-21 20:44:05,020 [ERROR] [MainThread] [root/base.py:126]: Failed to execute callback of type 'update_label' with args: []
Traceback (most recent call last):
  File "D:\a\yasb\yasb\src\core\widgets\base.py", line 124, in _run_callback
  File "D:\a\yasb\yasb\src\core\widgets\yasb\libre_monitor.py", line 206, in _update_label
TypeError: float() argument must be a string or a real number, not 'NoneType'
2026-07-21 20:44:07,021 [ERROR] [MainThread] [root/base.py:126]: Failed to execute callback of type 'update_label' with args: []
Traceback (most recent call last):
  File "D:\a\yasb\yasb\src\core\widgets\base.py", line 124, in _run_callback
  File "D:\a\yasb\yasb\src\core\widgets\yasb\libre_monitor.py", line 206, in _update_label
TypeError: float() argument must be a string or a real number, not 'NoneType'
2026-07-21 20:44:09,021 [ERROR] [MainThread] [root/base.py:126]: Failed to execute callback of type 'update_label' with args: []
Traceback (most recent call last):
  File "D:\a\yasb\yasb\src\core\widgets\base.py", line 124, in _run_callback
  File "D:\a\yasb\yasb\src\core\widgets\yasb\libre_monitor.py", line 206, in _update_label
TypeError: float() argument must be a string or a real number, not 'NoneType'
2026-07-21 20:44:13,020 [ERROR] [MainThread] [root/base.py:126]: Failed to execute callback of type 'update_label' with args: []
Traceback (most recent call last):
  File "D:\a\yasb\yasb\src\core\widgets\base.py", line 124, in _run_callback
  File "D:\a\yasb\yasb\src\core\widgets\yasb\libre_monitor.py", line 206, in _update_label
TypeError: float() argument must be a string or a real number, not 'NoneType'
2026-07-21 20:45:01,020 [ERROR] [MainThread] [root/base.py:126]: Failed to execute callback of type 'update_label' with args: []
Traceback (most recent call last):
  File "D:\a\yasb\yasb\src\core\widgets\base.py", line 124, in _run_callback
  File "D:\a\yasb\yasb\src\core\widgets\yasb\libre_monitor.py", line 206, in _update_label
TypeError: float() argument must be a string or a real number, not 'NoneType'
2026-07-21 20:45:33,020 [ERROR] [MainThread] [root/base.py:126]: Failed to execute callback of type 'update_label' with args: []
Traceback (most recent call last):
  File "D:\a\yasb\yasb\src\core\widgets\base.py", line 124, in _run_callback
  File "D:\a\yasb\yasb\src\core\widgets\yasb\libre_monitor.py", line 206, in _update_label
TypeError: float() argument must be a string or a real number, not 'NoneType'
2026-07-21 20:47:31,020 [ERROR] [MainThread] [root/base.py:126]: Failed to execute callback of type 'update_label' with args: []
Traceback (most recent call last):
  File "D:\a\yasb\yasb\src\core\widgets\base.py", line 124, in _run_callback
  File "D:\a\yasb\yasb\src\core\widgets\yasb\libre_monitor.py", line 206, in _update_label
TypeError: float() argument must be a string or a real number, not 'NoneType'
2026-07-21 20:48:27,021 [ERROR] [MainThread] [root/base.py:126]: Failed to execute callback of type 'update_label' with args: []
Traceback (most recent call last):
  File "D:\a\yasb\yasb\src\core\widgets\base.py", line 124, in _run_callback
  File "D:\a\yasb\yasb\src\core\widgets\yasb\libre_monitor.py", line 206, in _update_label
TypeError: float() argument must be a string or a real number, not 'NoneType'
2026-07-21 20:48:43,020 [ERROR] [MainThread] [root/base.py:126]: Failed to execute callback of type 'update_label' with args: []
Traceback (most recent call last):
  File "D:\a\yasb\yasb\src\core\widgets\base.py", line 124, in _run_callback
  File "D:\a\yasb\yasb\src\core\widgets\yasb\libre_monitor.py", line 206, in _update_label
TypeError: float() argument must be a string or a real number, not 'NoneType'
2026-07-21 20:49:47,020 [ERROR] [MainThread] [root/base.py:126]: Failed to execute callback of type 'update_label' with args: []
Traceback (most recent call last):
  File "D:\a\yasb\yasb\src\core\widgets\base.py", line 124, in _run_callback
  File "D:\a\yasb\yasb\src\core\widgets\yasb\libre_monitor.py", line 206, in _update_label
TypeError: float() argument must be a string or a real number, not 'NoneType'
2026-07-21 20:49:51,020 [ERROR] [MainThread] [root/base.py:126]: Failed to execute callback of type 'update_label' with args: []
Traceback (most recent call last):
  File "D:\a\yasb\yasb\src\core\widgets\base.py", line 124, in _run_callback
  File "D:\a\yasb\yasb\src\core\widgets\yasb\libre_monitor.py", line 206, in _update_label
TypeError: float() argument must be a string or a real number, not 'NoneType'
2026-07-21 20:50:39,020 [ERROR] [MainThread] [root/base.py:126]: Failed to execute callback of type 'update_label' with args: []
Traceback (most recent call last):
  File "D:\a\yasb\yasb\src\core\widgets\base.py", line 124, in _run_callback
  File "D:\a\yasb\yasb\src\core\widgets\yasb\libre_monitor.py", line 206, in _update_label
TypeError: float() argument must be a string or a real number, not 'NoneType'
2026-07-21 20:52:33,020 [ERROR] [MainThread] [root/base.py:126]: Failed to execute callback of type 'update_label' with args: []
Traceback (most recent call last):
  File "D:\a\yasb\yasb\src\core\widgets\base.py", line 124, in _run_callback
  File "D:\a\yasb\yasb\src\core\widgets\yasb\libre_monitor.py", line 206, in _update_label
TypeError: float() argument must be a string or a real number, not 'NoneType'
2026-07-21 20:53:47,020 [ERROR] [MainThread] [root/base.py:126]: Failed to execute callback of type 'update_label' with args: []
Traceback (most recent call last):
  File "D:\a\yasb\yasb\src\core\widgets\base.py", line 124, in _run_callback
  File "D:\a\yasb\yasb\src\core\widgets\yasb\libre_monitor.py", line 206, in _update_label
TypeError: float() argument must be a string or a real number, not 'NoneType'
2026-07-21 20:55:31,021 [ERROR] [MainThread] [root/base.py:126]: Failed to execute callback of type 'update_label' with args: []
Traceback (most recent call last):
  File "D:\a\yasb\yasb\src\core\widgets\base.py", line 124, in _run_callback
  File "D:\a\yasb\yasb\src\core\widgets\yasb\libre_monitor.py", line 206, in _update_label
TypeError: float() argument must be a string or a real number, not 'NoneType'
2026-07-21 20:55:43,021 [ERROR] [MainThread] [root/base.py:126]: Failed to execute callback of type 'update_label' with args: []
Traceback (most recent call last):
  File "D:\a\yasb\yasb\src\core\widgets\base.py", line 124, in _run_callback
  File "D:\a\yasb\yasb\src\core\widgets\yasb\libre_monitor.py", line 206, in _update_label
TypeError: float() argument must be a string or a real number, not 'NoneType'
2026-07-21 20:57:09,020 [ERROR] [MainThread] [root/base.py:126]: Failed to execute callback of type 'update_label' with args: []
Traceback (most recent call last):
  File "D:\a\yasb\yasb\src\core\widgets\base.py", line 124, in _run_callback
  File "D:\a\yasb\yasb\src\core\widgets\yasb\libre_monitor.py", line 206, in _update_label
TypeError: float() argument must be a string or a real number, not 'NoneType'
2026-07-21 20:59:19,020 [ERROR] [MainThread] [root/base.py:126]: Failed to execute callback of type 'update_label' with args: []
Traceback (most recent call last):
  File "D:\a\yasb\yasb\src\core\widgets\base.py", line 124, in _run_callback
  File "D:\a\yasb\yasb\src\core\widgets\yasb\libre_monitor.py", line 206, in _update_label
TypeError: float() argument must be a string or a real number, not 'NoneType'
2026-07-21 20:59:25,020 [ERROR] [MainThread] [root/base.py:126]: Failed to execute callback of type 'update_label' with args: []
Traceback (most recent call last):
  File "D:\a\yasb\yasb\src\core\widgets\base.py", line 124, in _run_callback
  File "D:\a\yasb\yasb\src\core\widgets\yasb\libre_monitor.py", line 206, in _update_label
TypeError: float() argument must be a string or a real number, not 'NoneType'
2026-07-21 20:59:29,020 [ERROR] [MainThread] [root/base.py:126]: Failed to execute callback of type 'update_label' with args: []
Traceback (most recent call last):
  File "D:\a\yasb\yasb\src\core\widgets\base.py", line 124, in _run_callback
  File "D:\a\yasb\yasb\src\core\widgets\yasb\libre_monitor.py", line 206, in _update_label
TypeError: float() argument must be a string or a real number, not 'NoneType'
2026-07-21 20:59:33,020 [ERROR] [MainThread] [root/base.py:126]: Failed to execute callback of type 'update_label' with args: []
Traceback (most recent call last):
  File "D:\a\yasb\yasb\src\core\widgets\base.py", line 124, in _run_callback
  File "D:\a\yasb\yasb\src\core\widgets\yasb\libre_monitor.py", line 206, in _update_label
TypeError: float() argument must be a string or a real number, not 'NoneType'
2026-07-21 20:59:41,021 [ERROR] [MainThread] [root/base.py:126]: Failed to execute callback of type 'update_label' with args: []
Traceback (most recent call last):
  File "D:\a\yasb\yasb\src\core\widgets\base.py", line 124, in _run_callback
  File "D:\a\yasb\yasb\src\core\widgets\yasb\libre_monitor.py", line 206, in _update_label
TypeError: float() argument must be a string or a real number, not 'NoneType'
2026-07-21 20:59:53,020 [ERROR] [MainThread] [root/base.py:126]: Failed to execute callback of type 'update_label' with args: []
Traceback (most recent call last):
  File "D:\a\yasb\yasb\src\core\widgets\base.py", line 124, in _run_callback
  File "D:\a\yasb\yasb\src\core\widgets\yasb\libre_monitor.py", line 206, in _update_label
TypeError: float() argument must be a string or a real number, not 'NoneType'
2026-07-21 20:59:57,021 [ERROR] [MainThread] [root/base.py:126]: Failed to execute callback of type 'update_label' with args: []
Traceback (most recent call last):
  File "D:\a\yasb\yasb\src\core\widgets\base.py", line 124, in _run_callback
  File "D:\a\yasb\yasb\src\core\widgets\yasb\libre_monitor.py", line 206, in _update_label
TypeError: float() argument must be a string or a real number, not 'NoneType'
2026-07-21 20:59:59,020 [ERROR] [MainThread] [root/base.py:126]: Failed to execute callback of type 'update_label' with args: []
Traceback (most recent call last):
  File "D:\a\yasb\yasb\src\core\widgets\base.py", line 124, in _run_callback
  File "D:\a\yasb\yasb\src\core\widgets\yasb\libre_monitor.py", line 206, in _update_label
TypeError: float() argument must be a string or a real number, not 'NoneType'
2026-07-21 21:00:17,020 [ERROR] [MainThread] [root/base.py:126]: Failed to execute callback of type 'update_label' with args: []
Traceback (most recent call last):
  File "D:\a\yasb\yasb\src\core\widgets\base.py", line 124, in _run_callback
  File "D:\a\yasb\yasb\src\core\widgets\yasb\libre_monitor.py", line 206, in _update_label
TypeError: float() argument must be a string or a real number, not 'NoneType'
2026-07-21 21:00:27,021 [ERROR] [MainThread] [root/base.py:126]: Failed to execute callback of type 'update_label' with args: []
Traceback (most recent call last):
  File "D:\a\yasb\yasb\src\core\widgets\base.py", line 124, in _run_callback
  File "D:\a\yasb\yasb\src\core\widgets\yasb\libre_monitor.py", line 206, in _update_label
TypeError: float() argument must be a string or a real number, not 'NoneType'
2026-07-21 21:00:29,020 [ERROR] [MainThread] [root/base.py:126]: Failed to execute callback of type 'update_label' with args: []
Traceback (most recent call last):
  File "D:\a\yasb\yasb\src\core\widgets\base.py", line 124, in _run_callback
  File "D:\a\yasb\yasb\src\core\widgets\yasb\libre_monitor.py", line 206, in _update_label
TypeError: float() argument must be a string or a real number, not 'NoneType'
2026-07-21 21:01:39,020 [ERROR] [MainThread] [root/base.py:126]: Failed to execute callback of type 'update_label' with args: []
Traceback (most recent call last):
  File "D:\a\yasb\yasb\src\core\widgets\base.py", line 124, in _run_callback
  File "D:\a\yasb\yasb\src\core\widgets\yasb\libre_monitor.py", line 206, in _update_label
TypeError: float() argument must be a string or a real number, not 'NoneType'
2026-07-21 21:03:05,020 [ERROR] [MainThread] [root/base.py:126]: Failed to execute callback of type 'update_label' with args: []
Traceback (most recent call last):
  File "D:\a\yasb\yasb\src\core\widgets\base.py", line 124, in _run_callback
  File "D:\a\yasb\yasb\src\core\widgets\yasb\libre_monitor.py", line 206, in _update_label
TypeError: float() argument must be a string or a real number, not 'NoneType'
2026-07-21 21:03:13,020 [ERROR] [MainThread] [root/base.py:126]: Failed to execute callback of type 'update_label' with args: []
Traceback (most recent call last):
  File "D:\a\yasb\yasb\src\core\widgets\base.py", line 124, in _run_callback
  File "D:\a\yasb\yasb\src\core\widgets\yasb\libre_monitor.py", line 206, in _update_label
TypeError: float() argument must be a string or a real number, not 'NoneType'
2026-07-21 21:03:15,021 [ERROR] [MainThread] [root/base.py:126]: Failed to execute callback of type 'update_label' with args: []
Traceback (most recent call last):
  File "D:\a\yasb\yasb\src\core\widgets\base.py", line 124, in _run_callback
  File "D:\a\yasb\yasb\src\core\widgets\yasb\libre_monitor.py", line 206, in _update_label
TypeError: float() argument must be a string or a real number, not 'NoneType'
2026-07-21 21:03:19,021 [ERROR] [MainThread] [root/base.py:126]: Failed to execute callback of type 'update_label' with args: []
Traceback (most recent call last):
  File "D:\a\yasb\yasb\src\core\widgets\base.py", line 124, in _run_callback
  File "D:\a\yasb\yasb\src\core\widgets\yasb\libre_monitor.py", line 206, in _update_label
TypeError: float() argument must be a string or a real number, not 'NoneType'
2026-07-21 21:03:25,020 [ERROR] [MainThread] [root/base.py:126]: Failed to execute callback of type 'update_label' with args: []
Traceback (most recent call last):
  File "D:\a\yasb\yasb\src\core\widgets\base.py", line 124, in _run_callback
  File "D:\a\yasb\yasb\src\core\widgets\yasb\libre_monitor.py", line 206, in _update_label
TypeError: float() argument must be a string or a real number, not 'NoneType'
2026-07-21 21:03:37,020 [ERROR] [MainThread] [root/base.py:126]: Failed to execute callback of type 'update_label' with args: []
Traceback (most recent call last):
  File "D:\a\yasb\yasb\src\core\widgets\base.py", line 124, in _run_callback
  File "D:\a\yasb\yasb\src\core\widgets\yasb\libre_monitor.py", line 206, in _update_label
TypeError: float() argument must be a string or a real number, not 'NoneType'
2026-07-21 21:03:39,020 [ERROR] [MainThread] [root/base.py:126]: Failed to execute callback of type 'update_label' with args: []
Traceback (most recent call last):
  File "D:\a\yasb\yasb\src\core\widgets\base.py", line 124, in _run_callback
  File "D:\a\yasb\yasb\src\core\widgets\yasb\libre_monitor.py", line 206, in _update_label
TypeError: float() argument must be a string or a real number, not 'NoneType'
2026-07-21 21:03:55,021 [ERROR] [MainThread] [root/base.py:126]: Failed to execute callback of type 'update_label' with args: []
Traceback (most recent call last):
  File "D:\a\yasb\yasb\src\core\widgets\base.py", line 124, in _run_callback
  File "D:\a\yasb\yasb\src\core\widgets\yasb\libre_monitor.py", line 206, in _update_label
TypeError: float() argument must be a string or a real number, not 'NoneType'
2026-07-21 21:04:07,020 [ERROR] [MainThread] [root/base.py:126]: Failed to execute callback of type 'update_label' with args: []
Traceback (most recent call last):
  File "D:\a\yasb\yasb\src\core\widgets\base.py", line 124, in _run_callback
  File "D:\a\yasb\yasb\src\core\widgets\yasb\libre_monitor.py", line 206, in _update_label
TypeError: float() argument must be a string or a real number, not 'NoneType'
2026-07-21 21:04:13,021 [ERROR] [MainThread] [root/base.py:126]: Failed to execute callback of type 'update_label' with args: []
Traceback (most recent call last):
  File "D:\a\yasb\yasb\src\core\widgets\base.py", line 124, in _run_callback
  File "D:\a\yasb\yasb\src\core\widgets\yasb\libre_monitor.py", line 206, in _update_label
TypeError: float() argument must be a string or a real number, not 'NoneType'
2026-07-21 21:06:59,021 [ERROR] [MainThread] [root/base.py:126]: Failed to execute callback of type 'update_label' with args: []
Traceback (most recent call last):
  File "D:\a\yasb\yasb\src\core\widgets\base.py", line 124, in _run_callback
  File "D:\a\yasb\yasb\src\core\widgets\yasb\libre_monitor.py", line 206, in _update_label
TypeError: float() argument must be a string or a real number, not 'NoneType'
2026-07-21 21:07:15,021 [ERROR] [MainThread] [root/base.py:126]: Failed to execute callback of type 'update_label' with args: []
Traceback (most recent call last):
  File "D:\a\yasb\yasb\src\core\widgets\base.py", line 124, in _run_callback
  File "D:\a\yasb\yasb\src\core\widgets\yasb\libre_monitor.py", line 206, in _update_label
TypeError: float() argument must be a string or a real number, not 'NoneType'
2026-07-21 21:07:21,020 [ERROR] [MainThread] [root/base.py:126]: Failed to execute callback of type 'update_label' with args: []
Traceback (most recent call last):
  File "D:\a\yasb\yasb\src\core\widgets\base.py", line 124, in _run_callback
  File "D:\a\yasb\yasb\src\core\widgets\yasb\libre_monitor.py", line 206, in _update_label
TypeError: float() argument must be a string or a real number, not 'NoneType'
2026-07-21 21:07:29,020 [ERROR] [MainThread] [root/base.py:126]: Failed to execute callback of type 'update_label' with args: []
Traceback (most recent call last):
  File "D:\a\yasb\yasb\src\core\widgets\base.py", line 124, in _run_callback
  File "D:\a\yasb\yasb\src\core\widgets\yasb\libre_monitor.py", line 206, in _update_label
TypeError: float() argument must be a string or a real number, not 'NoneType'
2026-07-21 21:07:35,020 [ERROR] [MainThread] [root/base.py:126]: Failed to execute callback of type 'update_label' with args: []
Traceback (most recent call last):
  File "D:\a\yasb\yasb\src\core\widgets\base.py", line 124, in _run_callback
  File "D:\a\yasb\yasb\src\core\widgets\yasb\libre_monitor.py", line 206, in _update_label
TypeError: float() argument must be a string or a real number, not 'NoneType'
2026-07-21 21:07:51,020 [ERROR] [MainThread] [root/base.py:126]: Failed to execute callback of type 'update_label' with args: []
Traceback (most recent call last):
  File "D:\a\yasb\yasb\src\core\widgets\base.py", line 124, in _run_callback
  File "D:\a\yasb\yasb\src\core\widgets\yasb\libre_monitor.py", line 206, in _update_label
TypeError: float() argument must be a string or a real number, not 'NoneType'
2026-07-21 21:10:43,021 [ERROR] [MainThread] [root/base.py:126]: Failed to execute callback of type 'update_label' with args: []
Traceback (most recent call last):
  File "D:\a\yasb\yasb\src\core\widgets\base.py", line 124, in _run_callback
  File "D:\a\yasb\yasb\src\core\widgets\yasb\libre_monitor.py", line 206, in _update_label
TypeError: float() argument must be a string or a real number, not 'NoneType'
2026-07-21 21:11:09,021 [ERROR] [MainThread] [root/base.py:126]: Failed to execute callback of type 'update_label' with args: []
Traceback (most recent call last):
  File "D:\a\yasb\yasb\src\core\widgets\base.py", line 124, in _run_callback
  File "D:\a\yasb\yasb\src\core\widgets\yasb\libre_monitor.py", line 206, in _update_label
TypeError: float() argument must be a string or a real number, not 'NoneType'
2026-07-21 21:11:17,020 [ERROR] [MainThread] [root/base.py:126]: Failed to execute callback of type 'update_label' with args: []
Traceback (most recent call last):
  File "D:\a\yasb\yasb\src\core\widgets\base.py", line 124, in _run_callback
  File "D:\a\yasb\yasb\src\core\widgets\yasb\libre_monitor.py", line 206, in _update_label
TypeError: float() argument must be a string or a real number, not 'NoneType'
2026-07-21 21:11:21,021 [ERROR] [MainThread] [root/base.py:126]: Failed to execute callback of type 'update_label' with args: []
Traceback (most recent call last):
  File "D:\a\yasb\yasb\src\core\widgets\base.py", line 124, in _run_callback
  File "D:\a\yasb\yasb\src\core\widgets\yasb\libre_monitor.py", line 206, in _update_label
TypeError: float() argument must be a string or a real number, not 'NoneType'
2026-07-21 21:11:33,020 [ERROR] [MainThread] [root/base.py:126]: Failed to execute callback of type 'update_label' with args: []
Traceback (most recent call last):
  File "D:\a\yasb\yasb\src\core\widgets\base.py", line 124, in _run_callback
  File "D:\a\yasb\yasb\src\core\widgets\yasb\libre_monitor.py", line 206, in _update_label
TypeError: float() argument must be a string or a real number, not 'NoneType'
2026-07-21 21:11:37,021 [ERROR] [MainThread] [root/base.py:126]: Failed to execute callback of type 'update_label' with args: []
Traceback (most recent call last):
  File "D:\a\yasb\yasb\src\core\widgets\base.py", line 124, in _run_callback
  File "D:\a\yasb\yasb\src\core\widgets\yasb\libre_monitor.py", line 206, in _update_label
TypeError: float() argument must be a string or a real number, not 'NoneType'
2026-07-21 21:11:39,021 [ERROR] [MainThread] [root/base.py:126]: Failed to execute callback of type 'update_label' with args: []
Traceback (most recent call last):
  File "D:\a\yasb\yasb\src\core\widgets\base.py", line 124, in _run_callback
  File "D:\a\yasb\yasb\src\core\widgets\yasb\libre_monitor.py", line 206, in _update_label
TypeError: float() argument must be a string or a real number, not 'NoneType'
2026-07-21 21:11:45,021 [ERROR] [MainThread] [root/base.py:126]: Failed to execute callback of type 'update_label' with args: []
Traceback (most recent call last):
  File "D:\a\yasb\yasb\src\core\widgets\base.py", line 124, in _run_callback
  File "D:\a\yasb\yasb\src\core\widgets\yasb\libre_monitor.py", line 206, in _update_label
TypeError: float() argument must be a string or a real number, not 'NoneType'
2026-07-21 21:11:53,021 [ERROR] [MainThread] [root/base.py:126]: Failed to execute callback of type 'update_label' with args: []
Traceback (most recent call last):
  File "D:\a\yasb\yasb\src\core\widgets\base.py", line 124, in _run_callback
  File "D:\a\yasb\yasb\src\core\widgets\yasb\libre_monitor.py", line 206, in _update_label
TypeError: float() argument must be a string or a real number, not 'NoneType'
2026-07-21 21:11:59,021 [ERROR] [MainThread] [root/base.py:126]: Failed to execute callback of type 'update_label' with args: []
Traceback (most recent call last):
  File "D:\a\yasb\yasb\src\core\widgets\base.py", line 124, in _run_callback
  File "D:\a\yasb\yasb\src\core\widgets\yasb\libre_monitor.py", line 206, in _update_label
TypeError: float() argument must be a string or a real number, not 'NoneType'
2026-07-21 21:12:01,021 [ERROR] [MainThread] [root/base.py:126]: Failed to execute callback of type 'update_label' with args: []
Traceback (most recent call last):
  File "D:\a\yasb\yasb\src\core\widgets\base.py", line 124, in _run_callback
  File "D:\a\yasb\yasb\src\core\widgets\yasb\libre_monitor.py", line 206, in _update_label
TypeError: float() argument must be a string or a real number, not 'NoneType'
2026-07-21 21:12:35,020 [ERROR] [MainThread] [root/base.py:126]: Failed to execute callback of type 'update_label' with args: []
Traceback (most recent call last):
  File "D:\a\yasb\yasb\src\core\widgets\base.py", line 124, in _run_callback
  File "D:\a\yasb\yasb\src\core\widgets\yasb\libre_monitor.py", line 206, in _update_label
TypeError: float() argument must be a string or a real number, not 'NoneType'
2026-07-21 21:13:37,021 [ERROR] [MainThread] [root/base.py:126]: Failed to execute callback of type 'update_label' with args: []
Traceback (most recent call last):
  File "D:\a\yasb\yasb\src\core\widgets\base.py", line 124, in _run_callback
  File "D:\a\yasb\yasb\src\core\widgets\yasb\libre_monitor.py", line 206, in _update_label
TypeError: float() argument must be a string or a real number, not 'NoneType'
2026-07-21 21:13:57,021 [ERROR] [MainThread] [root/base.py:126]: Failed to execute callback of type 'update_label' with args: []
Traceback (most recent call last):
  File "D:\a\yasb\yasb\src\core\widgets\base.py", line 124, in _run_callback
  File "D:\a\yasb\yasb\src\core\widgets\yasb\libre_monitor.py", line 206, in _update_label
TypeError: float() argument must be a string or a real number, not 'NoneType'
2026-07-21 21:15:05,021 [ERROR] [MainThread] [root/base.py:126]: Failed to execute callback of type 'update_label' with args: []
Traceback (most recent call last):
  File "D:\a\yasb\yasb\src\core\widgets\base.py", line 124, in _run_callback
  File "D:\a\yasb\yasb\src\core\widgets\yasb\libre_monitor.py", line 206, in _update_label
TypeError: float() argument must be a string or a real number, not 'NoneType'
2026-07-21 21:15:13,020 [ERROR] [MainThread] [root/base.py:126]: Failed to execute callback of type 'update_label' with args: []
Traceback (most recent call last):
  File "D:\a\yasb\yasb\src\core\widgets\base.py", line 124, in _run_callback
  File "D:\a\yasb\yasb\src\core\widgets\yasb\libre_monitor.py", line 206, in _update_label
TypeError: float() argument must be a string or a real number, not 'NoneType'
2026-07-21 21:15:21,020 [ERROR] [MainThread] [root/base.py:126]: Failed to execute callback of type 'update_label' with args: []
Traceback (most recent call last):
  File "D:\a\yasb\yasb\src\core\widgets\base.py", line 124, in _run_callback
  File "D:\a\yasb\yasb\src\core\widgets\yasb\libre_monitor.py", line 206, in _update_label
TypeError: float() argument must be a string or a real number, not 'NoneType'
2026-07-21 21:15:23,020 [ERROR] [MainThread] [root/base.py:126]: Failed to execute callback of type 'update_label' with args: []
Traceback (most recent call last):
  File "D:\a\yasb\yasb\src\core\widgets\base.py", line 124, in _run_callback
  File "D:\a\yasb\yasb\src\core\widgets\yasb\libre_monitor.py", line 206, in _update_label
TypeError: float() argument must be a string or a real number, not 'NoneType'
2026-07-21 21:16:11,020 [ERROR] [MainThread] [root/base.py:126]: Failed to execute callback of type 'update_label' with args: []
Traceback (most recent call last):
  File "D:\a\yasb\yasb\src\core\widgets\base.py", line 124, in _run_callback
  File "D:\a\yasb\yasb\src\core\widgets\yasb\libre_monitor.py", line 206, in _update_label
TypeError: float() argument must be a string or a real number, not 'NoneType'
2026-07-21 21:18:13,021 [ERROR] [MainThread] [root/base.py:126]: Failed to execute callback of type 'update_label' with args: []
Traceback (most recent call last):
  File "D:\a\yasb\yasb\src\core\widgets\base.py", line 124, in _run_callback
  File "D:\a\yasb\yasb\src\core\widgets\yasb\libre_monitor.py", line 206, in _update_label
TypeError: float() argument must be a string or a real number, not 'NoneType'
2026-07-21 21:18:47,021 [ERROR] [MainThread] [root/base.py:126]: Failed to execute callback of type 'update_label' with args: []
Traceback (most recent call last):
  File "D:\a\yasb\yasb\src\core\widgets\base.py", line 124, in _run_callback
  File "D:\a\yasb\yasb\src\core\widgets\yasb\libre_monitor.py", line 206, in _update_label
TypeError: float() argument must be a string or a real number, not 'NoneType'
2026-07-21 21:18:57,020 [ERROR] [MainThread] [root/base.py:126]: Failed to execute callback of type 'update_label' with args: []
Traceback (most recent call last):
  File "D:\a\yasb\yasb\src\core\widgets\base.py", line 124, in _run_callback
  File "D:\a\yasb\yasb\src\core\widgets\yasb\libre_monitor.py", line 206, in _update_label
TypeError: float() argument must be a string or a real number, not 'NoneType'
2026-07-21 21:18:59,021 [ERROR] [MainThread] [root/base.py:126]: Failed to execute callback of type 'update_label' with args: []
Traceback (most recent call last):
  File "D:\a\yasb\yasb\src\core\widgets\base.py", line 124, in _run_callback
  File "D:\a\yasb\yasb\src\core\widgets\yasb\libre_monitor.py", line 206, in _update_label
TypeError: float() argument must be a string or a real number, not 'NoneType'
2026-07-21 21:19:09,020 [ERROR] [MainThread] [root/base.py:126]: Failed to execute callback of type 'update_label' with args: []
Traceback (most recent call last):
  File "D:\a\yasb\yasb\src\core\widgets\base.py", line 124, in _run_callback
  File "D:\a\yasb\yasb\src\core\widgets\yasb\libre_monitor.py", line 206, in _update_label
TypeError: float() argument must be a string or a real number, not 'NoneType'
2026-07-21 21:19:13,021 [ERROR] [MainThread] [root/base.py:126]: Failed to execute callback of type 'update_label' with args: []
Traceback (most recent call last):
  File "D:\a\yasb\yasb\src\core\widgets\base.py", line 124, in _run_callback
  File "D:\a\yasb\yasb\src\core\widgets\yasb\libre_monitor.py", line 206, in _update_label
TypeError: float() argument must be a string or a real number, not 'NoneType'
2026-07-21 21:19:19,020 [ERROR] [MainThread] [root/base.py:126]: Failed to execute callback of type 'update_label' with args: []
Traceback (most recent call last):
  File "D:\a\yasb\yasb\src\core\widgets\base.py", line 124, in _run_callback
  File "D:\a\yasb\yasb\src\core\widgets\yasb\libre_monitor.py", line 206, in _update_label
TypeError: float() argument must be a string or a real number, not 'NoneType'
2026-07-21 21:19:31,020 [ERROR] [MainThread] [root/base.py:126]: Failed to execute callback of type 'update_label' with args: []
Traceback (most recent call last):
  File "D:\a\yasb\yasb\src\core\widgets\base.py", line 124, in _run_callback
  File "D:\a\yasb\yasb\src\core\widgets\yasb\libre_monitor.py", line 206, in _update_label
TypeError: float() argument must be a string or a real number, not 'NoneType'
2026-07-21 21:19:35,020 [ERROR] [MainThread] [root/base.py:126]: Failed to execute callback of type 'update_label' with args: []
Traceback (most recent call last):
  File "D:\a\yasb\yasb\src\core\widgets\base.py", line 124, in _run_callback
  File "D:\a\yasb\yasb\src\core\widgets\yasb\libre_monitor.py", line 206, in _update_label
TypeError: float() argument must be a string or a real number, not 'NoneType'
2026-07-21 21:23:21,020 [ERROR] [MainThread] [root/base.py:126]: Failed to execute callback of type 'update_label' with args: []
Traceback (most recent call last):
  File "D:\a\yasb\yasb\src\core\widgets\base.py", line 124, in _run_callback
  File "D:\a\yasb\yasb\src\core\widgets\yasb\libre_monitor.py", line 206, in _update_label
TypeError: float() argument must be a string or a real number, not 'NoneType'
2026-07-21 21:27:09,021 [ERROR] [MainThread] [root/base.py:126]: Failed to execute callback of type 'update_label' with args: []
Traceback (most recent call last):
  File "D:\a\yasb\yasb\src\core\widgets\base.py", line 124, in _run_callback
  File "D:\a\yasb\yasb\src\core\widgets\yasb\libre_monitor.py", line 206, in _update_label
TypeError: float() argument must be a string or a real number, not 'NoneType'
2026-07-21 21:27:47,020 [ERROR] [MainThread] [root/base.py:126]: Failed to execute callback of type 'update_label' with args: []
Traceback (most recent call last):
  File "D:\a\yasb\yasb\src\core\widgets\base.py", line 124, in _run_callback
  File "D:\a\yasb\yasb\src\core\widgets\yasb\libre_monitor.py", line 206, in _update_label
TypeError: float() argument must be a string or a real number, not 'NoneType'
2026-07-21 21:30:39,020 [ERROR] [MainThread] [root/base.py:126]: Failed to execute callback of type 'update_label' with args: []
Traceback (most recent call last):
  File "D:\a\yasb\yasb\src\core\widgets\base.py", line 124, in _run_callback
  File "D:\a\yasb\yasb\src\core\widgets\yasb\libre_monitor.py", line 206, in _update_label
TypeError: float() argument must be a string or a real number, not 'NoneType'
2026-07-21 21:31:15,020 [ERROR] [MainThread] [root/base.py:126]: Failed to execute callback of type 'update_label' with args: []
Traceback (most recent call last):
  File "D:\a\yasb\yasb\src\core\widgets\base.py", line 124, in _run_callback
  File "D:\a\yasb\yasb\src\core\widgets\yasb\libre_monitor.py", line 206, in _update_label
TypeError: float() argument must be a string or a real number, not 'NoneType'
2026-07-21 21:31:17,020 [ERROR] [MainThread] [root/base.py:126]: Failed to execute callback of type 'update_label' with args: []
Traceback (most recent call last):
  File "D:\a\yasb\yasb\src\core\widgets\base.py", line 124, in _run_callback
  File "D:\a\yasb\yasb\src\core\widgets\yasb\libre_monitor.py", line 206, in _update_label
TypeError: float() argument must be a string or a real number, not 'NoneType'
2026-07-21 21:33:45,020 [ERROR] [MainThread] [root/base.py:126]: Failed to execute callback of type 'update_label' with args: []
Traceback (most recent call last):
  File "D:\a\yasb\yasb\src\core\widgets\base.py", line 124, in _run_callback
  File "D:\a\yasb\yasb\src\core\widgets\yasb\libre_monitor.py", line 206, in _update_label
TypeError: float() argument must be a string or a real number, not 'NoneType'
2026-07-21 21:34:01,021 [ERROR] [MainThread] [root/base.py:126]: Failed to execute callback of type 'update_label' with args: []
Traceback (most recent call last):
  File "D:\a\yasb\yasb\src\core\widgets\base.py", line 124, in _run_callback
  File "D:\a\yasb\yasb\src\core\widgets\yasb\libre_monitor.py", line 206, in _update_label
TypeError: float() argument must be a string or a real number, not 'NoneType'
2026-07-21 21:34:23,021 [ERROR] [MainThread] [root/base.py:126]: Failed to execute callback of type 'update_label' with args: []
Traceback (most recent call last):
  File "D:\a\yasb\yasb\src\core\widgets\base.py", line 124, in _run_callback
  File "D:\a\yasb\yasb\src\core\widgets\yasb\libre_monitor.py", line 206, in _update_label
TypeError: float() argument must be a string or a real number, not 'NoneType'
2026-07-21 21:34:27,021 [ERROR] [MainThread] [root/base.py:126]: Failed to execute callback of type 'update_label' with args: []
Traceback (most recent call last):
  File "D:\a\yasb\yasb\src\core\widgets\base.py", line 124, in _run_callback
  File "D:\a\yasb\yasb\src\core\widgets\yasb\libre_monitor.py", line 206, in _update_label
TypeError: float() argument must be a string or a real number, not 'NoneType'
2026-07-21 21:34:33,020 [ERROR] [MainThread] [root/base.py:126]: Failed to execute callback of type 'update_label' with args: []
Traceback (most recent call last):
  File "D:\a\yasb\yasb\src\core\widgets\base.py", line 124, in _run_callback
  File "D:\a\yasb\yasb\src\core\widgets\yasb\libre_monitor.py", line 206, in _update_label
TypeError: float() argument must be a string or a real number, not 'NoneType'
2026-07-21 21:34:43,020 [ERROR] [MainThread] [root/base.py:126]: Failed to execute callback of type 'update_label' with args: []
Traceback (most recent call last):
  File "D:\a\yasb\yasb\src\core\widgets\base.py", line 124, in _run_callback
  File "D:\a\yasb\yasb\src\core\widgets\yasb\libre_monitor.py", line 206, in _update_label
TypeError: float() argument must be a string or a real number, not 'NoneType'
2026-07-21 21:34:53,020 [ERROR] [MainThread] [root/base.py:126]: Failed to execute callback of type 'update_label' with args: []
Traceback (most recent call last):
  File "D:\a\yasb\yasb\src\core\widgets\base.py", line 124, in _run_callback
  File "D:\a\yasb\yasb\src\core\widgets\yasb\libre_monitor.py", line 206, in _update_label
TypeError: float() argument must be a string or a real number, not 'NoneType'
2026-07-21 21:34:55,021 [ERROR] [MainThread] [root/base.py:126]: Failed to execute callback of type 'update_label' with args: []
Traceback (most recent call last):
  File "D:\a\yasb\yasb\src\core\widgets\base.py", line 124, in _run_callback
  File "D:\a\yasb\yasb\src\core\widgets\yasb\libre_monitor.py", line 206, in _update_label
TypeError: float() argument must be a string or a real number, not 'NoneType'
2026-07-21 21:35:01,021 [ERROR] [MainThread] [root/base.py:126]: Failed to execute callback of type 'update_label' with args: []
Traceback (most recent call last):
  File "D:\a\yasb\yasb\src\core\widgets\base.py", line 124, in _run_callback
  File "D:\a\yasb\yasb\src\core\widgets\yasb\libre_monitor.py", line 206, in _update_label
TypeError: float() argument must be a string or a real number, not 'NoneType'
2026-07-21 21:35:13,021 [ERROR] [MainThread] [root/base.py:126]: Failed to execute callback of type 'update_label' with args: []
Traceback (most recent call last):
  File "D:\a\yasb\yasb\src\core\widgets\base.py", line 124, in _run_callback
  File "D:\a\yasb\yasb\src\core\widgets\yasb\libre_monitor.py", line 206, in _update_label
TypeError: float() argument must be a string or a real number, not 'NoneType'
2026-07-21 21:35:19,020 [ERROR] [MainThread] [root/base.py:126]: Failed to execute callback of type 'update_label' with args: []
Traceback (most recent call last):
  File "D:\a\yasb\yasb\src\core\widgets\base.py", line 124, in _run_callback
  File "D:\a\yasb\yasb\src\core\widgets\yasb\libre_monitor.py", line 206, in _update_label
TypeError: float() argument must be a string or a real number, not 'NoneType'
2026-07-21 21:35:21,020 [ERROR] [MainThread] [root/base.py:126]: Failed to execute callback of type 'update_label' with args: []
Traceback (most recent call last):
  File "D:\a\yasb\yasb\src\core\widgets\base.py", line 124, in _run_callback
  File "D:\a\yasb\yasb\src\core\widgets\yasb\libre_monitor.py", line 206, in _update_label
TypeError: float() argument must be a string or a real number, not 'NoneType'
2026-07-21 21:35:23,021 [ERROR] [MainThread] [root/base.py:126]: Failed to execute callback of type 'update_label' with args: []
Traceback (most recent call last):
  File "D:\a\yasb\yasb\src\core\widgets\base.py", line 124, in _run_callback
  File "D:\a\yasb\yasb\src\core\widgets\yasb\libre_monitor.py", line 206, in _update_label
TypeError: float() argument must be a string or a real number, not 'NoneType'
2026-07-21 21:38:03,021 [ERROR] [MainThread] [root/base.py:126]: Failed to execute callback of type 'update_label' with args: []
Traceback (most recent call last):
  File "D:\a\yasb\yasb\src\core\widgets\base.py", line 124, in _run_callback
  File "D:\a\yasb\yasb\src\core\widgets\yasb\libre_monitor.py", line 206, in _update_label
TypeError: float() argument must be a string or a real number, not 'NoneType'
2026-07-21 21:38:35,020 [ERROR] [MainThread] [root/base.py:126]: Failed to execute callback of type 'update_label' with args: []
Traceback (most recent call last):
  File "D:\a\yasb\yasb\src\core\widgets\base.py", line 124, in _run_callback
  File "D:\a\yasb\yasb\src\core\widgets\yasb\libre_monitor.py", line 206, in _update_label
TypeError: float() argument must be a string or a real number, not 'NoneType'
2026-07-21 21:38:43,020 [ERROR] [MainThread] [root/base.py:126]: Failed to execute callback of type 'update_label' with args: []
Traceback (most recent call last):
  File "D:\a\yasb\yasb\src\core\widgets\base.py", line 124, in _run_callback
  File "D:\a\yasb\yasb\src\core\widgets\yasb\libre_monitor.py", line 206, in _update_label
TypeError: float() argument must be a string or a real number, not 'NoneType'
2026-07-21 21:38:59,020 [ERROR] [MainThread] [root/base.py:126]: Failed to execute callback of type 'update_label' with args: []
Traceback (most recent call last):
  File "D:\a\yasb\yasb\src\core\widgets\base.py", line 124, in _run_callback
  File "D:\a\yasb\yasb\src\core\widgets\yasb\libre_monitor.py", line 206, in _update_label
TypeError: float() argument must be a string or a real number, not 'NoneType'
2026-07-21 21:39:01,020 [ERROR] [MainThread] [root/base.py:126]: Failed to execute callback of type 'update_label' with args: []
Traceback (most recent call last):
  File "D:\a\yasb\yasb\src\core\widgets\base.py", line 124, in _run_callback
  File "D:\a\yasb\yasb\src\core\widgets\yasb\libre_monitor.py", line 206, in _update_label
TypeError: float() argument must be a string or a real number, not 'NoneType'
2026-07-21 21:39:03,021 [ERROR] [MainThread] [root/base.py:126]: Failed to execute callback of type 'update_label' with args: []
Traceback (most recent call last):
  File "D:\a\yasb\yasb\src\core\widgets\base.py", line 124, in _run_callback
  File "D:\a\yasb\yasb\src\core\widgets\yasb\libre_monitor.py", line 206, in _update_label
TypeError: float() argument must be a string or a real number, not 'NoneType'
2026-07-21 21:41:59,021 [ERROR] [MainThread] [root/base.py:126]: Failed to execute callback of type 'update_label' with args: []
Traceback (most recent call last):
  File "D:\a\yasb\yasb\src\core\widgets\base.py", line 124, in _run_callback
  File "D:\a\yasb\yasb\src\core\widgets\yasb\libre_monitor.py", line 206, in _update_label
TypeError: float() argument must be a string or a real number, not 'NoneType'
2026-07-21 21:42:19,020 [ERROR] [MainThread] [root/base.py:126]: Failed to execute callback of type 'update_label' with args: []
Traceback (most recent call last):
  File "D:\a\yasb\yasb\src\core\widgets\base.py", line 124, in _run_callback
  File "D:\a\yasb\yasb\src\core\widgets\yasb\libre_monitor.py", line 206, in _update_label
TypeError: float() argument must be a string or a real number, not 'NoneType'
2026-07-21 21:42:21,020 [ERROR] [MainThread] [root/base.py:126]: Failed to execute callback of type 'update_label' with args: []
Traceback (most recent call last):
  File "D:\a\yasb\yasb\src\core\widgets\base.py", line 124, in _run_callback
  File "D:\a\yasb\yasb\src\core\widgets\yasb\libre_monitor.py", line 206, in _update_label
TypeError: float() argument must be a string or a real number, not 'NoneType'
2026-07-21 21:42:25,021 [ERROR] [MainThread] [root/base.py:126]: Failed to execute callback of type 'update_label' with args: []
Traceback (most recent call last):
  File "D:\a\yasb\yasb\src\core\widgets\base.py", line 124, in _run_callback
  File "D:\a\yasb\yasb\src\core\widgets\yasb\libre_monitor.py", line 206, in _update_label
TypeError: float() argument must be a string or a real number, not 'NoneType'
2026-07-21 21:42:51,020 [ERROR] [MainThread] [root/base.py:126]: Failed to execute callback of type 'update_label' with args: []
Traceback (most recent call last):
  File "D:\a\yasb\yasb\src\core\widgets\base.py", line 124, in _run_callback
  File "D:\a\yasb\yasb\src\core\widgets\yasb\libre_monitor.py", line 206, in _update_label
TypeError: float() argument must be a string or a real number, not 'NoneType'
2026-07-21 21:42:53,021 [ERROR] [MainThread] [root/base.py:126]: Failed to execute callback of type 'update_label' with args: []
Traceback (most recent call last):
  File "D:\a\yasb\yasb\src\core\widgets\base.py", line 124, in _run_callback
  File "D:\a\yasb\yasb\src\core\widgets\yasb\libre_monitor.py", line 206, in _update_label
TypeError: float() argument must be a string or a real number, not 'NoneType'
2026-07-21 21:43:13,021 [ERROR] [MainThread] [root/base.py:126]: Failed to execute callback of type 'update_label' with args: []
Traceback (most recent call last):
  File "D:\a\yasb\yasb\src\core\widgets\base.py", line 124, in _run_callback
  File "D:\a\yasb\yasb\src\core\widgets\yasb\libre_monitor.py", line 206, in _update_label
TypeError: float() argument must be a string or a real number, not 'NoneType'
2026-07-21 21:43:35,020 [ERROR] [MainThread] [root/base.py:126]: Failed to execute callback of type 'update_label' with args: []
Traceback (most recent call last):
  File "D:\a\yasb\yasb\src\core\widgets\base.py", line 124, in _run_callback
  File "D:\a\yasb\yasb\src\core\widgets\yasb\libre_monitor.py", line 206, in _update_label
TypeError: float() argument must be a string or a real number, not 'NoneType'
2026-07-21 21:44:01,020 [ERROR] [MainThread] [root/base.py:126]: Failed to execute callback of type 'update_label' with args: []
Traceback (most recent call last):
  File "D:\a\yasb\yasb\src\core\widgets\base.py", line 124, in _run_callback
  File "D:\a\yasb\yasb\src\core\widgets\yasb\libre_monitor.py", line 206, in _update_label
TypeError: float() argument must be a string or a real number, not 'NoneType'
2026-07-21 21:45:53,021 [ERROR] [MainThread] [root/base.py:126]: Failed to execute callback of type 'update_label' with args: []
Traceback (most recent call last):
  File "D:\a\yasb\yasb\src\core\widgets\base.py", line 124, in _run_callback
  File "D:\a\yasb\yasb\src\core\widgets\yasb\libre_monitor.py", line 206, in _update_label
TypeError: float() argument must be a string or a real number, not 'NoneType'
2026-07-21 21:46:01,021 [ERROR] [MainThread] [root/base.py:126]: Failed to execute callback of type 'update_label' with args: []
Traceback (most recent call last):
  File "D:\a\yasb\yasb\src\core\widgets\base.py", line 124, in _run_callback
  File "D:\a\yasb\yasb\src\core\widgets\yasb\libre_monitor.py", line 206, in _update_label
TypeError: float() argument must be a string or a real number, not 'NoneType'
2026-07-21 21:46:07,020 [ERROR] [MainThread] [root/base.py:126]: Failed to execute callback of type 'update_label' with args: []
Traceback (most recent call last):
  File "D:\a\yasb\yasb\src\core\widgets\base.py", line 124, in _run_callback
  File "D:\a\yasb\yasb\src\core\widgets\yasb\libre_monitor.py", line 206, in _update_label
TypeError: float() argument must be a string or a real number, not 'NoneType'
2026-07-21 21:46:35,021 [ERROR] [MainThread] [root/base.py:126]: Failed to execute callback of type 'update_label' with args: []
Traceback (most recent call last):
  File "D:\a\yasb\yasb\src\core\widgets\base.py", line 124, in _run_callback
  File "D:\a\yasb\yasb\src\core\widgets\yasb\libre_monitor.py", line 206, in _update_label
TypeError: float() argument must be a string or a real number, not 'NoneType'
2026-07-21 21:46:49,020 [ERROR] [MainThread] [root/base.py:126]: Failed to execute callback of type 'update_label' with args: []
Traceback (most recent call last):
  File "D:\a\yasb\yasb\src\core\widgets\base.py", line 124, in _run_callback
  File "D:\a\yasb\yasb\src\core\widgets\yasb\libre_monitor.py", line 206, in _update_label
TypeError: float() argument must be a string or a real number, not 'NoneType'
2026-07-21 21:46:59,020 [ERROR] [MainThread] [root/base.py:126]: Failed to execute callback of type 'update_label' with args: []
Traceback (most recent call last):
  File "D:\a\yasb\yasb\src\core\widgets\base.py", line 124, in _run_callback
  File "D:\a\yasb\yasb\src\core\widgets\yasb\libre_monitor.py", line 206, in _update_label
TypeError: float() argument must be a string or a real number, not 'NoneType'
2026-07-21 21:47:01,019 [ERROR] [MainThread] [root/base.py:126]: Failed to execute callback of type 'update_label' with args: []
Traceback (most recent call last):
  File "D:\a\yasb\yasb\src\core\widgets\base.py", line 124, in _run_callback
  File "D:\a\yasb\yasb\src\core\widgets\yasb\libre_monitor.py", line 206, in _update_label
TypeError: float() argument must be a string or a real number, not 'NoneType'
2026-07-21 21:51:01,020 [ERROR] [MainThread] [root/base.py:126]: Failed to execute callback of type 'update_label' with args: []
Traceback (most recent call last):
  File "D:\a\yasb\yasb\src\core\widgets\base.py", line 124, in _run_callback
  File "D:\a\yasb\yasb\src\core\widgets\yasb\libre_monitor.py", line 206, in _update_label
TypeError: float() argument must be a string or a real number, not 'NoneType'
2026-07-21 21:51:23,020 [ERROR] [MainThread] [root/base.py:126]: Failed to execute callback of type 'update_label' with args: []
Traceback (most recent call last):
  File "D:\a\yasb\yasb\src\core\widgets\base.py", line 124, in _run_callback
  File "D:\a\yasb\yasb\src\core\widgets\yasb\libre_monitor.py", line 206, in _update_label
TypeError: float() argument must be a string or a real number, not 'NoneType'
2026-07-21 21:52:03,020 [ERROR] [MainThread] [root/base.py:126]: Failed to execute callback of type 'update_label' with args: []
Traceback (most recent call last):
  File "D:\a\yasb\yasb\src\core\widgets\base.py", line 124, in _run_callback
  File "D:\a\yasb\yasb\src\core\widgets\yasb\libre_monitor.py", line 206, in _update_label
TypeError: float() argument must be a string or a real number, not 'NoneType'
2026-07-21 21:52:41,021 [ERROR] [MainThread] [root/base.py:126]: Failed to execute callback of type 'update_label' with args: []
Traceback (most recent call last):
  File "D:\a\yasb\yasb\src\core\widgets\base.py", line 124, in _run_callback
  File "D:\a\yasb\yasb\src\core\widgets\yasb\libre_monitor.py", line 206, in _update_label
TypeError: float() argument must be a string or a real number, not 'NoneType'
2026-07-21 21:53:33,020 [ERROR] [MainThread] [root/base.py:126]: Failed to execute callback of type 'update_label' with args: []
Traceback (most recent call last):
  File "D:\a\yasb\yasb\src\core\widgets\base.py", line 124, in _run_callback
  File "D:\a\yasb\yasb\src\core\widgets\yasb\libre_monitor.py", line 206, in _update_label
TypeError: float() argument must be a string or a real number, not 'NoneType'
2026-07-21 21:53:47,021 [ERROR] [MainThread] [root/base.py:126]: Failed to execute callback of type 'update_label' with args: []
Traceback (most recent call last):
  File "D:\a\yasb\yasb\src\core\widgets\base.py", line 124, in _run_callback
  File "D:\a\yasb\yasb\src\core\widgets\yasb\libre_monitor.py", line 206, in _update_label
TypeError: float() argument must be a string or a real number, not 'NoneType'
2026-07-21 21:53:55,021 [ERROR] [MainThread] [root/base.py:126]: Failed to execute callback of type 'update_label' with args: []
Traceback (most recent call last):
  File "D:\a\yasb\yasb\src\core\widgets\base.py", line 124, in _run_callback
  File "D:\a\yasb\yasb\src\core\widgets\yasb\libre_monitor.py", line 206, in _update_label
TypeError: float() argument must be a string or a real number, not 'NoneType'
2026-07-21 21:54:03,020 [ERROR] [MainThread] [root/base.py:126]: Failed to execute callback of type 'update_label' with args: []
Traceback (most recent call last):
  File "D:\a\yasb\yasb\src\core\widgets\base.py", line 124, in _run_callback
  File "D:\a\yasb\yasb\src\core\widgets\yasb\libre_monitor.py", line 206, in _update_label
TypeError: float() argument must be a string or a real number, not 'NoneType'
2026-07-21 21:54:09,021 [ERROR] [MainThread] [root/base.py:126]: Failed to execute callback of type 'update_label' with args: []
Traceback (most recent call last):
  File "D:\a\yasb\yasb\src\core\widgets\base.py", line 124, in _run_callback
  File "D:\a\yasb\yasb\src\core\widgets\yasb\libre_monitor.py", line 206, in _update_label
TypeError: float() argument must be a string or a real number, not 'NoneType'
2026-07-21 21:54:23,020 [ERROR] [MainThread] [root/base.py:126]: Failed to execute callback of type 'update_label' with args: []
Traceback (most recent call last):
  File "D:\a\yasb\yasb\src\core\widgets\base.py", line 124, in _run_callback
  File "D:\a\yasb\yasb\src\core\widgets\yasb\libre_monitor.py", line 206, in _update_label
TypeError: float() argument must be a string or a real number, not 'NoneType'
2026-07-21 21:54:43,020 [ERROR] [MainThread] [root/base.py:126]: Failed to execute callback of type 'update_label' with args: []
Traceback (most recent call last):
  File "D:\a\yasb\yasb\src\core\widgets\base.py", line 124, in _run_callback
  File "D:\a\yasb\yasb\src\core\widgets\yasb\libre_monitor.py", line 206, in _update_label
TypeError: float() argument must be a string or a real number, not 'NoneType'
2026-07-21 21:54:55,019 [ERROR] [MainThread] [root/base.py:126]: Failed to execute callback of type 'update_label' with args: []
Traceback (most recent call last):
  File "D:\a\yasb\yasb\src\core\widgets\base.py", line 124, in _run_callback
  File "D:\a\yasb\yasb\src\core\widgets\yasb\libre_monitor.py", line 206, in _update_label
TypeError: float() argument must be a string or a real number, not 'NoneType'
2026-07-21 21:55:01,021 [ERROR] [MainThread] [root/base.py:126]: Failed to execute callback of type 'update_label' with args: []
Traceback (most recent call last):
  File "D:\a\yasb\yasb\src\core\widgets\base.py", line 124, in _run_callback
  File "D:\a\yasb\yasb\src\core\widgets\yasb\libre_monitor.py", line 206, in _update_label
TypeError: float() argument must be a string or a real number, not 'NoneType'
2026-07-21 21:55:49,020 [ERROR] [MainThread] [root/base.py:126]: Failed to execute callback of type 'update_label' with args: []
Traceback (most recent call last):
  File "D:\a\yasb\yasb\src\core\widgets\base.py", line 124, in _run_callback
  File "D:\a\yasb\yasb\src\core\widgets\yasb\libre_monitor.py", line 206, in _update_label
TypeError: float() argument must be a string or a real number, not 'NoneType'
2026-07-21 21:56:11,020 [ERROR] [MainThread] [root/base.py:126]: Failed to execute callback of type 'update_label' with args: []
Traceback (most recent call last):
  File "D:\a\yasb\yasb\src\core\widgets\base.py", line 124, in _run_callback
  File "D:\a\yasb\yasb\src\core\widgets\yasb\libre_monitor.py", line 206, in _update_label
TypeError: float() argument must be a string or a real number, not 'NoneType'
2026-07-21 21:58:15,020 [ERROR] [MainThread] [root/base.py:126]: Failed to execute callback of type 'update_label' with args: []
Traceback (most recent call last):
  File "D:\a\yasb\yasb\src\core\widgets\base.py", line 124, in _run_callback
  File "D:\a\yasb\yasb\src\core\widgets\yasb\libre_monitor.py", line 206, in _update_label
TypeError: float() argument must be a string or a real number, not 'NoneType'
2026-07-21 21:59:17,021 [ERROR] [MainThread] [root/base.py:126]: Failed to execute callback of type 'update_label' with args: []
Traceback (most recent call last):
  File "D:\a\yasb\yasb\src\core\widgets\base.py", line 124, in _run_callback
  File "D:\a\yasb\yasb\src\core\widgets\yasb\libre_monitor.py", line 206, in _update_label
TypeError: float() argument must be a string or a real number, not 'NoneType'
2026-07-21 21:59:35,021 [ERROR] [MainThread] [root/base.py:126]: Failed to execute callback of type 'update_label' with args: []
Traceback (most recent call last):
  File "D:\a\yasb\yasb\src\core\widgets\base.py", line 124, in _run_callback
  File "D:\a\yasb\yasb\src\core\widgets\yasb\libre_monitor.py", line 206, in _update_label
TypeError: float() argument must be a string or a real number, not 'NoneType'
2026-07-21 21:59:49,021 [ERROR] [MainThread] [root/base.py:126]: Failed to execute callback of type 'update_label' with args: []
Traceback (most recent call last):
  File "D:\a\yasb\yasb\src\core\widgets\base.py", line 124, in _run_callback
  File "D:\a\yasb\yasb\src\core\widgets\yasb\libre_monitor.py", line 206, in _update_label
TypeError: float() argument must be a string or a real number, not 'NoneType'
2026-07-21 22:00:01,020 [ERROR] [MainThread] [root/base.py:126]: Failed to execute callback of type 'update_label' with args: []
Traceback (most recent call last):
  File "D:\a\yasb\yasb\src\core\widgets\base.py", line 124, in _run_callback
  File "D:\a\yasb\yasb\src\core\widgets\yasb\libre_monitor.py", line 206, in _update_label
TypeError: float() argument must be a string or a real number, not 'NoneType'
2026-07-21 22:00:13,021 [ERROR] [MainThread] [root/base.py:126]: Failed to execute callback of type 'update_label' with args: []
Traceback (most recent call last):
  File "D:\a\yasb\yasb\src\core\widgets\base.py", line 124, in _run_callback
  File "D:\a\yasb\yasb\src\core\widgets\yasb\libre_monitor.py", line 206, in _update_label
TypeError: float() argument must be a string or a real number, not 'NoneType'
2026-07-21 22:00:37,019 [ERROR] [MainThread] [root/base.py:126]: Failed to execute callback of type 'update_label' with args: []
Traceback (most recent call last):
  File "D:\a\yasb\yasb\src\core\widgets\base.py", line 124, in _run_callback
  File "D:\a\yasb\yasb\src\core\widgets\yasb\libre_monitor.py", line 206, in _update_label
TypeError: float() argument must be a string or a real number, not 'NoneType'
2026-07-21 22:02:25,020 [ERROR] [MainThread] [root/base.py:126]: Failed to execute callback of type 'update_label' with args: []
Traceback (most recent call last):
  File "D:\a\yasb\yasb\src\core\widgets\base.py", line 124, in _run_callback
  File "D:\a\yasb\yasb\src\core\widgets\yasb\libre_monitor.py", line 206, in _update_label
TypeError: float() argument must be a string or a real number, not 'NoneType'
2026-07-21 22:03:01,020 [ERROR] [MainThread] [root/base.py:126]: Failed to execute callback of type 'update_label' with args: []
Traceback (most recent call last):
  File "D:\a\yasb\yasb\src\core\widgets\base.py", line 124, in _run_callback
  File "D:\a\yasb\yasb\src\core\widgets\yasb\libre_monitor.py", line 206, in _update_label
TypeError: float() argument must be a string or a real number, not 'NoneType'
2026-07-21 22:03:09,019 [ERROR] [MainThread] [root/base.py:126]: Failed to execute callback of type 'update_label' with args: []
Traceback (most recent call last):
  File "D:\a\yasb\yasb\src\core\widgets\base.py", line 124, in _run_callback
  File "D:\a\yasb\yasb\src\core\widgets\yasb\libre_monitor.py", line 206, in _update_label
TypeError: float() argument must be a string or a real number, not 'NoneType'
2026-07-21 22:05:21,021 [ERROR] [MainThread] [root/base.py:126]: Failed to execute callback of type 'update_label' with args: []
Traceback (most recent call last):
  File "D:\a\yasb\yasb\src\core\widgets\base.py", line 124, in _run_callback
  File "D:\a\yasb\yasb\src\core\widgets\yasb\libre_monitor.py", line 206, in _update_label
TypeError: float() argument must be a string or a real number, not 'NoneType'
2026-07-21 22:05:59,020 [ERROR] [MainThread] [root/base.py:126]: Failed to execute callback of type 'update_label' with args: []
Traceback (most recent call last):
  File "D:\a\yasb\yasb\src\core\widgets\base.py", line 124, in _run_callback
  File "D:\a\yasb\yasb\src\core\widgets\yasb\libre_monitor.py", line 206, in _update_label
TypeError: float() argument must be a string or a real number, not 'NoneType'
2026-07-21 22:07:09,020 [ERROR] [MainThread] [root/base.py:126]: Failed to execute callback of type 'update_label' with args: []
Traceback (most recent call last):
  File "D:\a\yasb\yasb\src\core\widgets\base.py", line 124, in _run_callback
  File "D:\a\yasb\yasb\src\core\widgets\yasb\libre_monitor.py", line 206, in _update_label
TypeError: float() argument must be a string or a real number, not 'NoneType'
2026-07-21 22:07:15,021 [ERROR] [MainThread] [root/base.py:126]: Failed to execute callback of type 'update_label' with args: []
Traceback (most recent call last):
  File "D:\a\yasb\yasb\src\core\widgets\base.py", line 124, in _run_callback
  File "D:\a\yasb\yasb\src\core\widgets\yasb\libre_monitor.py", line 206, in _update_label
TypeError: float() argument must be a string or a real number, not 'NoneType'
2026-07-21 22:08:51,021 [ERROR] [MainThread] [root/base.py:126]: Failed to execute callback of type 'update_label' with args: []
Traceback (most recent call last):
  File "D:\a\yasb\yasb\src\core\widgets\base.py", line 124, in _run_callback
  File "D:\a\yasb\yasb\src\core\widgets\yasb\libre_monitor.py", line 206, in _update_label
TypeError: float() argument must be a string or a real number, not 'NoneType'
2026-07-21 22:09:51,020 [ERROR] [MainThread] [root/base.py:126]: Failed to execute callback of type 'update_label' with args: []
Traceback (most recent call last):
  File "D:\a\yasb\yasb\src\core\widgets\base.py", line 124, in _run_callback
  File "D:\a\yasb\yasb\src\core\widgets\yasb\libre_monitor.py", line 206, in _update_label
TypeError: float() argument must be a string or a real number, not 'NoneType'
2026-07-21 22:10:25,020 [ERROR] [MainThread] [root/base.py:126]: Failed to execute callback of type 'update_label' with args: []
Traceback (most recent call last):
  File "D:\a\yasb\yasb\src\core\widgets\base.py", line 124, in _run_callback
  File "D:\a\yasb\yasb\src\core\widgets\yasb\libre_monitor.py", line 206, in _update_label
TypeError: float() argument must be a string or a real number, not 'NoneType'
2026-07-21 22:10:27,021 [ERROR] [MainThread] [root/base.py:126]: Failed to execute callback of type 'update_label' with args: []
Traceback (most recent call last):
  File "D:\a\yasb\yasb\src\core\widgets\base.py", line 124, in _run_callback
  File "D:\a\yasb\yasb\src\core\widgets\yasb\libre_monitor.py", line 206, in _update_label
TypeError: float() argument must be a string or a real number, not 'NoneType'
2026-07-21 22:10:41,021 [ERROR] [MainThread] [root/base.py:126]: Failed to execute callback of type 'update_label' with args: []
Traceback (most recent call last):
  File "D:\a\yasb\yasb\src\core\widgets\base.py", line 124, in _run_callback
  File "D:\a\yasb\yasb\src\core\widgets\yasb\libre_monitor.py", line 206, in _update_label
TypeError: float() argument must be a string or a real number, not 'NoneType'
2026-07-21 22:10:43,019 [ERROR] [MainThread] [root/base.py:126]: Failed to execute callback of type 'update_label' with args: []
Traceback (most recent call last):
  File "D:\a\yasb\yasb\src\core\widgets\base.py", line 124, in _run_callback
  File "D:\a\yasb\yasb\src\core\widgets\yasb\libre_monitor.py", line 206, in _update_label
TypeError: float() argument must be a string or a real number, not 'NoneType'
2026-07-21 22:11:03,021 [ERROR] [MainThread] [root/base.py:126]: Failed to execute callback of type 'update_label' with args: []
Traceback (most recent call last):
  File "D:\a\yasb\yasb\src\core\widgets\base.py", line 124, in _run_callback
  File "D:\a\yasb\yasb\src\core\widgets\yasb\libre_monitor.py", line 206, in _update_label
TypeError: float() argument must be a string or a real number, not 'NoneType'
2026-07-21 22:11:53,291 [ERROR] [SystrayMonitor] [root/app_icons.py:282]: GetIconInfo failed: 0
2026-07-21 22:21:18,744 [ERROR] [MainThread] [open_meteo/api.py:105]: No internet connection or host not found. Unable to fetch weather.
2026-07-21 22:21:18,745 [WARNING] [MainThread] [root/open_meteo.py:865]: Error processing Open-Meteo data: Weather data is empty.
2026-07-21 22:21:39,815 [ERROR] [MainThread] [open_meteo/api.py:105]: No internet connection or host not found. Unable to fetch weather.
2026-07-21 22:21:39,816 [WARNING] [MainThread] [root/open_meteo.py:865]: Error processing Open-Meteo data: Weather data is empty.
2026-07-21 22:22:00,884 [ERROR] [MainThread] [open_meteo/api.py:105]: No internet connection or host not found. Unable to fetch weather.
2026-07-21 22:22:00,885 [WARNING] [MainThread] [root/open_meteo.py:865]: Error processing Open-Meteo data: Weather data is empty.
2026-07-21 22:22:21,967 [ERROR] [MainThread] [open_meteo/api.py:105]: No internet connection or host not found. Unable to fetch weather.
2026-07-21 22:22:21,967 [WARNING] [MainThread] [root/open_meteo.py:865]: Error processing Open-Meteo data: Weather data is empty.
2026-07-21 22:22:43,055 [ERROR] [MainThread] [open_meteo/api.py:105]: No internet connection or host not found. Unable to fetch weather.
2026-07-21 22:22:43,055 [WARNING] [MainThread] [root/open_meteo.py:865]: Error processing Open-Meteo data: Weather data is empty.
2026-07-21 22:23:04,123 [ERROR] [MainThread] [open_meteo/api.py:105]: No internet connection or host not found. Unable to fetch weather.
2026-07-21 22:23:04,123 [WARNING] [MainThread] [root/open_meteo.py:865]: Error processing Open-Meteo data: Weather data is empty.
2026-07-21 22:23:25,187 [ERROR] [MainThread] [open_meteo/api.py:105]: No internet connection or host not found. Unable to fetch weather.
2026-07-21 22:23:25,187 [WARNING] [MainThread] [root/open_meteo.py:865]: Error processing Open-Meteo data: Weather data is empty.
2026-07-21 22:23:35,194 [ERROR] [MainThread] [open_meteo/api.py:105]: No internet connection or host not found. Unable to fetch weather.
2026-07-21 22:23:35,195 [WARNING] [MainThread] [root/open_meteo.py:865]: Error processing Open-Meteo data: Weather data is empty.
2026-07-21 22:23:45,212 [ERROR] [MainThread] [open_meteo/api.py:105]: No internet connection or host not found. Unable to fetch weather.
2026-07-21 22:23:45,213 [WARNING] [MainThread] [root/open_meteo.py:865]: Error processing Open-Meteo data: Weather data is empty.
2026-07-21 22:24:06,289 [ERROR] [MainThread] [open_meteo/api.py:105]: No internet connection or host not found. Unable to fetch weather.
2026-07-21 22:24:06,289 [WARNING] [MainThread] [root/open_meteo.py:865]: Error processing Open-Meteo data: Weather data is empty.
2026-07-21 22:24:16,292 [ERROR] [MainThread] [open_meteo/api.py:105]: No internet connection or host not found. Unable to fetch weather.
2026-07-21 22:24:16,292 [WARNING] [MainThread] [root/open_meteo.py:865]: Error processing Open-Meteo data: Weather data is empty.
2026-07-21 22:24:26,292 [ERROR] [MainThread] [open_meteo/api.py:105]: No internet connection or host not found. Unable to fetch weather.
2026-07-21 22:24:26,293 [WARNING] [MainThread] [root/open_meteo.py:865]: Error processing Open-Meteo data: Weather data is empty.
2026-07-21 22:24:36,301 [ERROR] [MainThread] [open_meteo/api.py:105]: No internet connection or host not found. Unable to fetch weather.
2026-07-21 22:24:36,302 [WARNING] [MainThread] [root/open_meteo.py:865]: Error processing Open-Meteo data: Weather data is empty.
2026-07-22 13:17:25,144 [ERROR] [MainThread] [root/base.py:126]: Failed to execute callback of type 'update_label' with args: []
Traceback (most recent call last):
  File "D:\a\yasb\yasb\src\core\widgets\base.py", line 124, in _run_callback
  File "D:\a\yasb\yasb\src\core\widgets\yasb\libre_monitor.py", line 206, in _update_label
TypeError: float() argument must be a string or a real number, not 'NoneType'
2026-07-22 18:34:42,992 [ERROR] [MainThread] [root/media.py:294]: get_thumbnail(): Error occurred when loading the thumbnail: cannot identify image file <_io.BytesIO object at 0x0000025181899D50>
2026-07-22 18:37:09,552 [ERROR] [MainThread] [root/media.py:294]: get_thumbnail(): Error occurred when loading the thumbnail: cannot identify image file <_io.BytesIO object at 0x000002518189BC40>
2026-07-23 16:17:25,194 [ERROR] [MainThread] [root/base.py:126]: Failed to execute callback of type 'update_label' with args: []
Traceback (most recent call last):
  File "D:\a\yasb\yasb\src\core\widgets\base.py", line 124, in _run_callback
  File "D:\a\yasb\yasb\src\core\widgets\yasb\libre_monitor.py", line 206, in _update_label
TypeError: float() argument must be a string or a real number, not 'NoneType'
2026-07-24 01:17:31,194 [ERROR] [MainThread] [root/base.py:126]: Failed to execute callback of type 'update_label' with args: []
Traceback (most recent call last):
  File "D:\a\yasb\yasb\src\core\widgets\base.py", line 124, in _run_callback
  File "D:\a\yasb\yasb\src\core\widgets\yasb\libre_monitor.py", line 206, in _update_label
TypeError: float() argument must be a string or a real number, not 'NoneType'
2026-07-24 04:16:39,207 [ERROR] [MainThread] [root/base.py:126]: Failed to execute callback of type 'update_label' with args: []
Traceback (most recent call last):
  File "D:\a\yasb\yasb\src\core\widgets\base.py", line 124, in _run_callback
  File "D:\a\yasb\yasb\src\core\widgets\yasb\libre_monitor.py", line 206, in _update_label
TypeError: float() argument must be a string or a real number, not 'NoneType'
2026-07-24 06:52:37,444 [INFO] [MainThread] [root/log.py:104]: YASB v2.0.5
2026-07-24 06:52:37,445 [INFO] [CLIPipeServer] [cli_server/cli_server.py:216]: CLI server started v1.1.7
2026-07-24 06:52:37,446 [INFO] [MainThread] [cli_server/cli_server.py:106]: Log pipe server started
2026-07-24 06:52:37,569 [WARNING] [MainThread] [deprecation/deprecation.py:136]: [DEPRECATED] BarAlignment: 'center' - Use 'align' instead.
2026-07-24 06:52:37,569 [WARNING] [MainThread] [deprecation/deprecation.py:136]: [DEPRECATED] BarBlurEffect: 'acrylic' - No longer supported and can be removed from the config.
2026-07-24 06:52:37,628 [WARNING] [MainThread] [deprecation/deprecation.py:136]: [DEPRECATED] GrouperWidgetConfig: 'container_padding' - Use CSS padding instead.
2026-07-24 06:52:37,718 [WARNING] [MainThread] [deprecation/deprecation.py:136]: [DEPRECATED] KomorebiWorkspacesConfig: 'animation' - Use CSS animations instead.
2026-07-24 06:52:37,724 [WARNING] [MainThread] [deprecation/deprecation.py:136]: [DEPRECATED] GrouperWidgetConfig: 'container_padding' - Use CSS padding instead.
2026-07-24 06:52:37,736 [WARNING] [MainThread] [deprecation/deprecation.py:136]: [DEPRECATED] GrouperWidgetConfig: 'container_padding' - Use CSS padding instead.
2026-07-24 06:52:38,239 [WARNING] [MainThread] [deprecation/deprecation.py:136]: [DEPRECATED] GrouperWidgetConfig: 'container_padding' - Use CSS padding instead.
2026-07-24 06:52:38,352 [WARNING] [MainThread] [deprecation/deprecation.py:136]: [DEPRECATED] OpenMeteoWidgetConfig: 'label_shadow' - Use CSS text-shadow instead.
2026-07-24 06:52:38,459 [WARNING] [MainThread] [deprecation/deprecation.py:136]: [DEPRECATED] GrouperWidgetConfig: 'container_padding' - Use CSS padding instead.
2026-07-24 06:52:38,489 [WARNING] [MainThread] [deprecation/deprecation.py:140]: [DEPRECATED] VolumeConfig: 'volume_icons' renamed to 'icons' - Use 'icons' with the dictionary format instead.
2026-07-24 06:52:38,489 [WARNING] [MainThread] [deprecation/deprecation.py:136]: [DEPRECATED] VolumeConfig: 'container_padding' - Use CSS padding instead.
2026-07-24 06:52:38,511 [INFO] [MainThread] [root/service.py:52]: AudioOutputService starting...
2026-07-24 06:52:38,564 [INFO] [MainThread] [root/service.py:41]: AudioInputService starting...
2026-07-24 06:52:38,597 [WARNING] [MainThread] [deprecation/deprecation.py:136]: [DEPRECATED] NotificationsConfig: 'container_padding' - Use CSS padding instead.
2026-07-24 06:52:38,617 [WARNING] [MainThread] [deprecation/deprecation.py:136]: [DEPRECATED] PowerMenuConfig: 'container_padding' - Use CSS padding instead.
2026-07-24 06:52:38,820 [INFO] [MainThread] [root/bar_manager.py:103]: Starting WindowsNotificationEventListener...
2026-07-24 06:52:38,820 [INFO] [MainThread] [root/bar_manager.py:103]: Starting SystemEventListener...
2026-07-24 06:52:38,820 [INFO] [MainThread] [root/bar_manager.py:103]: Starting KomorebiEventListener...
2026-07-24 06:52:38,822 [INFO] [Dummy-5] [root/event_listener.py:54]: Created named pipe yasb-96123185-86f1-11f1-860e-001a7dda7113
2026-07-24 06:52:38,824 [INFO] [MainThread] [root/watcher.py:65]: Watching directory: c:\users\raven\.config\yasb
2026-07-24 06:52:38,825 [INFO] [MainThread] [root/watcher.py:104]: Created file watcher
2026-07-24 06:52:38,863 [INFO] [MainThread] [root/update_service.py:434]: Background update checker started
2026-07-24 06:52:38,945 [WARNING] [Dummy-5] [root/event_listener.py:134]: Komorebi failed to subscribe named pipe. Komorebi is not running, please start Komorebi.
2026-07-24 06:52:49,200 [INFO] [Dummy-5] [root/event_listener.py:147]: Komorebi connected to named pipe: yasb-96123185-86f1-11f1-860e-001a7dda7113
2026-07-24 15:12:41,845 [ERROR] [MainThread] [root/base.py:126]: Failed to execute callback of type 'update_label' with args: []
Traceback (most recent call last):
  File "D:\a\yasb\yasb\src\core\widgets\base.py", line 124, in _run_callback
  File "D:\a\yasb\yasb\src\core\widgets\yasb\libre_monitor.py", line 206, in _update_label
TypeError: float() argument must be a string or a real number, not 'NoneType'
2026-07-24 15:13:45,867 [ERROR] [MainThread] [root/base.py:126]: Failed to execute callback of type 'update_label' with args: []
Traceback (most recent call last):
  File "D:\a\yasb\yasb\src\core\widgets\base.py", line 124, in _run_callback
  File "D:\a\yasb\yasb\src\core\widgets\yasb\libre_monitor.py", line 206, in _update_label
TypeError: float() argument must be a string or a real number, not 'NoneType'
2026-07-24 15:16:29,892 [ERROR] [MainThread] [root/base.py:126]: Failed to execute callback of type 'update_label' with args: []
Traceback (most recent call last):
  File "D:\a\yasb\yasb\src\core\widgets\base.py", line 124, in _run_callback
  File "D:\a\yasb\yasb\src\core\widgets\yasb\libre_monitor.py", line 206, in _update_label
TypeError: float() argument must be a string or a real number, not 'NoneType'
2026-07-24 15:16:43,899 [ERROR] [MainThread] [root/base.py:126]: Failed to execute callback of type 'update_label' with args: []
Traceback (most recent call last):
  File "D:\a\yasb\yasb\src\core\widgets\base.py", line 124, in _run_callback
  File "D:\a\yasb\yasb\src\core\widgets\yasb\libre_monitor.py", line 206, in _update_label
TypeError: float() argument must be a string or a real number, not 'NoneType'
2026-07-24 17:57:12,534 [INFO] [MainThread] [root/controller.py:43]: Exiting Application...
2026-07-24 17:57:12,649 [INFO] [MainThread] [cli_server/cli_server.py:114]: Log pipe server stopped
2026-07-24 17:57:12,904 [INFO] [MainThread] [root/bar_manager.py:119]: Stopping WindowsNotificationEventListener...
2026-07-24 17:57:12,908 [INFO] [MainThread] [root/bar_manager.py:119]: Stopping SystemEventListener...
2026-07-24 17:57:12,910 [INFO] [MainThread] [root/bar_manager.py:119]: Stopping KomorebiEventListener...
2026-07-24 21:23:56,140 [INFO] [MainThread] [root/log.py:104]: YASB v2.0.5
2026-07-24 21:23:56,141 [INFO] [CLIPipeServer] [cli_server/cli_server.py:216]: CLI server started v1.1.7
2026-07-24 21:23:56,141 [INFO] [MainThread] [cli_server/cli_server.py:106]: Log pipe server started
2026-07-24 21:23:56,254 [WARNING] [MainThread] [deprecation/deprecation.py:136]: [DEPRECATED] BarAlignment: 'center' - Use 'align' instead.
2026-07-24 21:23:56,254 [WARNING] [MainThread] [deprecation/deprecation.py:136]: [DEPRECATED] BarBlurEffect: 'acrylic' - No longer supported and can be removed from the config.
2026-07-24 21:23:56,318 [WARNING] [MainThread] [deprecation/deprecation.py:136]: [DEPRECATED] GrouperWidgetConfig: 'container_padding' - Use CSS padding instead.
2026-07-24 21:23:56,402 [WARNING] [MainThread] [deprecation/deprecation.py:136]: [DEPRECATED] KomorebiWorkspacesConfig: 'animation' - Use CSS animations instead.
2026-07-24 21:23:56,406 [WARNING] [MainThread] [deprecation/deprecation.py:136]: [DEPRECATED] GrouperWidgetConfig: 'container_padding' - Use CSS padding instead.
2026-07-24 21:23:56,418 [WARNING] [MainThread] [deprecation/deprecation.py:136]: [DEPRECATED] GrouperWidgetConfig: 'container_padding' - Use CSS padding instead.
2026-07-24 21:23:57,027 [WARNING] [MainThread] [deprecation/deprecation.py:136]: [DEPRECATED] GrouperWidgetConfig: 'container_padding' - Use CSS padding instead.
2026-07-24 21:23:57,138 [WARNING] [MainThread] [deprecation/deprecation.py:136]: [DEPRECATED] OpenMeteoWidgetConfig: 'label_shadow' - Use CSS text-shadow instead.
2026-07-24 21:23:57,244 [WARNING] [MainThread] [deprecation/deprecation.py:136]: [DEPRECATED] GrouperWidgetConfig: 'container_padding' - Use CSS padding instead.
2026-07-24 21:23:57,274 [WARNING] [MainThread] [deprecation/deprecation.py:140]: [DEPRECATED] VolumeConfig: 'volume_icons' renamed to 'icons' - Use 'icons' with the dictionary format instead.
2026-07-24 21:23:57,274 [WARNING] [MainThread] [deprecation/deprecation.py:136]: [DEPRECATED] VolumeConfig: 'container_padding' - Use CSS padding instead.
2026-07-24 21:23:57,296 [INFO] [MainThread] [root/service.py:52]: AudioOutputService starting...
2026-07-24 21:23:57,348 [INFO] [MainThread] [root/service.py:41]: AudioInputService starting...
2026-07-24 21:23:57,381 [WARNING] [MainThread] [deprecation/deprecation.py:136]: [DEPRECATED] NotificationsConfig: 'container_padding' - Use CSS padding instead.
2026-07-24 21:23:57,400 [WARNING] [MainThread] [deprecation/deprecation.py:136]: [DEPRECATED] PowerMenuConfig: 'container_padding' - Use CSS padding instead.
2026-07-24 21:23:57,581 [INFO] [MainThread] [root/bar_manager.py:103]: Starting KomorebiEventListener...
2026-07-24 21:23:57,582 [INFO] [MainThread] [root/bar_manager.py:103]: Starting SystemEventListener...
2026-07-24 21:23:57,582 [INFO] [MainThread] [root/bar_manager.py:103]: Starting WindowsNotificationEventListener...
2026-07-24 21:23:57,582 [INFO] [Dummy-5] [root/event_listener.py:54]: Created named pipe yasb-4ea407f7-876b-11f1-8066-001a7dda7113
2026-07-24 21:23:57,585 [INFO] [MainThread] [root/watcher.py:65]: Watching directory: c:\users\raven\.config\yasb
2026-07-24 21:23:57,585 [INFO] [MainThread] [root/watcher.py:104]: Created file watcher
2026-07-24 21:23:57,624 [INFO] [MainThread] [root/update_service.py:434]: Background update checker started
2026-07-24 21:23:57,686 [WARNING] [Dummy-5] [root/event_listener.py:134]: Komorebi failed to subscribe named pipe. Komorebi is not running, please start Komorebi.
2026-07-24 21:24:07,866 [INFO] [Dummy-5] [root/event_listener.py:147]: Komorebi connected to named pipe: yasb-4ea407f7-876b-11f1-8066-001a7dda7113
2026-07-24 22:33:33,215 [ERROR] [MainThread] [root/base.py:126]: Failed to execute callback of type 'update_label' with args: []
Traceback (most recent call last):
  File "D:\a\yasb\yasb\src\core\widgets\base.py", line 124, in _run_callback
  File "D:\a\yasb\yasb\src\core\widgets\yasb\libre_monitor.py", line 206, in _update_label
TypeError: float() argument must be a string or a real number, not 'NoneType'
2026-07-25 00:44:16,398 [ERROR] [MainThread] [root/base.py:126]: Failed to execute callback of type 'update_label' with args: []
Traceback (most recent call last):
  File "D:\a\yasb\yasb\src\core\widgets\base.py", line 124, in _run_callback
  File "D:\a\yasb\yasb\src\core\widgets\yasb\libre_monitor.py", line 206, in _update_label
TypeError: float() argument must be a string or a real number, not 'NoneType'
2026-07-25 00:45:10,410 [ERROR] [MainThread] [root/base.py:126]: Failed to execute callback of type 'update_label' with args: []
Traceback (most recent call last):
  File "D:\a\yasb\yasb\src\core\widgets\base.py", line 124, in _run_callback
  File "D:\a\yasb\yasb\src\core\widgets\yasb\libre_monitor.py", line 206, in _update_label
TypeError: float() argument must be a string or a real number, not 'NoneType'
2026-07-25 00:47:56,436 [ERROR] [MainThread] [root/base.py:126]: Failed to execute callback of type 'update_label' with args: []
Traceback (most recent call last):
  File "D:\a\yasb\yasb\src\core\widgets\base.py", line 124, in _run_callback
  File "D:\a\yasb\yasb\src\core\widgets\yasb\libre_monitor.py", line 206, in _update_label
TypeError: float() argument must be a string or a real number, not 'NoneType'
2026-07-25 00:50:32,473 [ERROR] [MainThread] [root/base.py:126]: Failed to execute callback of type 'update_label' with args: []
Traceback (most recent call last):
  File "D:\a\yasb\yasb\src\core\widgets\base.py", line 124, in _run_callback
  File "D:\a\yasb\yasb\src\core\widgets\yasb\libre_monitor.py", line 206, in _update_label
TypeError: float() argument must be a string or a real number, not 'NoneType'
2026-07-25 01:28:03,060 [ERROR] [MainThread] [root/base.py:126]: Failed to execute callback of type 'update_label' with args: []
Traceback (most recent call last):
  File "D:\a\yasb\yasb\src\core\widgets\base.py", line 124, in _run_callback
  File "D:\a\yasb\yasb\src\core\widgets\yasb\libre_monitor.py", line 206, in _update_label
TypeError: float() argument must be a string or a real number, not 'NoneType'
2026-07-25 01:58:07,603 [ERROR] [MainThread] [root/base.py:126]: Failed to execute callback of type 'update_label' with args: []
Traceback (most recent call last):
  File "D:\a\yasb\yasb\src\core\widgets\base.py", line 124, in _run_callback
  File "D:\a\yasb\yasb\src\core\widgets\yasb\libre_monitor.py", line 206, in _update_label
TypeError: float() argument must be a string or a real number, not 'NoneType'
2026-07-25 05:09:05,809 [ERROR] [MainThread] [root/base.py:126]: Failed to execute callback of type 'update_label' with args: []
Traceback (most recent call last):
  File "D:\a\yasb\yasb\src\core\widgets\base.py", line 124, in _run_callback
  File "D:\a\yasb\yasb\src\core\widgets\yasb\libre_monitor.py", line 206, in _update_label
TypeError: float() argument must be a string or a real number, not 'NoneType'
2026-07-25 07:03:57,314 [ERROR] [MainThread] [root/base.py:126]: Failed to execute callback of type 'update_label' with args: []
Traceback (most recent call last):
  File "D:\a\yasb\yasb\src\core\widgets\base.py", line 124, in _run_callback
  File "D:\a\yasb\yasb\src\core\widgets\yasb\libre_monitor.py", line 206, in _update_label
TypeError: float() argument must be a string or a real number, not 'NoneType'
2026-07-25 07:04:51,311 [ERROR] [MainThread] [root/base.py:126]: Failed to execute callback of type 'update_label' with args: []
Traceback (most recent call last):
  File "D:\a\yasb\yasb\src\core\widgets\base.py", line 124, in _run_callback
  File "D:\a\yasb\yasb\src\core\widgets\yasb\libre_monitor.py", line 206, in _update_label
TypeError: float() argument must be a string or a real number, not 'NoneType'
2026-07-25 09:36:17,149 [ERROR] [MainThread] [root/base.py:126]: Failed to execute callback of type 'update_label' with args: []
Traceback (most recent call last):
  File "D:\a\yasb\yasb\src\core\widgets\base.py", line 124, in _run_callback
  File "D:\a\yasb\yasb\src\core\widgets\yasb\libre_monitor.py", line 206, in _update_label
TypeError: float() argument must be a string or a real number, not 'NoneType'
2026-07-25 09:36:33,155 [ERROR] [MainThread] [root/base.py:126]: Failed to execute callback of type 'update_label' with args: []
Traceback (most recent call last):
  File "D:\a\yasb\yasb\src\core\widgets\base.py", line 124, in _run_callback
  File "D:\a\yasb\yasb\src\core\widgets\yasb\libre_monitor.py", line 206, in _update_label
TypeError: float() argument must be a string or a real number, not 'NoneType'
2026-07-25 09:36:45,166 [ERROR] [MainThread] [root/base.py:126]: Failed to execute callback of type 'update_label' with args: []
Traceback (most recent call last):
  File "D:\a\yasb\yasb\src\core\widgets\base.py", line 124, in _run_callback
  File "D:\a\yasb\yasb\src\core\widgets\yasb\libre_monitor.py", line 206, in _update_label
TypeError: float() argument must be a string or a real number, not 'NoneType'
2026-07-25 12:23:17,610 [ERROR] [MainThread] [root/base.py:126]: Failed to execute callback of type 'update_label' with args: []
Traceback (most recent call last):
  File "D:\a\yasb\yasb\src\core\widgets\base.py", line 124, in _run_callback
  File "D:\a\yasb\yasb\src\core\widgets\yasb\libre_monitor.py", line 206, in _update_label
TypeError: float() argument must be a string or a real number, not 'NoneType'
2026-07-25 13:33:36,312 [ERROR] [MainThread] [root/base.py:126]: Failed to execute callback of type 'update_label' with args: []
Traceback (most recent call last):
  File "D:\a\yasb\yasb\src\core\widgets\base.py", line 124, in _run_callback
  File "D:\a\yasb\yasb\src\core\widgets\yasb\libre_monitor.py", line 206, in _update_label
TypeError: float() argument must be a string or a real number, not 'NoneType'
2026-07-25 14:36:52,810 [ERROR] [MainThread] [root/base.py:126]: Failed to execute callback of type 'update_label' with args: []
Traceback (most recent call last):
  File "D:\a\yasb\yasb\src\core\widgets\base.py", line 124, in _run_callback
  File "D:\a\yasb\yasb\src\core\widgets\yasb\libre_monitor.py", line 206, in _update_label
TypeError: float() argument must be a string or a real number, not 'NoneType'
2026-07-25 17:45:48,064 [ERROR] [MainThread] [root/base.py:126]: Failed to execute callback of type 'update_label' with args: []
Traceback (most recent call last):
  File "D:\a\yasb\yasb\src\core\widgets\base.py", line 124, in _run_callback
  File "D:\a\yasb\yasb\src\core\widgets\yasb\libre_monitor.py", line 206, in _update_label
TypeError: float() argument must be a string or a real number, not 'NoneType'
2026-07-25 17:50:50,143 [ERROR] [MainThread] [root/base.py:126]: Failed to execute callback of type 'update_label' with args: []
Traceback (most recent call last):
  File "D:\a\yasb\yasb\src\core\widgets\base.py", line 124, in _run_callback
  File "D:\a\yasb\yasb\src\core\widgets\yasb\libre_monitor.py", line 206, in _update_label
TypeError: float() argument must be a string or a real number, not 'NoneType'
2026-07-25 22:16:10,624 [ERROR] [MainThread] [root/base.py:126]: Failed to execute callback of type 'update_label' with args: []
Traceback (most recent call last):
  File "D:\a\yasb\yasb\src\core\widgets\base.py", line 124, in _run_callback
  File "D:\a\yasb\yasb\src\core\widgets\yasb\libre_monitor.py", line 206, in _update_label
TypeError: float() argument must be a string or a real number, not 'NoneType'
2026-07-25 23:43:51,031 [ERROR] [MainThread] [root/base.py:126]: Failed to execute callback of type 'update_label' with args: []
Traceback (most recent call last):
  File "D:\a\yasb\yasb\src\core\widgets\base.py", line 124, in _run_callback
  File "D:\a\yasb\yasb\src\core\widgets\yasb\libre_monitor.py", line 206, in _update_label
TypeError: float() argument must be a string or a real number, not 'NoneType'
2026-07-26 00:33:50,516 [ERROR] [MainThread] [root/base.py:126]: Failed to execute callback of type 'update_label' with args: []
Traceback (most recent call last):
  File "D:\a\yasb\yasb\src\core\widgets\base.py", line 124, in _run_callback
  File "D:\a\yasb\yasb\src\core\widgets\yasb\libre_monitor.py", line 206, in _update_label
TypeError: float() argument must be a string or a real number, not 'NoneType'
2026-07-26 00:34:26,573 [ERROR] [MainThread] [root/base.py:126]: Failed to execute callback of type 'update_label' with args: []
Traceback (most recent call last):
  File "D:\a\yasb\yasb\src\core\widgets\base.py", line 124, in _run_callback
  File "D:\a\yasb\yasb\src\core\widgets\yasb\libre_monitor.py", line 206, in _update_label
TypeError: float() argument must be a string or a real number, not 'NoneType'
2026-07-26 00:35:08,566 [ERROR] [MainThread] [root/base.py:126]: Failed to execute callback of type 'update_label' with args: []
Traceback (most recent call last):
  File "D:\a\yasb\yasb\src\core\widgets\base.py", line 124, in _run_callback
  File "D:\a\yasb\yasb\src\core\widgets\yasb\libre_monitor.py", line 206, in _update_label
TypeError: float() argument must be a string or a real number, not 'NoneType'
2026-07-26 00:35:10,571 [ERROR] [MainThread] [root/base.py:126]: Failed to execute callback of type 'update_label' with args: []
Traceback (most recent call last):
  File "D:\a\yasb\yasb\src\core\widgets\base.py", line 124, in _run_callback
  File "D:\a\yasb\yasb\src\core\widgets\yasb\libre_monitor.py", line 206, in _update_label
TypeError: float() argument must be a string or a real number, not 'NoneType'
2026-07-26 00:37:30,646 [ERROR] [MainThread] [root/base.py:126]: Failed to execute callback of type 'update_label' with args: []
Traceback (most recent call last):
  File "D:\a\yasb\yasb\src\core\widgets\base.py", line 124, in _run_callback
  File "D:\a\yasb\yasb\src\core\widgets\yasb\libre_monitor.py", line 206, in _update_label
TypeError: float() argument must be a string or a real number, not 'NoneType'
2026-07-26 01:58:46,610 [ERROR] [MainThread] [root/base.py:126]: Failed to execute callback of type 'update_label' with args: []
Traceback (most recent call last):
  File "D:\a\yasb\yasb\src\core\widgets\base.py", line 124, in _run_callback
  File "D:\a\yasb\yasb\src\core\widgets\yasb\libre_monitor.py", line 206, in _update_label
TypeError: float() argument must be a string or a real number, not 'NoneType'
2026-07-26 02:03:44,769 [ERROR] [MainThread] [root/base.py:126]: Failed to execute callback of type 'update_label' with args: []
Traceback (most recent call last):
  File "D:\a\yasb\yasb\src\core\widgets\base.py", line 124, in _run_callback
  File "D:\a\yasb\yasb\src\core\widgets\yasb\libre_monitor.py", line 206, in _update_label
TypeError: float() argument must be a string or a real number, not 'NoneType'
2026-07-26 06:36:42,632 [ERROR] [MainThread] [root/base.py:126]: Failed to execute callback of type 'update_label' with args: []
Traceback (most recent call last):
  File "D:\a\yasb\yasb\src\core\widgets\base.py", line 124, in _run_callback
  File "D:\a\yasb\yasb\src\core\widgets\yasb\libre_monitor.py", line 206, in _update_label
TypeError: float() argument must be a string or a real number, not 'NoneType'
2026-07-26 06:37:04,634 [ERROR] [MainThread] [root/base.py:126]: Failed to execute callback of type 'update_label' with args: []
Traceback (most recent call last):
  File "D:\a\yasb\yasb\src\core\widgets\base.py", line 124, in _run_callback
  File "D:\a\yasb\yasb\src\core\widgets\yasb\libre_monitor.py", line 206, in _update_label
TypeError: float() argument must be a string or a real number, not 'NoneType'
2026-07-26 10:52:48,394 [ERROR] [MainThread] [root/base.py:126]: Failed to execute callback of type 'update_label' with args: []
Traceback (most recent call last):
  File "D:\a\yasb\yasb\src\core\widgets\base.py", line 124, in _run_callback
  File "D:\a\yasb\yasb\src\core\widgets\yasb\libre_monitor.py", line 206, in _update_label
TypeError: float() argument must be a string or a real number, not 'NoneType'
2026-07-26 11:16:35,412 [ERROR] [MainThread] [root/base.py:126]: Failed to execute callback of type 'update_label' with args: []
Traceback (most recent call last):
  File "D:\a\yasb\yasb\src\core\widgets\base.py", line 124, in _run_callback
  File "D:\a\yasb\yasb\src\core\widgets\yasb\libre_monitor.py", line 206, in _update_label
TypeError: float() argument must be a string or a real number, not 'NoneType'
2026-07-26 11:43:36,270 [ERROR] [MainThread] [root/base.py:126]: Failed to execute callback of type 'update_label' with args: []
Traceback (most recent call last):
  File "D:\a\yasb\yasb\src\core\widgets\base.py", line 124, in _run_callback
  File "D:\a\yasb\yasb\src\core\widgets\yasb\libre_monitor.py", line 206, in _update_label
TypeError: float() argument must be a string or a real number, not 'NoneType'
2026-07-26 12:51:50,561 [ERROR] [MainThread] [root/base.py:126]: Failed to execute callback of type 'update_label' with args: []
Traceback (most recent call last):
  File "D:\a\yasb\yasb\src\core\widgets\base.py", line 124, in _run_callback
  File "D:\a\yasb\yasb\src\core\widgets\yasb\libre_monitor.py", line 206, in _update_label
TypeError: float() argument must be a string or a real number, not 'NoneType'
2026-07-26 13:55:54,547 [ERROR] [MainThread] [root/base.py:126]: Failed to execute callback of type 'update_label' with args: []
Traceback (most recent call last):
  File "D:\a\yasb\yasb\src\core\widgets\base.py", line 124, in _run_callback
  File "D:\a\yasb\yasb\src\core\widgets\yasb\libre_monitor.py", line 206, in _update_label
TypeError: float() argument must be a string or a real number, not 'NoneType'
2026-07-26 14:16:33,141 [ERROR] [MainThread] [root/base.py:126]: Failed to execute callback of type 'update_label' with args: []
Traceback (most recent call last):
  File "D:\a\yasb\yasb\src\core\widgets\base.py", line 124, in _run_callback
  File "D:\a\yasb\yasb\src\core\widgets\yasb\libre_monitor.py", line 206, in _update_label
TypeError: float() argument must be a string or a real number, not 'NoneType'
2026-07-26 14:33:01,413 [ERROR] [MainThread] [root/base.py:126]: Failed to execute callback of type 'update_label' with args: []
Traceback (most recent call last):
  File "D:\a\yasb\yasb\src\core\widgets\base.py", line 124, in _run_callback
  File "D:\a\yasb\yasb\src\core\widgets\yasb\libre_monitor.py", line 206, in _update_label
TypeError: float() argument must be a string or a real number, not 'NoneType'
2026-07-26 14:35:37,437 [ERROR] [MainThread] [root/base.py:126]: Failed to execute callback of type 'update_label' with args: []
Traceback (most recent call last):
  File "D:\a\yasb\yasb\src\core\widgets\base.py", line 124, in _run_callback
  File "D:\a\yasb\yasb\src\core\widgets\yasb\libre_monitor.py", line 206, in _update_label
TypeError: float() argument must be a string or a real number, not 'NoneType'
2026-07-26 14:46:09,765 [ERROR] [SystrayMonitor] [root/app_icons.py:282]: GetIconInfo failed: 0
2026-07-26 14:46:11,543 [ERROR] [MainThread] [root/base.py:126]: Failed to execute callback of type 'update_label' with args: []
Traceback (most recent call last):
  File "D:\a\yasb\yasb\src\core\widgets\base.py", line 124, in _run_callback
  File "D:\a\yasb\yasb\src\core\widgets\yasb\libre_monitor.py", line 206, in _update_label
TypeError: float() argument must be a string or a real number, not 'NoneType'
2026-07-26 15:36:02,694 [ERROR] [MainThread] [root/base.py:126]: Failed to execute callback of type 'update_label' with args: []
Traceback (most recent call last):
  File "D:\a\yasb\yasb\src\core\widgets\base.py", line 124, in _run_callback
  File "D:\a\yasb\yasb\src\core\widgets\yasb\libre_monitor.py", line 206, in _update_label
TypeError: float() argument must be a string or a real number, not 'NoneType'
2026-07-26 16:43:34,364 [ERROR] [MainThread] [root/base.py:126]: Failed to execute callback of type 'update_label' with args: []
Traceback (most recent call last):
  File "D:\a\yasb\yasb\src\core\widgets\base.py", line 124, in _run_callback
  File "D:\a\yasb\yasb\src\core\widgets\yasb\libre_monitor.py", line 206, in _update_label
TypeError: float() argument must be a string or a real number, not 'NoneType'
2026-07-26 17:35:05,465 [ERROR] [MainThread] [root/base.py:126]: Failed to execute callback of type 'update_label' with args: []
Traceback (most recent call last):
  File "D:\a\yasb\yasb\src\core\widgets\base.py", line 124, in _run_callback
  File "D:\a\yasb\yasb\src\core\widgets\yasb\libre_monitor.py", line 206, in _update_label
TypeError: float() argument must be a string or a real number, not 'NoneType'
2026-07-26 17:37:23,498 [ERROR] [MainThread] [root/base.py:126]: Failed to execute callback of type 'update_label' with args: []
Traceback (most recent call last):
  File "D:\a\yasb\yasb\src\core\widgets\base.py", line 124, in _run_callback
  File "D:\a\yasb\yasb\src\core\widgets\yasb\libre_monitor.py", line 206, in _update_label
TypeError: float() argument must be a string or a real number, not 'NoneType'
2026-07-26 17:38:33,496 [ERROR] [MainThread] [root/base.py:126]: Failed to execute callback of type 'update_label' with args: []
Traceback (most recent call last):
  File "D:\a\yasb\yasb\src\core\widgets\base.py", line 124, in _run_callback
  File "D:\a\yasb\yasb\src\core\widgets\yasb\libre_monitor.py", line 206, in _update_label
TypeError: float() argument must be a string or a real number, not 'NoneType'
2026-07-26 17:39:19,513 [ERROR] [MainThread] [root/base.py:126]: Failed to execute callback of type 'update_label' with args: []
Traceback (most recent call last):
  File "D:\a\yasb\yasb\src\core\widgets\base.py", line 124, in _run_callback
  File "D:\a\yasb\yasb\src\core\widgets\yasb\libre_monitor.py", line 206, in _update_label
TypeError: float() argument must be a string or a real number, not 'NoneType'
2026-07-26 17:39:43,517 [ERROR] [MainThread] [root/base.py:126]: Failed to execute callback of type 'update_label' with args: []
Traceback (most recent call last):
  File "D:\a\yasb\yasb\src\core\widgets\base.py", line 124, in _run_callback
  File "D:\a\yasb\yasb\src\core\widgets\yasb\libre_monitor.py", line 206, in _update_label
TypeError: float() argument must be a string or a real number, not 'NoneType'
2026-07-26 18:25:37,140 [ERROR] [MainThread] [root/base.py:126]: Failed to execute callback of type 'update_label' with args: []
Traceback (most recent call last):
  File "D:\a\yasb\yasb\src\core\widgets\base.py", line 124, in _run_callback
  File "D:\a\yasb\yasb\src\core\widgets\yasb\libre_monitor.py", line 206, in _update_label
TypeError: float() argument must be a string or a real number, not 'NoneType'
2026-07-26 20:01:51,073 [INFO] [MainThread] [root/log.py:104]: YASB v2.0.5
2026-07-26 20:01:51,075 [INFO] [CLIPipeServer] [cli_server/cli_server.py:216]: CLI server started v1.1.7
2026-07-26 20:01:51,075 [INFO] [MainThread] [cli_server/cli_server.py:106]: Log pipe server started
2026-07-26 20:01:51,191 [WARNING] [MainThread] [deprecation/deprecation.py:136]: [DEPRECATED] BarAlignment: 'center' - Use 'align' instead.
2026-07-26 20:01:51,191 [WARNING] [MainThread] [deprecation/deprecation.py:136]: [DEPRECATED] BarBlurEffect: 'acrylic' - No longer supported and can be removed from the config.
2026-07-26 20:01:51,252 [WARNING] [MainThread] [deprecation/deprecation.py:136]: [DEPRECATED] GrouperWidgetConfig: 'container_padding' - Use CSS padding instead.
2026-07-26 20:01:51,346 [WARNING] [MainThread] [deprecation/deprecation.py:136]: [DEPRECATED] KomorebiWorkspacesConfig: 'animation' - Use CSS animations instead.
2026-07-26 20:01:51,350 [WARNING] [MainThread] [deprecation/deprecation.py:136]: [DEPRECATED] GrouperWidgetConfig: 'container_padding' - Use CSS padding instead.
2026-07-26 20:01:51,362 [WARNING] [MainThread] [deprecation/deprecation.py:136]: [DEPRECATED] GrouperWidgetConfig: 'container_padding' - Use CSS padding instead.
2026-07-26 20:01:51,840 [WARNING] [MainThread] [deprecation/deprecation.py:136]: [DEPRECATED] GrouperWidgetConfig: 'container_padding' - Use CSS padding instead.
2026-07-26 20:01:51,917 [ERROR] [MainThread] [root/traffic_manager.py:163]: Error loading traffic data for interface auto: Expecting value: line 1 column 1 (char 0)
2026-07-26 20:01:51,949 [WARNING] [MainThread] [deprecation/deprecation.py:136]: [DEPRECATED] OpenMeteoWidgetConfig: 'label_shadow' - Use CSS text-shadow instead.
2026-07-26 20:01:52,051 [WARNING] [MainThread] [deprecation/deprecation.py:136]: [DEPRECATED] GrouperWidgetConfig: 'container_padding' - Use CSS padding instead.
2026-07-26 20:01:52,079 [WARNING] [MainThread] [deprecation/deprecation.py:140]: [DEPRECATED] VolumeConfig: 'volume_icons' renamed to 'icons' - Use 'icons' with the dictionary format instead.
2026-07-26 20:01:52,079 [WARNING] [MainThread] [deprecation/deprecation.py:136]: [DEPRECATED] VolumeConfig: 'container_padding' - Use CSS padding instead.
2026-07-26 20:01:52,101 [INFO] [MainThread] [root/service.py:52]: AudioOutputService starting...
2026-07-26 20:01:52,151 [INFO] [MainThread] [root/service.py:41]: AudioInputService starting...
2026-07-26 20:01:52,184 [WARNING] [MainThread] [deprecation/deprecation.py:136]: [DEPRECATED] NotificationsConfig: 'container_padding' - Use CSS padding instead.
2026-07-26 20:01:52,203 [WARNING] [MainThread] [deprecation/deprecation.py:136]: [DEPRECATED] PowerMenuConfig: 'container_padding' - Use CSS padding instead.
2026-07-26 20:01:52,423 [INFO] [MainThread] [root/bar_manager.py:103]: Starting SystemEventListener...
2026-07-26 20:01:52,423 [INFO] [MainThread] [root/bar_manager.py:103]: Starting WindowsNotificationEventListener...
2026-07-26 20:01:52,423 [INFO] [MainThread] [root/bar_manager.py:103]: Starting KomorebiEventListener...
2026-07-26 20:01:52,425 [INFO] [Dummy-5] [root/event_listener.py:54]: Created named pipe yasb-2bd813d5-88f2-11f1-a539-001a7dda7113
2026-07-26 20:01:52,429 [INFO] [MainThread] [root/watcher.py:65]: Watching directory: c:\users\raven\.config\yasb
2026-07-26 20:01:52,429 [INFO] [MainThread] [root/watcher.py:104]: Created file watcher
2026-07-26 20:01:52,466 [INFO] [MainThread] [root/update_service.py:434]: Background update checker started
2026-07-26 20:01:52,530 [WARNING] [Dummy-5] [root/event_listener.py:134]: Komorebi failed to subscribe named pipe. Komorebi is not running, please start Komorebi.
2026-07-26 20:02:02,748 [INFO] [Dummy-5] [root/event_listener.py:147]: Komorebi connected to named pipe: yasb-2bd813d5-88f2-11f1-a539-001a7dda7113
2026-07-26 20:03:13,966 [ERROR] [MainThread] [root/base.py:126]: Failed to execute callback of type 'update_label' with args: []
Traceback (most recent call last):
  File "D:\a\yasb\yasb\src\core\widgets\base.py", line 124, in _run_callback
  File "D:\a\yasb\yasb\src\core\widgets\yasb\libre_monitor.py", line 206, in _update_label
TypeError: float() argument must be a string or a real number, not 'NoneType'
2026-07-26 20:11:44,099 [ERROR] [MainThread] [root/base.py:126]: Failed to execute callback of type 'update_label' with args: []
Traceback (most recent call last):
  File "D:\a\yasb\yasb\src\core\widgets\base.py", line 124, in _run_callback
  File "D:\a\yasb\yasb\src\core\widgets\yasb\libre_monitor.py", line 206, in _update_label
TypeError: float() argument must be a string or a real number, not 'NoneType'
2026-07-26 20:11:48,088 [ERROR] [MainThread] [root/base.py:126]: Failed to execute callback of type 'update_label' with args: []
Traceback (most recent call last):
  File "D:\a\yasb\yasb\src\core\widgets\base.py", line 124, in _run_callback
  File "D:\a\yasb\yasb\src\core\widgets\yasb\libre_monitor.py", line 206, in _update_label
TypeError: float() argument must be a string or a real number, not 'NoneType'
2026-07-26 20:18:26,133 [ERROR] [MainThread] [root/base.py:126]: Failed to execute callback of type 'update_label' with args: []
Traceback (most recent call last):
  File "D:\a\yasb\yasb\src\core\widgets\base.py", line 124, in _run_callback
  File "D:\a\yasb\yasb\src\core\widgets\yasb\libre_monitor.py", line 206, in _update_label
TypeError: float() argument must be a string or a real number, not 'NoneType'
2026-07-28 00:59:44,475 [INFO] [MainThread] [root/controller.py:43]: Exiting Application...
2026-07-28 00:59:44,575 [INFO] [MainThread] [cli_server/cli_server.py:114]: Log pipe server stopped
2026-07-28 00:59:44,844 [INFO] [MainThread] [root/bar_manager.py:119]: Stopping SystemEventListener...
2026-07-28 00:59:44,848 [INFO] [MainThread] [root/bar_manager.py:119]: Stopping WindowsNotificationEventListener...
2026-07-28 00:59:44,851 [INFO] [MainThread] [root/bar_manager.py:119]: Stopping KomorebiEventListener...
2026-07-28 11:01:32,905 [INFO] [MainThread] [root/log.py:104]: YASB v2.0.5
2026-07-28 11:01:32,906 [INFO] [CLIPipeServer] [cli_server/cli_server.py:216]: CLI server started v1.1.7
2026-07-28 11:01:32,906 [INFO] [MainThread] [cli_server/cli_server.py:106]: Log pipe server started
2026-07-28 11:01:33,030 [WARNING] [MainThread] [deprecation/deprecation.py:136]: [DEPRECATED] BarAlignment: 'center' - Use 'align' instead.
2026-07-28 11:01:33,030 [WARNING] [MainThread] [deprecation/deprecation.py:136]: [DEPRECATED] BarBlurEffect: 'acrylic' - No longer supported and can be removed from the config.
2026-07-28 11:01:33,085 [WARNING] [MainThread] [deprecation/deprecation.py:136]: [DEPRECATED] GrouperWidgetConfig: 'container_padding' - Use CSS padding instead.
2026-07-28 11:01:33,168 [WARNING] [MainThread] [deprecation/deprecation.py:136]: [DEPRECATED] KomorebiWorkspacesConfig: 'animation' - Use CSS animations instead.
2026-07-28 11:01:33,172 [WARNING] [MainThread] [deprecation/deprecation.py:136]: [DEPRECATED] GrouperWidgetConfig: 'container_padding' - Use CSS padding instead.
2026-07-28 11:01:33,184 [WARNING] [MainThread] [deprecation/deprecation.py:136]: [DEPRECATED] GrouperWidgetConfig: 'container_padding' - Use CSS padding instead.
2026-07-28 11:01:33,766 [WARNING] [MainThread] [deprecation/deprecation.py:136]: [DEPRECATED] GrouperWidgetConfig: 'container_padding' - Use CSS padding instead.
2026-07-28 11:01:33,875 [WARNING] [MainThread] [deprecation/deprecation.py:136]: [DEPRECATED] OpenMeteoWidgetConfig: 'label_shadow' - Use CSS text-shadow instead.
2026-07-28 11:01:33,976 [WARNING] [MainThread] [deprecation/deprecation.py:136]: [DEPRECATED] GrouperWidgetConfig: 'container_padding' - Use CSS padding instead.
2026-07-28 11:01:34,005 [WARNING] [MainThread] [deprecation/deprecation.py:140]: [DEPRECATED] VolumeConfig: 'volume_icons' renamed to 'icons' - Use 'icons' with the dictionary format instead.
2026-07-28 11:01:34,006 [WARNING] [MainThread] [deprecation/deprecation.py:136]: [DEPRECATED] VolumeConfig: 'container_padding' - Use CSS padding instead.
2026-07-28 11:01:34,028 [INFO] [MainThread] [root/service.py:52]: AudioOutputService starting...
2026-07-28 11:01:34,079 [INFO] [MainThread] [root/service.py:41]: AudioInputService starting...
2026-07-28 11:01:34,113 [WARNING] [MainThread] [deprecation/deprecation.py:136]: [DEPRECATED] NotificationsConfig: 'container_padding' - Use CSS padding instead.
2026-07-28 11:01:34,132 [WARNING] [MainThread] [deprecation/deprecation.py:136]: [DEPRECATED] PowerMenuConfig: 'container_padding' - Use CSS padding instead.
2026-07-28 11:01:34,261 [INFO] [MainThread] [root/bar_manager.py:103]: Starting SystemEventListener...
2026-07-28 11:01:34,261 [INFO] [MainThread] [root/bar_manager.py:103]: Starting KomorebiEventListener...
2026-07-28 11:01:34,261 [INFO] [MainThread] [root/bar_manager.py:103]: Starting WindowsNotificationEventListener...
2026-07-28 11:01:34,262 [INFO] [Dummy-5] [root/event_listener.py:54]: Created named pipe yasb-05f08ce1-8a39-11f1-be52-001a7dda7113
2026-07-28 11:01:34,263 [INFO] [MainThread] [root/watcher.py:65]: Watching directory: c:\users\raven\.config\yasb
2026-07-28 11:01:34,264 [INFO] [MainThread] [root/watcher.py:104]: Created file watcher
2026-07-28 11:01:34,294 [INFO] [MainThread] [root/update_service.py:434]: Background update checker started
2026-07-28 11:01:34,362 [WARNING] [Dummy-5] [root/event_listener.py:134]: Komorebi failed to subscribe named pipe. Komorebi is not running, please start Komorebi.
2026-07-28 11:01:44,588 [INFO] [Dummy-5] [root/event_listener.py:147]: Komorebi connected to named pipe: yasb-05f08ce1-8a39-11f1-be52-001a7dda7113
2026-07-28 11:50:54,310 [ERROR] [MainThread] [root/base.py:126]: Failed to execute callback of type 'update_label' with args: []
Traceback (most recent call last):
  File "D:\a\yasb\yasb\src\core\widgets\base.py", line 124, in _run_callback
  File "D:\a\yasb\yasb\src\core\widgets\yasb\libre_monitor.py", line 206, in _update_label
TypeError: float() argument must be a string or a real number, not 'NoneType'
2026-07-28 11:51:24,319 [ERROR] [MainThread] [root/base.py:126]: Failed to execute callback of type 'update_label' with args: []
Traceback (most recent call last):
  File "D:\a\yasb\yasb\src\core\widgets\base.py", line 124, in _run_callback
  File "D:\a\yasb\yasb\src\core\widgets\yasb\libre_monitor.py", line 206, in _update_label
TypeError: float() argument must be a string or a real number, not 'NoneType'
2026-07-28 11:53:52,351 [ERROR] [MainThread] [root/base.py:126]: Failed to execute callback of type 'update_label' with args: []
Traceback (most recent call last):
  File "D:\a\yasb\yasb\src\core\widgets\base.py", line 124, in _run_callback
  File "D:\a\yasb\yasb\src\core\widgets\yasb\libre_monitor.py", line 206, in _update_label
TypeError: float() argument must be a string or a real number, not 'NoneType'
2026-07-28 12:21:52,571 [ERROR] [MainThread] [root/base.py:126]: Failed to execute callback of type 'update_label' with args: []
Traceback (most recent call last):
  File "D:\a\yasb\yasb\src\core\widgets\base.py", line 124, in _run_callback
  File "D:\a\yasb\yasb\src\core\widgets\yasb\libre_monitor.py", line 206, in _update_label
TypeError: float() argument must be a string or a real number, not 'NoneType'
2026-07-28 13:14:24,965 [INFO] [MainThread] [root/controller.py:43]: Exiting Application...
2026-07-28 13:14:25,072 [INFO] [MainThread] [cli_server/cli_server.py:114]: Log pipe server stopped
2026-07-28 13:14:25,293 [INFO] [MainThread] [root/bar_manager.py:119]: Stopping SystemEventListener...
2026-07-28 13:14:25,298 [INFO] [MainThread] [root/bar_manager.py:119]: Stopping KomorebiEventListener...
2026-07-28 13:14:25,300 [INFO] [MainThread] [root/bar_manager.py:119]: Stopping WindowsNotificationEventListener...
2026-07-28 13:15:38,669 [INFO] [MainThread] [root/log.py:104]: YASB v2.0.5
2026-07-28 13:15:38,670 [INFO] [CLIPipeServer] [cli_server/cli_server.py:216]: CLI server started v1.1.7
2026-07-28 13:15:38,670 [INFO] [MainThread] [cli_server/cli_server.py:106]: Log pipe server started
2026-07-28 13:15:38,775 [WARNING] [MainThread] [deprecation/deprecation.py:136]: [DEPRECATED] BarAlignment: 'center' - Use 'align' instead.
2026-07-28 13:15:38,775 [WARNING] [MainThread] [deprecation/deprecation.py:136]: [DEPRECATED] BarBlurEffect: 'acrylic' - No longer supported and can be removed from the config.
2026-07-28 13:15:38,830 [WARNING] [MainThread] [deprecation/deprecation.py:136]: [DEPRECATED] GrouperWidgetConfig: 'container_padding' - Use CSS padding instead.
2026-07-28 13:15:38,911 [WARNING] [MainThread] [deprecation/deprecation.py:136]: [DEPRECATED] KomorebiWorkspacesConfig: 'animation' - Use CSS animations instead.
2026-07-28 13:15:38,915 [WARNING] [MainThread] [deprecation/deprecation.py:136]: [DEPRECATED] GrouperWidgetConfig: 'container_padding' - Use CSS padding instead.
2026-07-28 13:15:38,927 [WARNING] [MainThread] [deprecation/deprecation.py:136]: [DEPRECATED] GrouperWidgetConfig: 'container_padding' - Use CSS padding instead.
2026-07-28 13:15:39,505 [WARNING] [MainThread] [deprecation/deprecation.py:136]: [DEPRECATED] GrouperWidgetConfig: 'container_padding' - Use CSS padding instead.
2026-07-28 13:15:39,616 [WARNING] [MainThread] [deprecation/deprecation.py:136]: [DEPRECATED] OpenMeteoWidgetConfig: 'label_shadow' - Use CSS text-shadow instead.
2026-07-28 13:15:39,719 [WARNING] [MainThread] [deprecation/deprecation.py:136]: [DEPRECATED] GrouperWidgetConfig: 'container_padding' - Use CSS padding instead.
2026-07-28 13:15:39,748 [WARNING] [MainThread] [deprecation/deprecation.py:140]: [DEPRECATED] VolumeConfig: 'volume_icons' renamed to 'icons' - Use 'icons' with the dictionary format instead.
2026-07-28 13:15:39,748 [WARNING] [MainThread] [deprecation/deprecation.py:136]: [DEPRECATED] VolumeConfig: 'container_padding' - Use CSS padding instead.
2026-07-28 13:15:39,771 [INFO] [MainThread] [root/service.py:52]: AudioOutputService starting...
2026-07-28 13:15:39,822 [INFO] [MainThread] [root/service.py:41]: AudioInputService starting...
2026-07-28 13:15:39,855 [WARNING] [MainThread] [deprecation/deprecation.py:136]: [DEPRECATED] NotificationsConfig: 'container_padding' - Use CSS padding instead.
2026-07-28 13:15:39,873 [WARNING] [MainThread] [deprecation/deprecation.py:136]: [DEPRECATED] PowerMenuConfig: 'container_padding' - Use CSS padding instead.
2026-07-28 13:15:40,058 [INFO] [MainThread] [root/bar_manager.py:103]: Starting SystemEventListener...
2026-07-28 13:15:40,059 [INFO] [MainThread] [root/bar_manager.py:103]: Starting KomorebiEventListener...
2026-07-28 13:15:40,059 [INFO] [MainThread] [root/bar_manager.py:103]: Starting WindowsNotificationEventListener...
2026-07-28 13:15:40,060 [INFO] [Dummy-6] [root/event_listener.py:54]: Created named pipe yasb-c19bdc82-8a4b-11f1-abc7-001a7dda7113
2026-07-28 13:15:40,061 [INFO] [MainThread] [root/watcher.py:65]: Watching directory: c:\users\raven\.config\yasb
2026-07-28 13:15:40,061 [INFO] [MainThread] [root/watcher.py:104]: Created file watcher
2026-07-28 13:15:40,096 [INFO] [MainThread] [root/update_service.py:434]: Background update checker started
2026-07-28 13:15:40,157 [WARNING] [Dummy-6] [root/event_listener.py:134]: Komorebi failed to subscribe named pipe. Komorebi is not running, please start Komorebi.
2026-07-28 13:15:50,348 [INFO] [Dummy-6] [root/event_listener.py:147]: Komorebi connected to named pipe: yasb-c19bdc82-8a4b-11f1-abc7-001a7dda7113
2026-07-28 13:20:05,578 [INFO] [MainThread] [root/controller.py:43]: Exiting Application...
2026-07-28 13:20:05,690 [INFO] [MainThread] [cli_server/cli_server.py:114]: Log pipe server stopped
2026-07-28 13:20:05,912 [INFO] [MainThread] [root/bar_manager.py:119]: Stopping SystemEventListener...
2026-07-28 13:20:05,929 [INFO] [MainThread] [root/bar_manager.py:119]: Stopping KomorebiEventListener...
2026-07-28 13:20:05,931 [INFO] [MainThread] [root/bar_manager.py:119]: Stopping WindowsNotificationEventListener...
2026-07-28 13:21:24,561 [INFO] [MainThread] [root/log.py:104]: YASB v2.0.5
2026-07-28 13:21:24,563 [INFO] [CLIPipeServer] [cli_server/cli_server.py:216]: CLI server started v1.1.7
2026-07-28 13:21:24,563 [INFO] [MainThread] [cli_server/cli_server.py:106]: Log pipe server started
2026-07-28 13:21:24,670 [WARNING] [MainThread] [deprecation/deprecation.py:136]: [DEPRECATED] BarAlignment: 'center' - Use 'align' instead.
2026-07-28 13:21:24,670 [WARNING] [MainThread] [deprecation/deprecation.py:136]: [DEPRECATED] BarBlurEffect: 'acrylic' - No longer supported and can be removed from the config.
2026-07-28 13:21:24,725 [WARNING] [MainThread] [deprecation/deprecation.py:136]: [DEPRECATED] GrouperWidgetConfig: 'container_padding' - Use CSS padding instead.
2026-07-28 13:21:24,806 [WARNING] [MainThread] [deprecation/deprecation.py:136]: [DEPRECATED] KomorebiWorkspacesConfig: 'animation' - Use CSS animations instead.
2026-07-28 13:21:24,810 [WARNING] [MainThread] [deprecation/deprecation.py:136]: [DEPRECATED] GrouperWidgetConfig: 'container_padding' - Use CSS padding instead.
2026-07-28 13:21:24,822 [WARNING] [MainThread] [deprecation/deprecation.py:136]: [DEPRECATED] GrouperWidgetConfig: 'container_padding' - Use CSS padding instead.
2026-07-28 13:21:25,398 [WARNING] [MainThread] [deprecation/deprecation.py:136]: [DEPRECATED] GrouperWidgetConfig: 'container_padding' - Use CSS padding instead.
2026-07-28 13:21:25,507 [WARNING] [MainThread] [deprecation/deprecation.py:136]: [DEPRECATED] OpenMeteoWidgetConfig: 'label_shadow' - Use CSS text-shadow instead.
2026-07-28 13:21:25,611 [WARNING] [MainThread] [deprecation/deprecation.py:136]: [DEPRECATED] GrouperWidgetConfig: 'container_padding' - Use CSS padding instead.
2026-07-28 13:21:25,640 [WARNING] [MainThread] [deprecation/deprecation.py:140]: [DEPRECATED] VolumeConfig: 'volume_icons' renamed to 'icons' - Use 'icons' with the dictionary format instead.
2026-07-28 13:21:25,640 [WARNING] [MainThread] [deprecation/deprecation.py:136]: [DEPRECATED] VolumeConfig: 'container_padding' - Use CSS padding instead.
2026-07-28 13:21:25,662 [INFO] [MainThread] [root/service.py:52]: AudioOutputService starting...
2026-07-28 13:21:25,713 [INFO] [MainThread] [root/service.py:41]: AudioInputService starting...
2026-07-28 13:21:25,746 [WARNING] [MainThread] [deprecation/deprecation.py:136]: [DEPRECATED] NotificationsConfig: 'container_padding' - Use CSS padding instead.
2026-07-28 13:21:25,764 [WARNING] [MainThread] [deprecation/deprecation.py:136]: [DEPRECATED] PowerMenuConfig: 'container_padding' - Use CSS padding instead.
2026-07-28 13:21:25,938 [INFO] [MainThread] [root/bar_manager.py:103]: Starting KomorebiEventListener...
2026-07-28 13:21:25,938 [INFO] [MainThread] [root/bar_manager.py:103]: Starting WindowsNotificationEventListener...
2026-07-28 13:21:25,939 [INFO] [MainThread] [root/bar_manager.py:103]: Starting SystemEventListener...
2026-07-28 13:21:25,939 [INFO] [Dummy-5] [root/event_listener.py:54]: Created named pipe yasb-8fc4e1b4-8a4c-11f1-aa7f-001a7dda7113
2026-07-28 13:21:25,942 [INFO] [MainThread] [root/watcher.py:65]: Watching directory: c:\users\raven\.config\yasb
2026-07-28 13:21:25,942 [INFO] [MainThread] [root/watcher.py:104]: Created file watcher
2026-07-28 13:21:25,979 [INFO] [MainThread] [root/update_service.py:434]: Background update checker started
2026-07-28 13:21:26,040 [WARNING] [Dummy-5] [root/event_listener.py:134]: Komorebi failed to subscribe named pipe. Komorebi is not running, please start Komorebi.
2026-07-28 13:21:36,243 [INFO] [Dummy-5] [root/event_listener.py:147]: Komorebi connected to named pipe: yasb-8fc4e1b4-8a4c-11f1-aa7f-001a7dda7113
2026-07-28 14:28:20,130 [ERROR] [MainThread] [root/base.py:126]: Failed to execute callback of type 'update_label' with args: []
Traceback (most recent call last):
  File "D:\a\yasb\yasb\src\core\widgets\base.py", line 124, in _run_callback
  File "D:\a\yasb\yasb\src\core\widgets\yasb\libre_monitor.py", line 206, in _update_label
TypeError: float() argument must be a string or a real number, not 'NoneType'
2026-07-28 15:58:31,207 [ERROR] [MainThread] [root/base.py:126]: Failed to execute callback of type 'update_label' with args: []
Traceback (most recent call last):
  File "D:\a\yasb\yasb\src\core\widgets\base.py", line 124, in _run_callback
  File "D:\a\yasb\yasb\src\core\widgets\yasb\libre_monitor.py", line 206, in _update_label
TypeError: float() argument must be a string or a real number, not 'NoneType'
2026-07-28 15:59:47,240 [ERROR] [MainThread] [root/base.py:126]: Failed to execute callback of type 'update_label' with args: []
Traceback (most recent call last):
  File "D:\a\yasb\yasb\src\core\widgets\base.py", line 124, in _run_callback
  File "D:\a\yasb\yasb\src\core\widgets\yasb\libre_monitor.py", line 206, in _update_label
TypeError: float() argument must be a string or a real number, not 'NoneType'
2026-07-28 16:00:35,261 [ERROR] [MainThread] [root/base.py:126]: Failed to execute callback of type 'update_label' with args: []
Traceback (most recent call last):
  File "D:\a\yasb\yasb\src\core\widgets\base.py", line 124, in _run_callback
  File "D:\a\yasb\yasb\src\core\widgets\yasb\libre_monitor.py", line 206, in _update_label
TypeError: float() argument must be a string or a real number, not 'NoneType'
2026-07-28 16:17:01,635 [ERROR] [MainThread] [root/base.py:126]: Failed to execute callback of type 'update_label' with args: []
Traceback (most recent call last):
  File "D:\a\yasb\yasb\src\core\widgets\base.py", line 124, in _run_callback
  File "D:\a\yasb\yasb\src\core\widgets\yasb\libre_monitor.py", line 206, in _update_label
TypeError: float() argument must be a string or a real number, not 'NoneType'
2026-07-28 16:17:43,637 [ERROR] [MainThread] [root/base.py:126]: Failed to execute callback of type 'update_label' with args: []
Traceback (most recent call last):
  File "D:\a\yasb\yasb\src\core\widgets\base.py", line 124, in _run_callback
  File "D:\a\yasb\yasb\src\core\widgets\yasb\libre_monitor.py", line 206, in _update_label
TypeError: float() argument must be a string or a real number, not 'NoneType'
2026-07-28 17:40:42,845 [ERROR] [MainThread] [root/base.py:126]: Failed to execute callback of type 'update_label' with args: []
Traceback (most recent call last):
  File "D:\a\yasb\yasb\src\core\widgets\base.py", line 124, in _run_callback
  File "D:\a\yasb\yasb\src\core\widgets\yasb\libre_monitor.py", line 206, in _update_label
TypeError: float() argument must be a string or a real number, not 'NoneType'
2026-07-28 17:56:34,253 [ERROR] [SystrayMonitor] [root/app_icons.py:282]: GetIconInfo failed: 0
2026-07-28 17:56:34,302 [ERROR] [SystrayMonitor] [root/app_icons.py:282]: GetIconInfo failed: 0
2026-07-28 18:01:37,135 [ERROR] [MainThread] [open_meteo/api.py:105]: No internet connection or host not found. Unable to fetch weather.
2026-07-28 18:01:37,135 [WARNING] [MainThread] [root/open_meteo.py:865]: Error processing Open-Meteo data: Weather data is empty.
2026-07-28 18:01:58,211 [ERROR] [MainThread] [open_meteo/api.py:105]: No internet connection or host not found. Unable to fetch weather.
2026-07-28 18:01:58,212 [WARNING] [MainThread] [root/open_meteo.py:865]: Error processing Open-Meteo data: Weather data is empty.
2026-07-28 18:38:54,870 [ERROR] [MainThread] [root/base.py:126]: Failed to execute callback of type 'update_label' with args: []
Traceback (most recent call last):
  File "D:\a\yasb\yasb\src\core\widgets\base.py", line 124, in _run_callback
  File "D:\a\yasb\yasb\src\core\widgets\yasb\libre_monitor.py", line 206, in _update_label
TypeError: float() argument must be a string or a real number, not 'NoneType'
2026-07-28 18:39:24,870 [ERROR] [MainThread] [root/base.py:126]: Failed to execute callback of type 'update_label' with args: []
Traceback (most recent call last):
  File "D:\a\yasb\yasb\src\core\widgets\base.py", line 124, in _run_callback
  File "D:\a\yasb\yasb\src\core\widgets\yasb\libre_monitor.py", line 206, in _update_label
TypeError: float() argument must be a string or a real number, not 'NoneType'
2026-07-28 18:39:34,871 [ERROR] [MainThread] [root/base.py:126]: Failed to execute callback of type 'update_label' with args: []
Traceback (most recent call last):
  File "D:\a\yasb\yasb\src\core\widgets\base.py", line 124, in _run_callback
  File "D:\a\yasb\yasb\src\core\widgets\yasb\libre_monitor.py", line 206, in _update_label
TypeError: float() argument must be a string or a real number, not 'NoneType'
2026-07-28 18:39:36,870 [ERROR] [MainThread] [root/base.py:126]: Failed to execute callback of type 'update_label' with args: []
Traceback (most recent call last):
  File "D:\a\yasb\yasb\src\core\widgets\base.py", line 124, in _run_callback
  File "D:\a\yasb\yasb\src\core\widgets\yasb\libre_monitor.py", line 206, in _update_label
TypeError: float() argument must be a string or a real number, not 'NoneType'
2026-07-28 18:39:46,872 [ERROR] [MainThread] [root/base.py:126]: Failed to execute callback of type 'update_label' with args: []
Traceback (most recent call last):
  File "D:\a\yasb\yasb\src\core\widgets\base.py", line 124, in _run_callback
  File "D:\a\yasb\yasb\src\core\widgets\yasb\libre_monitor.py", line 206, in _update_label
TypeError: float() argument must be a string or a real number, not 'NoneType'
2026-07-28 18:40:48,869 [ERROR] [MainThread] [root/base.py:126]: Failed to execute callback of type 'update_label' with args: []
Traceback (most recent call last):
  File "D:\a\yasb\yasb\src\core\widgets\base.py", line 124, in _run_callback
  File "D:\a\yasb\yasb\src\core\widgets\yasb\libre_monitor.py", line 206, in _update_label
TypeError: float() argument must be a string or a real number, not 'NoneType'
2026-07-28 18:41:20,866 [ERROR] [MainThread] [root/base.py:126]: Failed to execute callback of type 'update_label' with args: []
Traceback (most recent call last):
  File "D:\a\yasb\yasb\src\core\widgets\base.py", line 124, in _run_callback
  File "D:\a\yasb\yasb\src\core\widgets\yasb\libre_monitor.py", line 206, in _update_label
TypeError: float() argument must be a string or a real number, not 'NoneType'
2026-07-28 21:19:21,324 [ERROR] [MainThread] [root/base.py:126]: Failed to execute callback of type 'update_label' with args: []
Traceback (most recent call last):
  File "D:\a\yasb\yasb\src\core\widgets\base.py", line 124, in _run_callback
  File "D:\a\yasb\yasb\src\core\widgets\yasb\libre_monitor.py", line 206, in _update_label
TypeError: float() argument must be a string or a real number, not 'NoneType'
2026-07-28 21:23:29,319 [ERROR] [MainThread] [root/base.py:126]: Failed to execute callback of type 'update_label' with args: []
Traceback (most recent call last):
  File "D:\a\yasb\yasb\src\core\widgets\base.py", line 124, in _run_callback
  File "D:\a\yasb\yasb\src\core\widgets\yasb\libre_monitor.py", line 206, in _update_label
TypeError: float() argument must be a string or a real number, not 'NoneType'
2026-07-28 21:23:45,324 [ERROR] [MainThread] [root/base.py:126]: Failed to execute callback of type 'update_label' with args: []
Traceback (most recent call last):
  File "D:\a\yasb\yasb\src\core\widgets\base.py", line 124, in _run_callback
  File "D:\a\yasb\yasb\src\core\widgets\yasb\libre_monitor.py", line 206, in _update_label
TypeError: float() argument must be a string or a real number, not 'NoneType'
2026-07-28 21:24:37,324 [ERROR] [MainThread] [root/base.py:126]: Failed to execute callback of type 'update_label' with args: []
Traceback (most recent call last):
  File "D:\a\yasb\yasb\src\core\widgets\base.py", line 124, in _run_callback
  File "D:\a\yasb\yasb\src\core\widgets\yasb\libre_monitor.py", line 206, in _update_label
TypeError: float() argument must be a string or a real number, not 'NoneType'
2026-07-28 21:25:27,320 [ERROR] [MainThread] [root/base.py:126]: Failed to execute callback of type 'update_label' with args: []
Traceback (most recent call last):
  File "D:\a\yasb\yasb\src\core\widgets\base.py", line 124, in _run_callback
  File "D:\a\yasb\yasb\src\core\widgets\yasb\libre_monitor.py", line 206, in _update_label
TypeError: float() argument must be a string or a real number, not 'NoneType'
2026-07-28 21:25:43,326 [ERROR] [MainThread] [root/base.py:126]: Failed to execute callback of type 'update_label' with args: []
Traceback (most recent call last):
  File "D:\a\yasb\yasb\src\core\widgets\base.py", line 124, in _run_callback
  File "D:\a\yasb\yasb\src\core\widgets\yasb\libre_monitor.py", line 206, in _update_label
TypeError: float() argument must be a string or a real number, not 'NoneType'
2026-07-28 21:25:51,324 [ERROR] [MainThread] [root/base.py:126]: Failed to execute callback of type 'update_label' with args: []
Traceback (most recent call last):
  File "D:\a\yasb\yasb\src\core\widgets\base.py", line 124, in _run_callback
  File "D:\a\yasb\yasb\src\core\widgets\yasb\libre_monitor.py", line 206, in _update_label
TypeError: float() argument must be a string or a real number, not 'NoneType'
2026-07-28 21:26:01,324 [ERROR] [MainThread] [root/base.py:126]: Failed to execute callback of type 'update_label' with args: []
Traceback (most recent call last):
  File "D:\a\yasb\yasb\src\core\widgets\base.py", line 124, in _run_callback
  File "D:\a\yasb\yasb\src\core\widgets\yasb\libre_monitor.py", line 206, in _update_label
TypeError: float() argument must be a string or a real number, not 'NoneType'
2026-07-29 01:15:49,349 [ERROR] [MainThread] [root/base.py:126]: Failed to execute callback of type 'update_label' with args: []
Traceback (most recent call last):
  File "D:\a\yasb\yasb\src\core\widgets\base.py", line 124, in _run_callback
  File "D:\a\yasb\yasb\src\core\widgets\yasb\libre_monitor.py", line 206, in _update_label
TypeError: float() argument must be a string or a real number, not 'NoneType'
2026-07-29 01:21:33,349 [ERROR] [MainThread] [root/base.py:126]: Failed to execute callback of type 'update_label' with args: []
Traceback (most recent call last):
  File "D:\a\yasb\yasb\src\core\widgets\base.py", line 124, in _run_callback
  File "D:\a\yasb\yasb\src\core\widgets\yasb\libre_monitor.py", line 206, in _update_label
TypeError: float() argument must be a string or a real number, not 'NoneType'
2026-07-29 07:57:55,349 [ERROR] [MainThread] [root/base.py:126]: Failed to execute callback of type 'update_label' with args: []
Traceback (most recent call last):
  File "D:\a\yasb\yasb\src\core\widgets\base.py", line 124, in _run_callback
  File "D:\a\yasb\yasb\src\core\widgets\yasb\libre_monitor.py", line 206, in _update_label
TypeError: float() argument must be a string or a real number, not 'NoneType'
2026-07-29 09:39:29,350 [ERROR] [MainThread] [root/base.py:126]: Failed to execute callback of type 'update_label' with args: []
Traceback (most recent call last):
  File "D:\a\yasb\yasb\src\core\widgets\base.py", line 124, in _run_callback
  File "D:\a\yasb\yasb\src\core\widgets\yasb\libre_monitor.py", line 206, in _update_label
TypeError: float() argument must be a string or a real number, not 'NoneType'
2026-07-29 15:26:47,349 [ERROR] [MainThread] [root/base.py:126]: Failed to execute callback of type 'update_label' with args: []
Traceback (most recent call last):
  File "D:\a\yasb\yasb\src\core\widgets\base.py", line 124, in _run_callback
  File "D:\a\yasb\yasb\src\core\widgets\yasb\libre_monitor.py", line 206, in _update_label
TypeError: float() argument must be a string or a real number, not 'NoneType'
2026-07-29 17:21:25,349 [ERROR] [MainThread] [root/base.py:126]: Failed to execute callback of type 'update_label' with args: []
Traceback (most recent call last):
  File "D:\a\yasb\yasb\src\core\widgets\base.py", line 124, in _run_callback
  File "D:\a\yasb\yasb\src\core\widgets\yasb\libre_monitor.py", line 206, in _update_label
TypeError: float() argument must be a string or a real number, not 'NoneType'
2026-07-29 23:58:07,349 [ERROR] [MainThread] [root/base.py:126]: Failed to execute callback of type 'update_label' with args: []
Traceback (most recent call last):
  File "D:\a\yasb\yasb\src\core\widgets\base.py", line 124, in _run_callback
  File "D:\a\yasb\yasb\src\core\widgets\yasb\libre_monitor.py", line 206, in _update_label
TypeError: float() argument must be a string or a real number, not 'NoneType'
2026-07-30 01:32:59,349 [ERROR] [MainThread] [root/base.py:126]: Failed to execute callback of type 'update_label' with args: []
Traceback (most recent call last):
  File "D:\a\yasb\yasb\src\core\widgets\base.py", line 124, in _run_callback
  File "D:\a\yasb\yasb\src\core\widgets\yasb\libre_monitor.py", line 206, in _update_label
TypeError: float() argument must be a string or a real number, not 'NoneType'
2026-07-30 03:30:11,350 [ERROR] [MainThread] [root/base.py:126]: Failed to execute callback of type 'update_label' with args: []
Traceback (most recent call last):
  File "D:\a\yasb\yasb\src\core\widgets\base.py", line 124, in _run_callback
  File "D:\a\yasb\yasb\src\core\widgets\yasb\libre_monitor.py", line 206, in _update_label
TypeError: float() argument must be a string or a real number, not 'NoneType'
2026-07-30 11:53:21,365 [ERROR] [MainThread] [root/base.py:126]: Failed to execute callback of type 'update_label' with args: []
Traceback (most recent call last):
  File "D:\a\yasb\yasb\src\core\widgets\base.py", line 124, in _run_callback
  File "D:\a\yasb\yasb\src\core\widgets\yasb\libre_monitor.py", line 206, in _update_label
TypeError: float() argument must be a string or a real number, not 'NoneType'
2026-07-31 04:39:31,364 [ERROR] [MainThread] [root/base.py:126]: Failed to execute callback of type 'update_label' with args: []
Traceback (most recent call last):
  File "D:\a\yasb\yasb\src\core\widgets\base.py", line 124, in _run_callback
  File "D:\a\yasb\yasb\src\core\widgets\yasb\libre_monitor.py", line 206, in _update_label
TypeError: float() argument must be a string or a real number, not 'NoneType'
2026-08-01 19:57:03,381 [ERROR] [MainThread] [root/base.py:126]: Failed to execute callback of type 'update_label' with args: []
Traceback (most recent call last):
  File "D:\a\yasb\yasb\src\core\widgets\base.py", line 124, in _run_callback
  File "D:\a\yasb\yasb\src\core\widgets\yasb\libre_monitor.py", line 206, in _update_label
TypeError: float() argument must be a string or a real number, not 'NoneType'
2026-08-01 20:04:11,381 [ERROR] [MainThread] [root/base.py:126]: Failed to execute callback of type 'update_label' with args: []
Traceback (most recent call last):
  File "D:\a\yasb\yasb\src\core\widgets\base.py", line 124, in _run_callback
  File "D:\a\yasb\yasb\src\core\widgets\yasb\libre_monitor.py", line 206, in _update_label
TypeError: float() argument must be a string or a real number, not 'NoneType'
2026-08-01 20:17:23,379 [ERROR] [MainThread] [root/base.py:126]: Failed to execute callback of type 'update_label' with args: []
Traceback (most recent call last):
  File "D:\a\yasb\yasb\src\core\widgets\base.py", line 124, in _run_callback
  File "D:\a\yasb\yasb\src\core\widgets\yasb\libre_monitor.py", line 206, in _update_label
TypeError: float() argument must be a string or a real number, not 'NoneType'
2026-08-01 21:10:53,380 [ERROR] [MainThread] [root/base.py:126]: Failed to execute callback of type 'update_label' with args: []
Traceback (most recent call last):
  File "D:\a\yasb\yasb\src\core\widgets\base.py", line 124, in _run_callback
  File "D:\a\yasb\yasb\src\core\widgets\yasb\libre_monitor.py", line 206, in _update_label
TypeError: float() argument must be a string or a real number, not 'NoneType'
2026-08-01 21:59:27,380 [ERROR] [MainThread] [root/base.py:126]: Failed to execute callback of type 'update_label' with args: []
Traceback (most recent call last):
  File "D:\a\yasb\yasb\src\core\widgets\base.py", line 124, in _run_callback
  File "D:\a\yasb\yasb\src\core\widgets\yasb\libre_monitor.py", line 206, in _update_label
TypeError: float() argument must be a string or a real number, not 'NoneType'
2026-08-01 23:38:57,381 [ERROR] [MainThread] [root/base.py:126]: Failed to execute callback of type 'update_label' with args: []
Traceback (most recent call last):
  File "D:\a\yasb\yasb\src\core\widgets\base.py", line 124, in _run_callback
  File "D:\a\yasb\yasb\src\core\widgets\yasb\libre_monitor.py", line 206, in _update_label
TypeError: float() argument must be a string or a real number, not 'NoneType'
2026-08-02 16:20:41,381 [ERROR] [MainThread] [root/base.py:126]: Failed to execute callback of type 'update_label' with args: []
Traceback (most recent call last):
  File "D:\a\yasb\yasb\src\core\widgets\base.py", line 124, in _run_callback
  File "D:\a\yasb\yasb\src\core\widgets\yasb\libre_monitor.py", line 206, in _update_label
TypeError: float() argument must be a string or a real number, not 'NoneType'
2026-08-02 16:21:15,381 [ERROR] [MainThread] [root/base.py:126]: Failed to execute callback of type 'update_label' with args: []
Traceback (most recent call last):
  File "D:\a\yasb\yasb\src\core\widgets\base.py", line 124, in _run_callback
  File "D:\a\yasb\yasb\src\core\widgets\yasb\libre_monitor.py", line 206, in _update_label
TypeError: float() argument must be a string or a real number, not 'NoneType'
2026-08-02 17:27:41,382 [ERROR] [MainThread] [root/base.py:126]: Failed to execute callback of type 'update_label' with args: []
Traceback (most recent call last):
  File "D:\a\yasb\yasb\src\core\widgets\base.py", line 124, in _run_callback
  File "D:\a\yasb\yasb\src\core\widgets\yasb\libre_monitor.py", line 206, in _update_label
TypeError: float() argument must be a string or a real number, not 'NoneType'
2026-08-02 18:43:47,396 [ERROR] [MainThread] [root/base.py:126]: Failed to execute callback of type 'update_label' with args: []
Traceback (most recent call last):
  File "D:\a\yasb\yasb\src\core\widgets\base.py", line 124, in _run_callback
  File "D:\a\yasb\yasb\src\core\widgets\yasb\libre_monitor.py", line 206, in _update_label
TypeError: float() argument must be a string or a real number, not 'NoneType'
2026-08-03 01:00:05,397 [ERROR] [MainThread] [root/base.py:126]: Failed to execute callback of type 'update_label' with args: []
Traceback (most recent call last):
  File "D:\a\yasb\yasb\src\core\widgets\base.py", line 124, in _run_callback
  File "D:\a\yasb\yasb\src\core\widgets\yasb\libre_monitor.py", line 206, in _update_label
TypeError: float() argument must be a string or a real number, not 'NoneType'
2026-08-03 01:48:37,397 [ERROR] [MainThread] [root/base.py:126]: Failed to execute callback of type 'update_label' with args: []
Traceback (most recent call last):
  File "D:\a\yasb\yasb\src\core\widgets\base.py", line 124, in _run_callback
  File "D:\a\yasb\yasb\src\core\widgets\yasb\libre_monitor.py", line 206, in _update_label
TypeError: float() argument must be a string or a real number, not 'NoneType'
2026-08-03 02:17:59,396 [ERROR] [MainThread] [root/base.py:126]: Failed to execute callback of type 'update_label' with args: []
Traceback (most recent call last):
  File "D:\a\yasb\yasb\src\core\widgets\base.py", line 124, in _run_callback
  File "D:\a\yasb\yasb\src\core\widgets\yasb\libre_monitor.py", line 206, in _update_label
TypeError: float() argument must be a string or a real number, not 'NoneType'
2026-08-04 22:57:11,311 [INFO] [MainThread] [root/controller.py:43]: Exiting Application...
2026-08-04 22:57:11,411 [INFO] [MainThread] [cli_server/cli_server.py:114]: Log pipe server stopped
2026-08-04 22:57:11,718 [INFO] [MainThread] [root/bar_manager.py:119]: Stopping KomorebiEventListener...
2026-08-04 22:57:11,723 [INFO] [MainThread] [root/bar_manager.py:119]: Stopping WindowsNotificationEventListener...
2026-08-04 22:57:11,725 [INFO] [MainThread] [root/bar_manager.py:119]: Stopping SystemEventListener...
2026-08-05 10:26:32,844 [INFO] [MainThread] [root/log.py:104]: YASB v2.0.5
2026-08-05 10:26:32,845 [INFO] [CLIPipeServer] [cli_server/cli_server.py:216]: CLI server started v1.1.7
2026-08-05 10:26:32,846 [INFO] [MainThread] [cli_server/cli_server.py:106]: Log pipe server started
2026-08-05 10:26:32,955 [WARNING] [MainThread] [deprecation/deprecation.py:136]: [DEPRECATED] BarAlignment: 'center' - Use 'align' instead.
2026-08-05 10:26:32,955 [WARNING] [MainThread] [deprecation/deprecation.py:136]: [DEPRECATED] BarBlurEffect: 'acrylic' - No longer supported and can be removed from the config.
2026-08-05 10:26:33,014 [WARNING] [MainThread] [deprecation/deprecation.py:136]: [DEPRECATED] GrouperWidgetConfig: 'container_padding' - Use CSS padding instead.
2026-08-05 10:26:33,098 [WARNING] [MainThread] [deprecation/deprecation.py:136]: [DEPRECATED] KomorebiWorkspacesConfig: 'animation' - Use CSS animations instead.
2026-08-05 10:26:33,103 [WARNING] [MainThread] [deprecation/deprecation.py:136]: [DEPRECATED] GrouperWidgetConfig: 'container_padding' - Use CSS padding instead.
2026-08-05 10:26:33,115 [WARNING] [MainThread] [deprecation/deprecation.py:136]: [DEPRECATED] GrouperWidgetConfig: 'container_padding' - Use CSS padding instead.
2026-08-05 10:26:33,703 [WARNING] [MainThread] [deprecation/deprecation.py:136]: [DEPRECATED] GrouperWidgetConfig: 'container_padding' - Use CSS padding instead.
2026-08-05 10:26:33,818 [WARNING] [MainThread] [deprecation/deprecation.py:136]: [DEPRECATED] OpenMeteoWidgetConfig: 'label_shadow' - Use CSS text-shadow instead.
2026-08-05 10:26:33,922 [WARNING] [MainThread] [deprecation/deprecation.py:136]: [DEPRECATED] GrouperWidgetConfig: 'container_padding' - Use CSS padding instead.
2026-08-05 10:26:33,952 [WARNING] [MainThread] [deprecation/deprecation.py:140]: [DEPRECATED] VolumeConfig: 'volume_icons' renamed to 'icons' - Use 'icons' with the dictionary format instead.
2026-08-05 10:26:33,953 [WARNING] [MainThread] [deprecation/deprecation.py:136]: [DEPRECATED] VolumeConfig: 'container_padding' - Use CSS padding instead.
2026-08-05 10:26:33,974 [INFO] [MainThread] [root/service.py:52]: AudioOutputService starting...
2026-08-05 10:26:34,027 [INFO] [MainThread] [root/service.py:41]: AudioInputService starting...
2026-08-05 10:26:34,060 [WARNING] [MainThread] [deprecation/deprecation.py:136]: [DEPRECATED] NotificationsConfig: 'container_padding' - Use CSS padding instead.
2026-08-05 10:26:34,078 [WARNING] [MainThread] [deprecation/deprecation.py:136]: [DEPRECATED] PowerMenuConfig: 'container_padding' - Use CSS padding instead.
2026-08-05 10:26:34,207 [INFO] [MainThread] [root/bar_manager.py:103]: Starting SystemEventListener...
2026-08-05 10:26:34,207 [INFO] [MainThread] [root/bar_manager.py:103]: Starting KomorebiEventListener...
2026-08-05 10:26:34,207 [INFO] [MainThread] [root/bar_manager.py:103]: Starting WindowsNotificationEventListener...
2026-08-05 10:26:34,208 [INFO] [Dummy-5] [root/event_listener.py:54]: Created named pipe yasb-7583bdc0-907d-11f1-84b1-001a7dda7113
2026-08-05 10:26:34,212 [INFO] [MainThread] [root/watcher.py:65]: Watching directory: c:\users\raven\.config\yasb
2026-08-05 10:26:34,212 [INFO] [MainThread] [root/watcher.py:104]: Created file watcher
2026-08-05 10:26:34,242 [INFO] [MainThread] [root/update_service.py:434]: Background update checker started
2026-08-05 10:26:34,311 [WARNING] [Dummy-5] [root/event_listener.py:134]: Komorebi failed to subscribe named pipe. Komorebi is not running, please start Komorebi.
2026-08-05 10:26:44,503 [INFO] [Dummy-5] [root/event_listener.py:147]: Komorebi connected to named pipe: yasb-7583bdc0-907d-11f1-84b1-001a7dda7113
2026-08-05 13:45:46,661 [ERROR] [MainThread] [root/base.py:126]: Failed to execute callback of type 'update_label' with args: []
Traceback (most recent call last):
  File "D:\a\yasb\yasb\src\core\widgets\base.py", line 124, in _run_callback
  File "D:\a\yasb\yasb\src\core\widgets\yasb\libre_monitor.py", line 206, in _update_label
TypeError: float() argument must be a string or a real number, not 'NoneType'
2026-08-06 18:16:24,677 [ERROR] [MainThread] [root/base.py:126]: Failed to execute callback of type 'update_label' with args: []
Traceback (most recent call last):
  File "D:\a\yasb\yasb\src\core\widgets\base.py", line 124, in _run_callback
  File "D:\a\yasb\yasb\src\core\widgets\yasb\libre_monitor.py", line 206, in _update_label
TypeError: float() argument must be a string or a real number, not 'NoneType'
2026-08-07 03:25:08,680 [ERROR] [MainThread] [root/base.py:126]: Failed to execute callback of type 'update_label' with args: []
Traceback (most recent call last):
  File "D:\a\yasb\yasb\src\core\widgets\base.py", line 124, in _run_callback
  File "D:\a\yasb\yasb\src\core\widgets\yasb\libre_monitor.py", line 206, in _update_label
TypeError: float() argument must be a string or a real number, not 'NoneType'
2026-08-07 15:52:43,032 [INFO] [MainThread] [root/controller.py:43]: Exiting Application...
2026-08-07 15:52:43,133 [INFO] [MainThread] [cli_server/cli_server.py:114]: Log pipe server stopped
2026-08-07 15:52:43,418 [INFO] [MainThread] [root/bar_manager.py:119]: Stopping SystemEventListener...
2026-08-07 15:52:43,426 [INFO] [MainThread] [root/bar_manager.py:119]: Stopping KomorebiEventListener...
2026-08-07 15:52:43,428 [INFO] [MainThread] [root/bar_manager.py:119]: Stopping WindowsNotificationEventListener...
2026-08-07 21:02:54,457 [INFO] [MainThread] [root/log.py:104]: YASB v2.0.5
2026-08-07 21:02:54,458 [INFO] [CLIPipeServer] [cli_server/cli_server.py:216]: CLI server started v1.1.7
2026-08-07 21:02:54,458 [INFO] [MainThread] [cli_server/cli_server.py:106]: Log pipe server started
2026-08-07 21:02:54,572 [WARNING] [MainThread] [deprecation/deprecation.py:136]: [DEPRECATED] BarAlignment: 'center' - Use 'align' instead.
2026-08-07 21:02:54,572 [WARNING] [MainThread] [deprecation/deprecation.py:136]: [DEPRECATED] BarBlurEffect: 'acrylic' - No longer supported and can be removed from the config.
2026-08-07 21:02:54,628 [WARNING] [MainThread] [deprecation/deprecation.py:136]: [DEPRECATED] GrouperWidgetConfig: 'container_padding' - Use CSS padding instead.
2026-08-07 21:02:54,710 [WARNING] [MainThread] [deprecation/deprecation.py:136]: [DEPRECATED] KomorebiWorkspacesConfig: 'animation' - Use CSS animations instead.
2026-08-07 21:02:54,715 [WARNING] [MainThread] [deprecation/deprecation.py:136]: [DEPRECATED] GrouperWidgetConfig: 'container_padding' - Use CSS padding instead.
2026-08-07 21:02:54,727 [WARNING] [MainThread] [deprecation/deprecation.py:136]: [DEPRECATED] GrouperWidgetConfig: 'container_padding' - Use CSS padding instead.
2026-08-07 21:02:55,332 [WARNING] [MainThread] [deprecation/deprecation.py:136]: [DEPRECATED] GrouperWidgetConfig: 'container_padding' - Use CSS padding instead.
2026-08-07 21:02:55,443 [WARNING] [MainThread] [deprecation/deprecation.py:136]: [DEPRECATED] OpenMeteoWidgetConfig: 'label_shadow' - Use CSS text-shadow instead.
2026-08-07 21:02:55,547 [WARNING] [MainThread] [deprecation/deprecation.py:136]: [DEPRECATED] GrouperWidgetConfig: 'container_padding' - Use CSS padding instead.
2026-08-07 21:02:55,577 [WARNING] [MainThread] [deprecation/deprecation.py:140]: [DEPRECATED] VolumeConfig: 'volume_icons' renamed to 'icons' - Use 'icons' with the dictionary format instead.
2026-08-07 21:02:55,577 [WARNING] [MainThread] [deprecation/deprecation.py:136]: [DEPRECATED] VolumeConfig: 'container_padding' - Use CSS padding instead.
2026-08-07 21:02:55,599 [INFO] [MainThread] [root/service.py:52]: AudioOutputService starting...
2026-08-07 21:02:55,660 [INFO] [MainThread] [root/service.py:41]: AudioInputService starting...
2026-08-07 21:02:55,693 [WARNING] [MainThread] [deprecation/deprecation.py:136]: [DEPRECATED] NotificationsConfig: 'container_padding' - Use CSS padding instead.
2026-08-07 21:02:55,712 [WARNING] [MainThread] [deprecation/deprecation.py:136]: [DEPRECATED] PowerMenuConfig: 'container_padding' - Use CSS padding instead.
2026-08-07 21:02:55,896 [INFO] [MainThread] [root/bar_manager.py:103]: Starting SystemEventListener...
2026-08-07 21:02:55,896 [INFO] [MainThread] [root/bar_manager.py:103]: Starting WindowsNotificationEventListener...
2026-08-07 21:02:55,897 [INFO] [MainThread] [root/bar_manager.py:103]: Starting KomorebiEventListener...
2026-08-07 21:02:55,898 [INFO] [Dummy-5] [root/event_listener.py:54]: Created named pipe yasb-b066b8ef-9268-11f1-83cd-001a7dda7113
2026-08-07 21:02:55,899 [INFO] [MainThread] [root/watcher.py:65]: Watching directory: c:\users\raven\.config\yasb
2026-08-07 21:02:55,899 [INFO] [MainThread] [root/watcher.py:104]: Created file watcher
2026-08-07 21:02:55,938 [INFO] [MainThread] [root/update_service.py:434]: Background update checker started
2026-08-07 21:02:55,998 [WARNING] [Dummy-5] [root/event_listener.py:134]: Komorebi failed to subscribe named pipe. Komorebi is not running, please start Komorebi.
2026-08-07 21:04:34,744 [INFO] [Dummy-5] [root/event_listener.py:147]: Komorebi connected to named pipe: yasb-b066b8ef-9268-11f1-83cd-001a7dda7113
2026-08-07 22:14:58,387 [ERROR] [MainThread] [root/base.py:126]: Failed to execute callback of type 'update_label' with args: []
Traceback (most recent call last):
  File "D:\a\yasb\yasb\src\core\widgets\base.py", line 124, in _run_callback
  File "D:\a\yasb\yasb\src\core\widgets\yasb\libre_monitor.py", line 206, in _update_label
TypeError: float() argument must be a string or a real number, not 'NoneType'
2026-08-07 22:33:18,638 [ERROR] [MainThread] [root/base.py:126]: Failed to execute callback of type 'update_label' with args: []
Traceback (most recent call last):
  File "D:\a\yasb\yasb\src\core\widgets\base.py", line 124, in _run_callback
  File "D:\a\yasb\yasb\src\core\widgets\yasb\libre_monitor.py", line 206, in _update_label
TypeError: float() argument must be a string or a real number, not 'NoneType'
2026-08-07 22:35:20,634 [ERROR] [MainThread] [root/base.py:126]: Failed to execute callback of type 'update_label' with args: []
Traceback (most recent call last):
  File "D:\a\yasb\yasb\src\core\widgets\base.py", line 124, in _run_callback
  File "D:\a\yasb\yasb\src\core\widgets\yasb\libre_monitor.py", line 206, in _update_label
TypeError: float() argument must be a string or a real number, not 'NoneType'
2026-08-08 08:01:06,511 [ERROR] [MainThread] [root/base.py:126]: Failed to execute callback of type 'update_label' with args: []
Traceback (most recent call last):
  File "D:\a\yasb\yasb\src\core\widgets\base.py", line 124, in _run_callback
  File "D:\a\yasb\yasb\src\core\widgets\yasb\libre_monitor.py", line 206, in _update_label
TypeError: float() argument must be a string or a real number, not 'NoneType'
2026-08-08 10:53:02,717 [ERROR] [MainThread] [root/base.py:126]: Failed to execute callback of type 'update_label' with args: []
Traceback (most recent call last):
  File "D:\a\yasb\yasb\src\core\widgets\base.py", line 124, in _run_callback
  File "D:\a\yasb\yasb\src\core\widgets\yasb\libre_monitor.py", line 206, in _update_label
TypeError: float() argument must be a string or a real number, not 'NoneType'
2026-08-08 11:24:31,136 [ERROR] [MainThread] [root/base.py:126]: Failed to execute callback of type 'update_label' with args: []
Traceback (most recent call last):
  File "D:\a\yasb\yasb\src\core\widgets\base.py", line 124, in _run_callback
  File "D:\a\yasb\yasb\src\core\widgets\yasb\libre_monitor.py", line 206, in _update_label
TypeError: float() argument must be a string or a real number, not 'NoneType'
2026-08-08 14:00:11,642 [ERROR] [MainThread] [root/base.py:126]: Failed to execute callback of type 'update_label' with args: []
Traceback (most recent call last):
  File "D:\a\yasb\yasb\src\core\widgets\base.py", line 124, in _run_callback
  File "D:\a\yasb\yasb\src\core\widgets\yasb\libre_monitor.py", line 206, in _update_label
TypeError: float() argument must be a string or a real number, not 'NoneType'
2026-08-08 14:03:29,707 [ERROR] [MainThread] [root/base.py:126]: Failed to execute callback of type 'update_label' with args: []
Traceback (most recent call last):
  File "D:\a\yasb\yasb\src\core\widgets\base.py", line 124, in _run_callback
  File "D:\a\yasb\yasb\src\core\widgets\yasb\libre_monitor.py", line 206, in _update_label
TypeError: float() argument must be a string or a real number, not 'NoneType'
2026-08-08 17:25:28,925 [ERROR] [MainThread] [root/base.py:126]: Failed to execute callback of type 'update_label' with args: []
Traceback (most recent call last):
  File "D:\a\yasb\yasb\src\core\widgets\base.py", line 124, in _run_callback
  File "D:\a\yasb\yasb\src\core\widgets\yasb\libre_monitor.py", line 206, in _update_label
TypeError: float() argument must be a string or a real number, not 'NoneType'
2026-08-08 17:42:01,293 [ERROR] [MainThread] [root/base.py:126]: Failed to execute callback of type 'update_label' with args: []
Traceback (most recent call last):
  File "D:\a\yasb\yasb\src\core\widgets\base.py", line 124, in _run_callback
  File "D:\a\yasb\yasb\src\core\widgets\yasb\libre_monitor.py", line 206, in _update_label
TypeError: float() argument must be a string or a real number, not 'NoneType'
2026-08-08 19:05:53,127 [ERROR] [MainThread] [root/base.py:126]: Failed to execute callback of type 'update_label' with args: []
Traceback (most recent call last):
  File "D:\a\yasb\yasb\src\core\widgets\base.py", line 124, in _run_callback
  File "D:\a\yasb\yasb\src\core\widgets\yasb\libre_monitor.py", line 206, in _update_label
TypeError: float() argument must be a string or a real number, not 'NoneType'
2026-08-09 23:19:48,317 [ERROR] [MainThread] [root/base.py:126]: Failed to execute callback of type 'update_label' with args: []
Traceback (most recent call last):
  File "D:\a\yasb\yasb\src\core\widgets\base.py", line 124, in _run_callback
  File "D:\a\yasb\yasb\src\core\widgets\yasb\libre_monitor.py", line 206, in _update_label
TypeError: float() argument must be a string or a real number, not 'NoneType'
2026-08-10 00:17:32,316 [ERROR] [MainThread] [root/base.py:126]: Failed to execute callback of type 'update_label' with args: []
Traceback (most recent call last):
  File "D:\a\yasb\yasb\src\core\widgets\base.py", line 124, in _run_callback
  File "D:\a\yasb\yasb\src\core\widgets\yasb\libre_monitor.py", line 206, in _update_label
TypeError: float() argument must be a string or a real number, not 'NoneType'
2026-08-10 02:57:02,317 [ERROR] [MainThread] [root/base.py:126]: Failed to execute callback of type 'update_label' with args: []
Traceback (most recent call last):
  File "D:\a\yasb\yasb\src\core\widgets\base.py", line 124, in _run_callback
  File "D:\a\yasb\yasb\src\core\widgets\yasb\libre_monitor.py", line 206, in _update_label
TypeError: float() argument must be a string or a real number, not 'NoneType'
2026-08-10 07:31:02,317 [ERROR] [MainThread] [root/base.py:126]: Failed to execute callback of type 'update_label' with args: []
Traceback (most recent call last):
  File "D:\a\yasb\yasb\src\core\widgets\base.py", line 124, in _run_callback
  File "D:\a\yasb\yasb\src\core\widgets\yasb\libre_monitor.py", line 206, in _update_label
TypeError: float() argument must be a string or a real number, not 'NoneType'
2026-08-10 16:03:02,347 [ERROR] [MainThread] [root/base.py:126]: Failed to execute callback of type 'update_label' with args: []
Traceback (most recent call last):
  File "D:\a\yasb\yasb\src\core\widgets\base.py", line 124, in _run_callback
  File "D:\a\yasb\yasb\src\core\widgets\yasb\libre_monitor.py", line 206, in _update_label
TypeError: float() argument must be a string or a real number, not 'NoneType'
2026-08-10 16:13:02,346 [ERROR] [MainThread] [root/base.py:126]: Failed to execute callback of type 'update_label' with args: []
Traceback (most recent call last):
  File "D:\a\yasb\yasb\src\core\widgets\base.py", line 124, in _run_callback
  File "D:\a\yasb\yasb\src\core\widgets\yasb\libre_monitor.py", line 206, in _update_label
TypeError: float() argument must be a string or a real number, not 'NoneType'
2026-08-10 16:26:02,347 [ERROR] [MainThread] [root/base.py:126]: Failed to execute callback of type 'update_label' with args: []
Traceback (most recent call last):
  File "D:\a\yasb\yasb\src\core\widgets\base.py", line 124, in _run_callback
  File "D:\a\yasb\yasb\src\core\widgets\yasb\libre_monitor.py", line 206, in _update_label
TypeError: float() argument must be a string or a real number, not 'NoneType'
2026-08-10 17:21:02,362 [ERROR] [MainThread] [root/base.py:126]: Failed to execute callback of type 'update_label' with args: []
Traceback (most recent call last):
  File "D:\a\yasb\yasb\src\core\widgets\base.py", line 124, in _run_callback
  File "D:\a\yasb\yasb\src\core\widgets\yasb\libre_monitor.py", line 206, in _update_label
TypeError: float() argument must be a string or a real number, not 'NoneType'
2026-08-10 17:35:02,362 [ERROR] [MainThread] [root/base.py:126]: Failed to execute callback of type 'update_label' with args: []
Traceback (most recent call last):
  File "D:\a\yasb\yasb\src\core\widgets\base.py", line 124, in _run_callback
  File "D:\a\yasb\yasb\src\core\widgets\yasb\libre_monitor.py", line 206, in _update_label
TypeError: float() argument must be a string or a real number, not 'NoneType'
2026-08-10 18:15:02,362 [ERROR] [MainThread] [root/base.py:126]: Failed to execute callback of type 'update_label' with args: []
Traceback (most recent call last):
  File "D:\a\yasb\yasb\src\core\widgets\base.py", line 124, in _run_callback
  File "D:\a\yasb\yasb\src\core\widgets\yasb\libre_monitor.py", line 206, in _update_label
TypeError: float() argument must be a string or a real number, not 'NoneType'
2026-08-10 18:32:02,362 [ERROR] [MainThread] [root/base.py:126]: Failed to execute callback of type 'update_label' with args: []
Traceback (most recent call last):
  File "D:\a\yasb\yasb\src\core\widgets\base.py", line 124, in _run_callback
  File "D:\a\yasb\yasb\src\core\widgets\yasb\libre_monitor.py", line 206, in _update_label
TypeError: float() argument must be a string or a real number, not 'NoneType'
2026-08-10 21:16:02,378 [ERROR] [MainThread] [root/base.py:126]: Failed to execute callback of type 'update_label' with args: []
Traceback (most recent call last):
  File "D:\a\yasb\yasb\src\core\widgets\base.py", line 124, in _run_callback
  File "D:\a\yasb\yasb\src\core\widgets\yasb\libre_monitor.py", line 206, in _update_label
TypeError: float() argument must be a string or a real number, not 'NoneType'
2026-08-10 21:21:02,378 [ERROR] [MainThread] [root/base.py:126]: Failed to execute callback of type 'update_label' with args: []
Traceback (most recent call last):
  File "D:\a\yasb\yasb\src\core\widgets\base.py", line 124, in _run_callback
  File "D:\a\yasb\yasb\src\core\widgets\yasb\libre_monitor.py", line 206, in _update_label
TypeError: float() argument must be a string or a real number, not 'NoneType'
2026-08-10 22:28:02,379 [ERROR] [MainThread] [root/base.py:126]: Failed to execute callback of type 'update_label' with args: []
Traceback (most recent call last):
  File "D:\a\yasb\yasb\src\core\widgets\base.py", line 124, in _run_callback
  File "D:\a\yasb\yasb\src\core\widgets\yasb\libre_monitor.py", line 206, in _update_label
TypeError: float() argument must be a string or a real number, not 'NoneType'
2026-08-10 23:06:02,380 [ERROR] [MainThread] [root/base.py:126]: Failed to execute callback of type 'update_label' with args: []
Traceback (most recent call last):
  File "D:\a\yasb\yasb\src\core\widgets\base.py", line 124, in _run_callback
  File "D:\a\yasb\yasb\src\core\widgets\yasb\libre_monitor.py", line 206, in _update_label
TypeError: float() argument must be a string or a real number, not 'NoneType'
2026-08-10 23:17:02,378 [ERROR] [MainThread] [root/base.py:126]: Failed to execute callback of type 'update_label' with args: []
Traceback (most recent call last):
  File "D:\a\yasb\yasb\src\core\widgets\base.py", line 124, in _run_callback
  File "D:\a\yasb\yasb\src\core\widgets\yasb\libre_monitor.py", line 206, in _update_label
TypeError: float() argument must be a string or a real number, not 'NoneType'
2026-08-11 00:37:02,379 [ERROR] [MainThread] [root/base.py:126]: Failed to execute callback of type 'update_label' with args: []
Traceback (most recent call last):
  File "D:\a\yasb\yasb\src\core\widgets\base.py", line 124, in _run_callback
  File "D:\a\yasb\yasb\src\core\widgets\yasb\libre_monitor.py", line 206, in _update_label
TypeError: float() argument must be a string or a real number, not 'NoneType'
2026-08-11 00:44:02,377 [ERROR] [MainThread] [root/base.py:126]: Failed to execute callback of type 'update_label' with args: []
Traceback (most recent call last):
  File "D:\a\yasb\yasb\src\core\widgets\base.py", line 124, in _run_callback
  File "D:\a\yasb\yasb\src\core\widgets\yasb\libre_monitor.py", line 206, in _update_label
TypeError: float() argument must be a string or a real number, not 'NoneType'
2026-08-11 03:08:02,377 [ERROR] [MainThread] [root/base.py:126]: Failed to execute callback of type 'update_label' with args: []
Traceback (most recent call last):
  File "D:\a\yasb\yasb\src\core\widgets\base.py", line 124, in _run_callback
  File "D:\a\yasb\yasb\src\core\widgets\yasb\libre_monitor.py", line 206, in _update_label
TypeError: float() argument must be a string or a real number, not 'NoneType'
2026-08-11 05:16:02,379 [ERROR] [MainThread] [root/base.py:126]: Failed to execute callback of type 'update_label' with args: []
Traceback (most recent call last):
  File "D:\a\yasb\yasb\src\core\widgets\base.py", line 124, in _run_callback
  File "D:\a\yasb\yasb\src\core\widgets\yasb\libre_monitor.py", line 206, in _update_label
TypeError: float() argument must be a string or a real number, not 'NoneType'
2026-08-11 08:12:02,378 [ERROR] [MainThread] [root/base.py:126]: Failed to execute callback of type 'update_label' with args: []
Traceback (most recent call last):
  File "D:\a\yasb\yasb\src\core\widgets\base.py", line 124, in _run_callback
  File "D:\a\yasb\yasb\src\core\widgets\yasb\libre_monitor.py", line 206, in _update_label
TypeError: float() argument must be a string or a real number, not 'NoneType'
2026-08-11 09:48:02,379 [ERROR] [MainThread] [root/base.py:126]: Failed to execute callback of type 'update_label' with args: []
Traceback (most recent call last):
  File "D:\a\yasb\yasb\src\core\widgets\base.py", line 124, in _run_callback
  File "D:\a\yasb\yasb\src\core\widgets\yasb\libre_monitor.py", line 206, in _update_label
TypeError: float() argument must be a string or a real number, not 'NoneType'
2026-08-11 10:10:02,379 [ERROR] [MainThread] [root/base.py:126]: Failed to execute callback of type 'update_label' with args: []
Traceback (most recent call last):
  File "D:\a\yasb\yasb\src\core\widgets\base.py", line 124, in _run_callback
  File "D:\a\yasb\yasb\src\core\widgets\yasb\libre_monitor.py", line 206, in _update_label
TypeError: float() argument must be a string or a real number, not 'NoneType'
2026-08-11 10:53:02,379 [ERROR] [MainThread] [root/base.py:126]: Failed to execute callback of type 'update_label' with args: []
Traceback (most recent call last):
  File "D:\a\yasb\yasb\src\core\widgets\base.py", line 124, in _run_callback
  File "D:\a\yasb\yasb\src\core\widgets\yasb\libre_monitor.py", line 206, in _update_label
TypeError: float() argument must be a string or a real number, not 'NoneType'
2026-08-11 11:44:02,378 [ERROR] [MainThread] [root/base.py:126]: Failed to execute callback of type 'update_label' with args: []
Traceback (most recent call last):
  File "D:\a\yasb\yasb\src\core\widgets\base.py", line 124, in _run_callback
  File "D:\a\yasb\yasb\src\core\widgets\yasb\libre_monitor.py", line 206, in _update_label
TypeError: float() argument must be a string or a real number, not 'NoneType'
2026-08-11 13:07:02,378 [ERROR] [MainThread] [root/base.py:126]: Failed to execute callback of type 'update_label' with args: []
Traceback (most recent call last):
  File "D:\a\yasb\yasb\src\core\widgets\base.py", line 124, in _run_callback
  File "D:\a\yasb\yasb\src\core\widgets\yasb\libre_monitor.py", line 206, in _update_label
TypeError: float() argument must be a string or a real number, not 'NoneType'
2026-08-11 13:43:00,381 [ERROR] [MainThread] [root/base.py:126]: Failed to execute callback of type 'update_label' with args: []
Traceback (most recent call last):
  File "D:\a\yasb\yasb\src\core\widgets\base.py", line 124, in _run_callback
  File "D:\a\yasb\yasb\src\core\widgets\yasb\libre_monitor.py", line 206, in _update_label
TypeError: float() argument must be a string or a real number, not 'NoneType'
2026-08-11 15:22:02,378 [ERROR] [MainThread] [root/base.py:126]: Failed to execute callback of type 'update_label' with args: []
Traceback (most recent call last):
  File "D:\a\yasb\yasb\src\core\widgets\base.py", line 124, in _run_callback
  File "D:\a\yasb\yasb\src\core\widgets\yasb\libre_monitor.py", line 206, in _update_label
TypeError: float() argument must be a string or a real number, not 'NoneType'
2026-08-11 17:36:02,377 [ERROR] [MainThread] [root/base.py:126]: Failed to execute callback of type 'update_label' with args: []
Traceback (most recent call last):
  File "D:\a\yasb\yasb\src\core\widgets\base.py", line 124, in _run_callback
  File "D:\a\yasb\yasb\src\core\widgets\yasb\libre_monitor.py", line 206, in _update_label
TypeError: float() argument must be a string or a real number, not 'NoneType'
2026-08-11 21:39:02,378 [ERROR] [MainThread] [root/base.py:126]: Failed to execute callback of type 'update_label' with args: []
Traceback (most recent call last):
  File "D:\a\yasb\yasb\src\core\widgets\base.py", line 124, in _run_callback
  File "D:\a\yasb\yasb\src\core\widgets\yasb\libre_monitor.py", line 206, in _update_label
TypeError: float() argument must be a string or a real number, not 'NoneType'
2026-08-11 22:16:38,377 [ERROR] [MainThread] [root/base.py:126]: Failed to execute callback of type 'update_label' with args: []
Traceback (most recent call last):
  File "D:\a\yasb\yasb\src\core\widgets\base.py", line 124, in _run_callback
  File "D:\a\yasb\yasb\src\core\widgets\yasb\libre_monitor.py", line 206, in _update_label
TypeError: float() argument must be a string or a real number, not 'NoneType'
2026-08-11 22:18:26,379 [ERROR] [MainThread] [root/base.py:126]: Failed to execute callback of type 'update_label' with args: []
Traceback (most recent call last):
  File "D:\a\yasb\yasb\src\core\widgets\base.py", line 124, in _run_callback
  File "D:\a\yasb\yasb\src\core\widgets\yasb\libre_monitor.py", line 206, in _update_label
TypeError: float() argument must be a string or a real number, not 'NoneType'
2026-08-12 00:14:02,379 [ERROR] [MainThread] [root/base.py:126]: Failed to execute callback of type 'update_label' with args: []
Traceback (most recent call last):
  File "D:\a\yasb\yasb\src\core\widgets\base.py", line 124, in _run_callback
  File "D:\a\yasb\yasb\src\core\widgets\yasb\libre_monitor.py", line 206, in _update_label
TypeError: float() argument must be a string or a real number, not 'NoneType'
2026-08-12 00:51:02,379 [ERROR] [MainThread] [root/base.py:126]: Failed to execute callback of type 'update_label' with args: []
Traceback (most recent call last):
  File "D:\a\yasb\yasb\src\core\widgets\base.py", line 124, in _run_callback
  File "D:\a\yasb\yasb\src\core\widgets\yasb\libre_monitor.py", line 206, in _update_label
TypeError: float() argument must be a string or a real number, not 'NoneType'
2026-08-12 01:04:02,394 [ERROR] [MainThread] [root/base.py:126]: Failed to execute callback of type 'update_label' with args: []
Traceback (most recent call last):
  File "D:\a\yasb\yasb\src\core\widgets\base.py", line 124, in _run_callback
  File "D:\a\yasb\yasb\src\core\widgets\yasb\libre_monitor.py", line 206, in _update_label
TypeError: float() argument must be a string or a real number, not 'NoneType'
2026-08-12 01:08:02,393 [ERROR] [MainThread] [root/base.py:126]: Failed to execute callback of type 'update_label' with args: []
Traceback (most recent call last):
  File "D:\a\yasb\yasb\src\core\widgets\base.py", line 124, in _run_callback
  File "D:\a\yasb\yasb\src\core\widgets\yasb\libre_monitor.py", line 206, in _update_label
TypeError: float() argument must be a string or a real number, not 'NoneType'
2026-08-12 01:14:02,395 [ERROR] [MainThread] [root/base.py:126]: Failed to execute callback of type 'update_label' with args: []
Traceback (most recent call last):
  File "D:\a\yasb\yasb\src\core\widgets\base.py", line 124, in _run_callback
  File "D:\a\yasb\yasb\src\core\widgets\yasb\libre_monitor.py", line 206, in _update_label
TypeError: float() argument must be a string or a real number, not 'NoneType'
2026-08-12 01:15:02,393 [ERROR] [MainThread] [root/base.py:126]: Failed to execute callback of type 'update_label' with args: []
Traceback (most recent call last):
  File "D:\a\yasb\yasb\src\core\widgets\base.py", line 124, in _run_callback
  File "D:\a\yasb\yasb\src\core\widgets\yasb\libre_monitor.py", line 206, in _update_label
TypeError: float() argument must be a string or a real number, not 'NoneType'
2026-08-12 01:19:02,394 [ERROR] [MainThread] [root/base.py:126]: Failed to execute callback of type 'update_label' with args: []
Traceback (most recent call last):
  File "D:\a\yasb\yasb\src\core\widgets\base.py", line 124, in _run_callback
  File "D:\a\yasb\yasb\src\core\widgets\yasb\libre_monitor.py", line 206, in _update_label
TypeError: float() argument must be a string or a real number, not 'NoneType'
2026-08-12 01:21:02,396 [ERROR] [MainThread] [root/base.py:126]: Failed to execute callback of type 'update_label' with args: []
Traceback (most recent call last):
  File "D:\a\yasb\yasb\src\core\widgets\base.py", line 124, in _run_callback
  File "D:\a\yasb\yasb\src\core\widgets\yasb\libre_monitor.py", line 206, in _update_label
TypeError: float() argument must be a string or a real number, not 'NoneType'
2026-08-12 01:24:02,393 [ERROR] [MainThread] [root/base.py:126]: Failed to execute callback of type 'update_label' with args: []
Traceback (most recent call last):
  File "D:\a\yasb\yasb\src\core\widgets\base.py", line 124, in _run_callback
  File "D:\a\yasb\yasb\src\core\widgets\yasb\libre_monitor.py", line 206, in _update_label
TypeError: float() argument must be a string or a real number, not 'NoneType'
2026-08-12 01:28:02,394 [ERROR] [MainThread] [root/base.py:126]: Failed to execute callback of type 'update_label' with args: []
Traceback (most recent call last):
  File "D:\a\yasb\yasb\src\core\widgets\base.py", line 124, in _run_callback
  File "D:\a\yasb\yasb\src\core\widgets\yasb\libre_monitor.py", line 206, in _update_label
TypeError: float() argument must be a string or a real number, not 'NoneType'
2026-08-12 01:30:02,393 [ERROR] [MainThread] [root/base.py:126]: Failed to execute callback of type 'update_label' with args: []
Traceback (most recent call last):
  File "D:\a\yasb\yasb\src\core\widgets\base.py", line 124, in _run_callback
  File "D:\a\yasb\yasb\src\core\widgets\yasb\libre_monitor.py", line 206, in _update_label
TypeError: float() argument must be a string or a real number, not 'NoneType'
2026-08-12 01:31:02,393 [ERROR] [MainThread] [root/base.py:126]: Failed to execute callback of type 'update_label' with args: []
Traceback (most recent call last):
  File "D:\a\yasb\yasb\src\core\widgets\base.py", line 124, in _run_callback
  File "D:\a\yasb\yasb\src\core\widgets\yasb\libre_monitor.py", line 206, in _update_label
TypeError: float() argument must be a string or a real number, not 'NoneType'
2026-08-12 01:39:02,394 [ERROR] [MainThread] [root/base.py:126]: Failed to execute callback of type 'update_label' with args: []
Traceback (most recent call last):
  File "D:\a\yasb\yasb\src\core\widgets\base.py", line 124, in _run_callback
  File "D:\a\yasb\yasb\src\core\widgets\yasb\libre_monitor.py", line 206, in _update_label
TypeError: float() argument must be a string or a real number, not 'NoneType'
2026-08-12 01:42:02,395 [ERROR] [MainThread] [root/base.py:126]: Failed to execute callback of type 'update_label' with args: []
Traceback (most recent call last):
  File "D:\a\yasb\yasb\src\core\widgets\base.py", line 124, in _run_callback
  File "D:\a\yasb\yasb\src\core\widgets\yasb\libre_monitor.py", line 206, in _update_label
TypeError: float() argument must be a string or a real number, not 'NoneType'
2026-08-12 01:51:02,393 [ERROR] [MainThread] [root/base.py:126]: Failed to execute callback of type 'update_label' with args: []
Traceback (most recent call last):
  File "D:\a\yasb\yasb\src\core\widgets\base.py", line 124, in _run_callback
  File "D:\a\yasb\yasb\src\core\widgets\yasb\libre_monitor.py", line 206, in _update_label
TypeError: float() argument must be a string or a real number, not 'NoneType'
2026-08-12 01:53:02,393 [ERROR] [MainThread] [root/base.py:126]: Failed to execute callback of type 'update_label' with args: []
Traceback (most recent call last):
  File "D:\a\yasb\yasb\src\core\widgets\base.py", line 124, in _run_callback
  File "D:\a\yasb\yasb\src\core\widgets\yasb\libre_monitor.py", line 206, in _update_label
TypeError: float() argument must be a string or a real number, not 'NoneType'
2026-08-12 01:55:02,394 [ERROR] [MainThread] [root/base.py:126]: Failed to execute callback of type 'update_label' with args: []
Traceback (most recent call last):
  File "D:\a\yasb\yasb\src\core\widgets\base.py", line 124, in _run_callback
  File "D:\a\yasb\yasb\src\core\widgets\yasb\libre_monitor.py", line 206, in _update_label
TypeError: float() argument must be a string or a real number, not 'NoneType'
2026-08-12 02:00:02,393 [ERROR] [MainThread] [root/base.py:126]: Failed to execute callback of type 'update_label' with args: []
Traceback (most recent call last):
  File "D:\a\yasb\yasb\src\core\widgets\base.py", line 124, in _run_callback
  File "D:\a\yasb\yasb\src\core\widgets\yasb\libre_monitor.py", line 206, in _update_label
TypeError: float() argument must be a string or a real number, not 'NoneType'
2026-08-12 02:04:02,394 [ERROR] [MainThread] [root/base.py:126]: Failed to execute callback of type 'update_label' with args: []
Traceback (most recent call last):
  File "D:\a\yasb\yasb\src\core\widgets\base.py", line 124, in _run_callback
  File "D:\a\yasb\yasb\src\core\widgets\yasb\libre_monitor.py", line 206, in _update_label
TypeError: float() argument must be a string or a real number, not 'NoneType'
2026-08-12 02:07:02,393 [ERROR] [MainThread] [root/base.py:126]: Failed to execute callback of type 'update_label' with args: []
Traceback (most recent call last):
  File "D:\a\yasb\yasb\src\core\widgets\base.py", line 124, in _run_callback
  File "D:\a\yasb\yasb\src\core\widgets\yasb\libre_monitor.py", line 206, in _update_label
TypeError: float() argument must be a string or a real number, not 'NoneType'
2026-08-12 02:09:02,393 [ERROR] [MainThread] [root/base.py:126]: Failed to execute callback of type 'update_label' with args: []
Traceback (most recent call last):
  File "D:\a\yasb\yasb\src\core\widgets\base.py", line 124, in _run_callback
  File "D:\a\yasb\yasb\src\core\widgets\yasb\libre_monitor.py", line 206, in _update_label
TypeError: float() argument must be a string or a real number, not 'NoneType'
2026-08-12 02:19:02,394 [ERROR] [MainThread] [root/base.py:126]: Failed to execute callback of type 'update_label' with args: []
Traceback (most recent call last):
  File "D:\a\yasb\yasb\src\core\widgets\base.py", line 124, in _run_callback
  File "D:\a\yasb\yasb\src\core\widgets\yasb\libre_monitor.py", line 206, in _update_label
TypeError: float() argument must be a string or a real number, not 'NoneType'
2026-08-12 02:20:02,393 [ERROR] [MainThread] [root/base.py:126]: Failed to execute callback of type 'update_label' with args: []
Traceback (most recent call last):
  File "D:\a\yasb\yasb\src\core\widgets\base.py", line 124, in _run_callback
  File "D:\a\yasb\yasb\src\core\widgets\yasb\libre_monitor.py", line 206, in _update_label
TypeError: float() argument must be a string or a real number, not 'NoneType'
2026-08-12 02:24:02,395 [ERROR] [MainThread] [root/base.py:126]: Failed to execute callback of type 'update_label' with args: []
Traceback (most recent call last):
  File "D:\a\yasb\yasb\src\core\widgets\base.py", line 124, in _run_callback
  File "D:\a\yasb\yasb\src\core\widgets\yasb\libre_monitor.py", line 206, in _update_label
TypeError: float() argument must be a string or a real number, not 'NoneType'
2026-08-12 02:26:02,394 [ERROR] [MainThread] [root/base.py:126]: Failed to execute callback of type 'update_label' with args: []
Traceback (most recent call last):
  File "D:\a\yasb\yasb\src\core\widgets\base.py", line 124, in _run_callback
  File "D:\a\yasb\yasb\src\core\widgets\yasb\libre_monitor.py", line 206, in _update_label
TypeError: float() argument must be a string or a real number, not 'NoneType'
2026-08-12 02:28:02,393 [ERROR] [MainThread] [root/base.py:126]: Failed to execute callback of type 'update_label' with args: []
Traceback (most recent call last):
  File "D:\a\yasb\yasb\src\core\widgets\base.py", line 124, in _run_callback
  File "D:\a\yasb\yasb\src\core\widgets\yasb\libre_monitor.py", line 206, in _update_label
TypeError: float() argument must be a string or a real number, not 'NoneType'
2026-08-12 02:31:02,395 [ERROR] [MainThread] [root/base.py:126]: Failed to execute callback of type 'update_label' with args: []
Traceback (most recent call last):
  File "D:\a\yasb\yasb\src\core\widgets\base.py", line 124, in _run_callback
  File "D:\a\yasb\yasb\src\core\widgets\yasb\libre_monitor.py", line 206, in _update_label
TypeError: float() argument must be a string or a real number, not 'NoneType'
2026-08-12 02:37:02,393 [ERROR] [MainThread] [root/base.py:126]: Failed to execute callback of type 'update_label' with args: []
Traceback (most recent call last):
  File "D:\a\yasb\yasb\src\core\widgets\base.py", line 124, in _run_callback
  File "D:\a\yasb\yasb\src\core\widgets\yasb\libre_monitor.py", line 206, in _update_label
TypeError: float() argument must be a string or a real number, not 'NoneType'
2026-08-12 02:39:02,394 [ERROR] [MainThread] [root/base.py:126]: Failed to execute callback of type 'update_label' with args: []
Traceback (most recent call last):
  File "D:\a\yasb\yasb\src\core\widgets\base.py", line 124, in _run_callback
  File "D:\a\yasb\yasb\src\core\widgets\yasb\libre_monitor.py", line 206, in _update_label
TypeError: float() argument must be a string or a real number, not 'NoneType'
2026-08-12 02:44:02,393 [ERROR] [MainThread] [root/base.py:126]: Failed to execute callback of type 'update_label' with args: []
Traceback (most recent call last):
  File "D:\a\yasb\yasb\src\core\widgets\base.py", line 124, in _run_callback
  File "D:\a\yasb\yasb\src\core\widgets\yasb\libre_monitor.py", line 206, in _update_label
TypeError: float() argument must be a string or a real number, not 'NoneType'
2026-08-12 02:45:02,395 [ERROR] [MainThread] [root/base.py:126]: Failed to execute callback of type 'update_label' with args: []
Traceback (most recent call last):
  File "D:\a\yasb\yasb\src\core\widgets\base.py", line 124, in _run_callback
  File "D:\a\yasb\yasb\src\core\widgets\yasb\libre_monitor.py", line 206, in _update_label
TypeError: float() argument must be a string or a real number, not 'NoneType'
2026-08-12 02:48:02,394 [ERROR] [MainThread] [root/base.py:126]: Failed to execute callback of type 'update_label' with args: []
Traceback (most recent call last):
  File "D:\a\yasb\yasb\src\core\widgets\base.py", line 124, in _run_callback
  File "D:\a\yasb\yasb\src\core\widgets\yasb\libre_monitor.py", line 206, in _update_label
TypeError: float() argument must be a string or a real number, not 'NoneType'
2026-08-12 02:49:02,393 [ERROR] [MainThread] [root/base.py:126]: Failed to execute callback of type 'update_label' with args: []
Traceback (most recent call last):
  File "D:\a\yasb\yasb\src\core\widgets\base.py", line 124, in _run_callback
  File "D:\a\yasb\yasb\src\core\widgets\yasb\libre_monitor.py", line 206, in _update_label
TypeError: float() argument must be a string or a real number, not 'NoneType'
2026-08-12 02:53:02,393 [ERROR] [MainThread] [root/base.py:126]: Failed to execute callback of type 'update_label' with args: []
Traceback (most recent call last):
  File "D:\a\yasb\yasb\src\core\widgets\base.py", line 124, in _run_callback
  File "D:\a\yasb\yasb\src\core\widgets\yasb\libre_monitor.py", line 206, in _update_label
TypeError: float() argument must be a string or a real number, not 'NoneType'
2026-08-12 02:55:02,393 [ERROR] [MainThread] [root/base.py:126]: Failed to execute callback of type 'update_label' with args: []
Traceback (most recent call last):
  File "D:\a\yasb\yasb\src\core\widgets\base.py", line 124, in _run_callback
  File "D:\a\yasb\yasb\src\core\widgets\yasb\libre_monitor.py", line 206, in _update_label
TypeError: float() argument must be a string or a real number, not 'NoneType'
2026-08-12 02:56:02,394 [ERROR] [MainThread] [root/base.py:126]: Failed to execute callback of type 'update_label' with args: []
Traceback (most recent call last):
  File "D:\a\yasb\yasb\src\core\widgets\base.py", line 124, in _run_callback
  File "D:\a\yasb\yasb\src\core\widgets\yasb\libre_monitor.py", line 206, in _update_label
TypeError: float() argument must be a string or a real number, not 'NoneType'
2026-08-12 03:00:02,394 [ERROR] [MainThread] [root/base.py:126]: Failed to execute callback of type 'update_label' with args: []
Traceback (most recent call last):
  File "D:\a\yasb\yasb\src\core\widgets\base.py", line 124, in _run_callback
  File "D:\a\yasb\yasb\src\core\widgets\yasb\libre_monitor.py", line 206, in _update_label
TypeError: float() argument must be a string or a real number, not 'NoneType'
2026-08-12 03:03:02,394 [ERROR] [MainThread] [root/base.py:126]: Failed to execute callback of type 'update_label' with args: []
Traceback (most recent call last):
  File "D:\a\yasb\yasb\src\core\widgets\base.py", line 124, in _run_callback
  File "D:\a\yasb\yasb\src\core\widgets\yasb\libre_monitor.py", line 206, in _update_label
TypeError: float() argument must be a string or a real number, not 'NoneType'
2026-08-12 03:08:02,393 [ERROR] [MainThread] [root/base.py:126]: Failed to execute callback of type 'update_label' with args: []
Traceback (most recent call last):
  File "D:\a\yasb\yasb\src\core\widgets\base.py", line 124, in _run_callback
  File "D:\a\yasb\yasb\src\core\widgets\yasb\libre_monitor.py", line 206, in _update_label
TypeError: float() argument must be a string or a real number, not 'NoneType'
2026-08-12 03:09:02,393 [ERROR] [MainThread] [root/base.py:126]: Failed to execute callback of type 'update_label' with args: []
Traceback (most recent call last):
  File "D:\a\yasb\yasb\src\core\widgets\base.py", line 124, in _run_callback
  File "D:\a\yasb\yasb\src\core\widgets\yasb\libre_monitor.py", line 206, in _update_label
TypeError: float() argument must be a string or a real number, not 'NoneType'
2026-08-12 03:14:02,394 [ERROR] [MainThread] [root/base.py:126]: Failed to execute callback of type 'update_label' with args: []
Traceback (most recent call last):
  File "D:\a\yasb\yasb\src\core\widgets\base.py", line 124, in _run_callback
  File "D:\a\yasb\yasb\src\core\widgets\yasb\libre_monitor.py", line 206, in _update_label
TypeError: float() argument must be a string or a real number, not 'NoneType'
2026-08-12 03:15:02,393 [ERROR] [MainThread] [root/base.py:126]: Failed to execute callback of type 'update_label' with args: []
Traceback (most recent call last):
  File "D:\a\yasb\yasb\src\core\widgets\base.py", line 124, in _run_callback
  File "D:\a\yasb\yasb\src\core\widgets\yasb\libre_monitor.py", line 206, in _update_label
TypeError: float() argument must be a string or a real number, not 'NoneType'
2026-08-12 03:16:02,394 [ERROR] [MainThread] [root/base.py:126]: Failed to execute callback of type 'update_label' with args: []
Traceback (most recent call last):
  File "D:\a\yasb\yasb\src\core\widgets\base.py", line 124, in _run_callback
  File "D:\a\yasb\yasb\src\core\widgets\yasb\libre_monitor.py", line 206, in _update_label
TypeError: float() argument must be a string or a real number, not 'NoneType'
2026-08-12 03:24:02,393 [ERROR] [MainThread] [root/base.py:126]: Failed to execute callback of type 'update_label' with args: []
Traceback (most recent call last):
  File "D:\a\yasb\yasb\src\core\widgets\base.py", line 124, in _run_callback
  File "D:\a\yasb\yasb\src\core\widgets\yasb\libre_monitor.py", line 206, in _update_label
TypeError: float() argument must be a string or a real number, not 'NoneType'
2026-08-12 03:29:02,394 [ERROR] [MainThread] [root/base.py:126]: Failed to execute callback of type 'update_label' with args: []
Traceback (most recent call last):
  File "D:\a\yasb\yasb\src\core\widgets\base.py", line 124, in _run_callback
  File "D:\a\yasb\yasb\src\core\widgets\yasb\libre_monitor.py", line 206, in _update_label
TypeError: float() argument must be a string or a real number, not 'NoneType'
2026-08-12 03:30:02,394 [ERROR] [MainThread] [root/base.py:126]: Failed to execute callback of type 'update_label' with args: []
Traceback (most recent call last):
  File "D:\a\yasb\yasb\src\core\widgets\base.py", line 124, in _run_callback
  File "D:\a\yasb\yasb\src\core\widgets\yasb\libre_monitor.py", line 206, in _update_label
TypeError: float() argument must be a string or a real number, not 'NoneType'
2026-08-12 03:31:02,393 [ERROR] [MainThread] [root/base.py:126]: Failed to execute callback of type 'update_label' with args: []
Traceback (most recent call last):
  File "D:\a\yasb\yasb\src\core\widgets\base.py", line 124, in _run_callback
  File "D:\a\yasb\yasb\src\core\widgets\yasb\libre_monitor.py", line 206, in _update_label
TypeError: float() argument must be a string or a real number, not 'NoneType'
2026-08-12 03:33:02,393 [ERROR] [MainThread] [root/base.py:126]: Failed to execute callback of type 'update_label' with args: []
Traceback (most recent call last):
  File "D:\a\yasb\yasb\src\core\widgets\base.py", line 124, in _run_callback
  File "D:\a\yasb\yasb\src\core\widgets\yasb\libre_monitor.py", line 206, in _update_label
TypeError: float() argument must be a string or a real number, not 'NoneType'
2026-08-12 03:36:02,394 [ERROR] [MainThread] [root/base.py:126]: Failed to execute callback of type 'update_label' with args: []
Traceback (most recent call last):
  File "D:\a\yasb\yasb\src\core\widgets\base.py", line 124, in _run_callback
  File "D:\a\yasb\yasb\src\core\widgets\yasb\libre_monitor.py", line 206, in _update_label
TypeError: float() argument must be a string or a real number, not 'NoneType'
2026-08-12 03:37:02,393 [ERROR] [MainThread] [root/base.py:126]: Failed to execute callback of type 'update_label' with args: []
Traceback (most recent call last):
  File "D:\a\yasb\yasb\src\core\widgets\base.py", line 124, in _run_callback
  File "D:\a\yasb\yasb\src\core\widgets\yasb\libre_monitor.py", line 206, in _update_label
TypeError: float() argument must be a string or a real number, not 'NoneType'
2026-08-12 03:43:02,393 [ERROR] [MainThread] [root/base.py:126]: Failed to execute callback of type 'update_label' with args: []
Traceback (most recent call last):
  File "D:\a\yasb\yasb\src\core\widgets\base.py", line 124, in _run_callback
  File "D:\a\yasb\yasb\src\core\widgets\yasb\libre_monitor.py", line 206, in _update_label
TypeError: float() argument must be a string or a real number, not 'NoneType'
2026-08-12 03:44:02,393 [ERROR] [MainThread] [root/base.py:126]: Failed to execute callback of type 'update_label' with args: []
Traceback (most recent call last):
  File "D:\a\yasb\yasb\src\core\widgets\base.py", line 124, in _run_callback
  File "D:\a\yasb\yasb\src\core\widgets\yasb\libre_monitor.py", line 206, in _update_label
TypeError: float() argument must be a string or a real number, not 'NoneType'
2026-08-12 03:45:02,394 [ERROR] [MainThread] [root/base.py:126]: Failed to execute callback of type 'update_label' with args: []
Traceback (most recent call last):
  File "D:\a\yasb\yasb\src\core\widgets\base.py", line 124, in _run_callback
  File "D:\a\yasb\yasb\src\core\widgets\yasb\libre_monitor.py", line 206, in _update_label
TypeError: float() argument must be a string or a real number, not 'NoneType'
2026-08-12 03:49:02,394 [ERROR] [MainThread] [root/base.py:126]: Failed to execute callback of type 'update_label' with args: []
Traceback (most recent call last):
  File "D:\a\yasb\yasb\src\core\widgets\base.py", line 124, in _run_callback
  File "D:\a\yasb\yasb\src\core\widgets\yasb\libre_monitor.py", line 206, in _update_label
TypeError: float() argument must be a string or a real number, not 'NoneType'
2026-08-12 03:51:02,394 [ERROR] [MainThread] [root/base.py:126]: Failed to execute callback of type 'update_label' with args: []
Traceback (most recent call last):
  File "D:\a\yasb\yasb\src\core\widgets\base.py", line 124, in _run_callback
  File "D:\a\yasb\yasb\src\core\widgets\yasb\libre_monitor.py", line 206, in _update_label
TypeError: float() argument must be a string or a real number, not 'NoneType'
2026-08-12 03:52:02,394 [ERROR] [MainThread] [root/base.py:126]: Failed to execute callback of type 'update_label' with args: []
Traceback (most recent call last):
  File "D:\a\yasb\yasb\src\core\widgets\base.py", line 124, in _run_callback
  File "D:\a\yasb\yasb\src\core\widgets\yasb\libre_monitor.py", line 206, in _update_label
TypeError: float() argument must be a string or a real number, not 'NoneType'
2026-08-12 03:55:02,397 [ERROR] [MainThread] [root/base.py:126]: Failed to execute callback of type 'update_label' with args: []
Traceback (most recent call last):
  File "D:\a\yasb\yasb\src\core\widgets\base.py", line 124, in _run_callback
  File "D:\a\yasb\yasb\src\core\widgets\yasb\libre_monitor.py", line 206, in _update_label
TypeError: float() argument must be a string or a real number, not 'NoneType'
2026-08-12 03:57:02,393 [ERROR] [MainThread] [root/base.py:126]: Failed to execute callback of type 'update_label' with args: []
Traceback (most recent call last):
  File "D:\a\yasb\yasb\src\core\widgets\base.py", line 124, in _run_callback
  File "D:\a\yasb\yasb\src\core\widgets\yasb\libre_monitor.py", line 206, in _update_label
TypeError: float() argument must be a string or a real number, not 'NoneType'
2026-08-12 03:59:02,393 [ERROR] [MainThread] [root/base.py:126]: Failed to execute callback of type 'update_label' with args: []
Traceback (most recent call last):
  File "D:\a\yasb\yasb\src\core\widgets\base.py", line 124, in _run_callback
  File "D:\a\yasb\yasb\src\core\widgets\yasb\libre_monitor.py", line 206, in _update_label
TypeError: float() argument must be a string or a real number, not 'NoneType'
2026-08-12 04:01:02,393 [ERROR] [MainThread] [root/base.py:126]: Failed to execute callback of type 'update_label' with args: []
Traceback (most recent call last):
  File "D:\a\yasb\yasb\src\core\widgets\base.py", line 124, in _run_callback
  File "D:\a\yasb\yasb\src\core\widgets\yasb\libre_monitor.py", line 206, in _update_label
TypeError: float() argument must be a string or a real number, not 'NoneType'
2026-08-12 04:05:02,394 [ERROR] [MainThread] [root/base.py:126]: Failed to execute callback of type 'update_label' with args: []
Traceback (most recent call last):
  File "D:\a\yasb\yasb\src\core\widgets\base.py", line 124, in _run_callback
  File "D:\a\yasb\yasb\src\core\widgets\yasb\libre_monitor.py", line 206, in _update_label
TypeError: float() argument must be a string or a real number, not 'NoneType'
2026-08-12 04:06:02,393 [ERROR] [MainThread] [root/base.py:126]: Failed to execute callback of type 'update_label' with args: []
Traceback (most recent call last):
  File "D:\a\yasb\yasb\src\core\widgets\base.py", line 124, in _run_callback
  File "D:\a\yasb\yasb\src\core\widgets\yasb\libre_monitor.py", line 206, in _update_label
TypeError: float() argument must be a string or a real number, not 'NoneType'
2026-08-12 04:09:02,397 [ERROR] [MainThread] [root/base.py:126]: Failed to execute callback of type 'update_label' with args: []
Traceback (most recent call last):
  File "D:\a\yasb\yasb\src\core\widgets\base.py", line 124, in _run_callback
  File "D:\a\yasb\yasb\src\core\widgets\yasb\libre_monitor.py", line 206, in _update_label
TypeError: float() argument must be a string or a real number, not 'NoneType'
2026-08-12 04:15:02,393 [ERROR] [MainThread] [root/base.py:126]: Failed to execute callback of type 'update_label' with args: []
Traceback (most recent call last):
  File "D:\a\yasb\yasb\src\core\widgets\base.py", line 124, in _run_callback
  File "D:\a\yasb\yasb\src\core\widgets\yasb\libre_monitor.py", line 206, in _update_label
TypeError: float() argument must be a string or a real number, not 'NoneType'
2026-08-12 04:19:02,393 [ERROR] [MainThread] [root/base.py:126]: Failed to execute callback of type 'update_label' with args: []
Traceback (most recent call last):
  File "D:\a\yasb\yasb\src\core\widgets\base.py", line 124, in _run_callback
  File "D:\a\yasb\yasb\src\core\widgets\yasb\libre_monitor.py", line 206, in _update_label
TypeError: float() argument must be a string or a real number, not 'NoneType'
2026-08-12 04:20:02,393 [ERROR] [MainThread] [root/base.py:126]: Failed to execute callback of type 'update_label' with args: []
Traceback (most recent call last):
  File "D:\a\yasb\yasb\src\core\widgets\base.py", line 124, in _run_callback
  File "D:\a\yasb\yasb\src\core\widgets\yasb\libre_monitor.py", line 206, in _update_label
TypeError: float() argument must be a string or a real number, not 'NoneType'
2026-08-12 04:27:02,394 [ERROR] [MainThread] [root/base.py:126]: Failed to execute callback of type 'update_label' with args: []
Traceback (most recent call last):
  File "D:\a\yasb\yasb\src\core\widgets\base.py", line 124, in _run_callback
  File "D:\a\yasb\yasb\src\core\widgets\yasb\libre_monitor.py", line 206, in _update_label
TypeError: float() argument must be a string or a real number, not 'NoneType'
2026-08-12 04:29:02,394 [ERROR] [MainThread] [root/base.py:126]: Failed to execute callback of type 'update_label' with args: []
Traceback (most recent call last):
  File "D:\a\yasb\yasb\src\core\widgets\base.py", line 124, in _run_callback
  File "D:\a\yasb\yasb\src\core\widgets\yasb\libre_monitor.py", line 206, in _update_label
TypeError: float() argument must be a string or a real number, not 'NoneType'
2026-08-12 04:30:02,395 [ERROR] [MainThread] [root/base.py:126]: Failed to execute callback of type 'update_label' with args: []
Traceback (most recent call last):
  File "D:\a\yasb\yasb\src\core\widgets\base.py", line 124, in _run_callback
  File "D:\a\yasb\yasb\src\core\widgets\yasb\libre_monitor.py", line 206, in _update_label
TypeError: float() argument must be a string or a real number, not 'NoneType'
2026-08-12 04:31:02,394 [ERROR] [MainThread] [root/base.py:126]: Failed to execute callback of type 'update_label' with args: []
Traceback (most recent call last):
  File "D:\a\yasb\yasb\src\core\widgets\base.py", line 124, in _run_callback
  File "D:\a\yasb\yasb\src\core\widgets\yasb\libre_monitor.py", line 206, in _update_label
TypeError: float() argument must be a string or a real number, not 'NoneType'
2026-08-12 04:41:02,394 [ERROR] [MainThread] [root/base.py:126]: Failed to execute callback of type 'update_label' with args: []
Traceback (most recent call last):
  File "D:\a\yasb\yasb\src\core\widgets\base.py", line 124, in _run_callback
  File "D:\a\yasb\yasb\src\core\widgets\yasb\libre_monitor.py", line 206, in _update_label
TypeError: float() argument must be a string or a real number, not 'NoneType'
2026-08-12 04:45:02,393 [ERROR] [MainThread] [root/base.py:126]: Failed to execute callback of type 'update_label' with args: []
Traceback (most recent call last):
  File "D:\a\yasb\yasb\src\core\widgets\base.py", line 124, in _run_callback
  File "D:\a\yasb\yasb\src\core\widgets\yasb\libre_monitor.py", line 206, in _update_label
TypeError: float() argument must be a string or a real number, not 'NoneType'
2026-08-12 04:48:02,393 [ERROR] [MainThread] [root/base.py:126]: Failed to execute callback of type 'update_label' with args: []
Traceback (most recent call last):
  File "D:\a\yasb\yasb\src\core\widgets\base.py", line 124, in _run_callback
  File "D:\a\yasb\yasb\src\core\widgets\yasb\libre_monitor.py", line 206, in _update_label
TypeError: float() argument must be a string or a real number, not 'NoneType'
2026-08-12 04:53:02,394 [ERROR] [MainThread] [root/base.py:126]: Failed to execute callback of type 'update_label' with args: []
Traceback (most recent call last):
  File "D:\a\yasb\yasb\src\core\widgets\base.py", line 124, in _run_callback
  File "D:\a\yasb\yasb\src\core\widgets\yasb\libre_monitor.py", line 206, in _update_label
TypeError: float() argument must be a string or a real number, not 'NoneType'
2026-08-12 04:57:02,394 [ERROR] [MainThread] [root/base.py:126]: Failed to execute callback of type 'update_label' with args: []
Traceback (most recent call last):
  File "D:\a\yasb\yasb\src\core\widgets\base.py", line 124, in _run_callback
  File "D:\a\yasb\yasb\src\core\widgets\yasb\libre_monitor.py", line 206, in _update_label
TypeError: float() argument must be a string or a real number, not 'NoneType'
2026-08-12 04:58:02,398 [ERROR] [MainThread] [root/base.py:126]: Failed to execute callback of type 'update_label' with args: []
Traceback (most recent call last):
  File "D:\a\yasb\yasb\src\core\widgets\base.py", line 124, in _run_callback
  File "D:\a\yasb\yasb\src\core\widgets\yasb\libre_monitor.py", line 206, in _update_label
TypeError: float() argument must be a string or a real number, not 'NoneType'
2026-08-12 05:01:02,393 [ERROR] [MainThread] [root/base.py:126]: Failed to execute callback of type 'update_label' with args: []
Traceback (most recent call last):
  File "D:\a\yasb\yasb\src\core\widgets\base.py", line 124, in _run_callback
  File "D:\a\yasb\yasb\src\core\widgets\yasb\libre_monitor.py", line 206, in _update_label
TypeError: float() argument must be a string or a real number, not 'NoneType'
2026-08-12 05:02:02,394 [ERROR] [MainThread] [root/base.py:126]: Failed to execute callback of type 'update_label' with args: []
Traceback (most recent call last):
  File "D:\a\yasb\yasb\src\core\widgets\base.py", line 124, in _run_callback
  File "D:\a\yasb\yasb\src\core\widgets\yasb\libre_monitor.py", line 206, in _update_label
TypeError: float() argument must be a string or a real number, not 'NoneType'
2026-08-12 05:05:02,395 [ERROR] [MainThread] [root/base.py:126]: Failed to execute callback of type 'update_label' with args: []
Traceback (most recent call last):
  File "D:\a\yasb\yasb\src\core\widgets\base.py", line 124, in _run_callback
  File "D:\a\yasb\yasb\src\core\widgets\yasb\libre_monitor.py", line 206, in _update_label
TypeError: float() argument must be a string or a real number, not 'NoneType'
2026-08-12 05:15:02,393 [ERROR] [MainThread] [root/base.py:126]: Failed to execute callback of type 'update_label' with args: []
Traceback (most recent call last):
  File "D:\a\yasb\yasb\src\core\widgets\base.py", line 124, in _run_callback
  File "D:\a\yasb\yasb\src\core\widgets\yasb\libre_monitor.py", line 206, in _update_label
TypeError: float() argument must be a string or a real number, not 'NoneType'
2026-08-12 05:21:02,394 [ERROR] [MainThread] [root/base.py:126]: Failed to execute callback of type 'update_label' with args: []
Traceback (most recent call last):
  File "D:\a\yasb\yasb\src\core\widgets\base.py", line 124, in _run_callback
  File "D:\a\yasb\yasb\src\core\widgets\yasb\libre_monitor.py", line 206, in _update_label
TypeError: float() argument must be a string or a real number, not 'NoneType'
2026-08-12 05:22:02,393 [ERROR] [MainThread] [root/base.py:126]: Failed to execute callback of type 'update_label' with args: []
Traceback (most recent call last):
  File "D:\a\yasb\yasb\src\core\widgets\base.py", line 124, in _run_callback
  File "D:\a\yasb\yasb\src\core\widgets\yasb\libre_monitor.py", line 206, in _update_label
TypeError: float() argument must be a string or a real number, not 'NoneType'
2026-08-12 05:28:02,393 [ERROR] [MainThread] [root/base.py:126]: Failed to execute callback of type 'update_label' with args: []
Traceback (most recent call last):
  File "D:\a\yasb\yasb\src\core\widgets\base.py", line 124, in _run_callback
  File "D:\a\yasb\yasb\src\core\widgets\yasb\libre_monitor.py", line 206, in _update_label
TypeError: float() argument must be a string or a real number, not 'NoneType'
2026-08-12 05:29:02,394 [ERROR] [MainThread] [root/base.py:126]: Failed to execute callback of type 'update_label' with args: []
Traceback (most recent call last):
  File "D:\a\yasb\yasb\src\core\widgets\base.py", line 124, in _run_callback
  File "D:\a\yasb\yasb\src\core\widgets\yasb\libre_monitor.py", line 206, in _update_label
TypeError: float() argument must be a string or a real number, not 'NoneType'
2026-08-12 05:30:02,394 [ERROR] [MainThread] [root/base.py:126]: Failed to execute callback of type 'update_label' with args: []
Traceback (most recent call last):
  File "D:\a\yasb\yasb\src\core\widgets\base.py", line 124, in _run_callback
  File "D:\a\yasb\yasb\src\core\widgets\yasb\libre_monitor.py", line 206, in _update_label
TypeError: float() argument must be a string or a real number, not 'NoneType'
2026-08-12 05:32:02,393 [ERROR] [MainThread] [root/base.py:126]: Failed to execute callback of type 'update_label' with args: []
Traceback (most recent call last):
  File "D:\a\yasb\yasb\src\core\widgets\base.py", line 124, in _run_callback
  File "D:\a\yasb\yasb\src\core\widgets\yasb\libre_monitor.py", line 206, in _update_label
TypeError: float() argument must be a string or a real number, not 'NoneType'
2026-08-12 05:33:02,396 [ERROR] [MainThread] [root/base.py:126]: Failed to execute callback of type 'update_label' with args: []
Traceback (most recent call last):
  File "D:\a\yasb\yasb\src\core\widgets\base.py", line 124, in _run_callback
  File "D:\a\yasb\yasb\src\core\widgets\yasb\libre_monitor.py", line 206, in _update_label
TypeError: float() argument must be a string or a real number, not 'NoneType'
2026-08-12 05:40:02,395 [ERROR] [MainThread] [root/base.py:126]: Failed to execute callback of type 'update_label' with args: []
Traceback (most recent call last):
  File "D:\a\yasb\yasb\src\core\widgets\base.py", line 124, in _run_callback
  File "D:\a\yasb\yasb\src\core\widgets\yasb\libre_monitor.py", line 206, in _update_label
TypeError: float() argument must be a string or a real number, not 'NoneType'
2026-08-12 05:42:02,394 [ERROR] [MainThread] [root/base.py:126]: Failed to execute callback of type 'update_label' with args: []
Traceback (most recent call last):
  File "D:\a\yasb\yasb\src\core\widgets\base.py", line 124, in _run_callback
  File "D:\a\yasb\yasb\src\core\widgets\yasb\libre_monitor.py", line 206, in _update_label
TypeError: float() argument must be a string or a real number, not 'NoneType'
2026-08-12 05:43:02,394 [ERROR] [MainThread] [root/base.py:126]: Failed to execute callback of type 'update_label' with args: []
Traceback (most recent call last):
  File "D:\a\yasb\yasb\src\core\widgets\base.py", line 124, in _run_callback
  File "D:\a\yasb\yasb\src\core\widgets\yasb\libre_monitor.py", line 206, in _update_label
TypeError: float() argument must be a string or a real number, not 'NoneType'
2026-08-12 05:50:02,393 [ERROR] [MainThread] [root/base.py:126]: Failed to execute callback of type 'update_label' with args: []
Traceback (most recent call last):
  File "D:\a\yasb\yasb\src\core\widgets\base.py", line 124, in _run_callback
  File "D:\a\yasb\yasb\src\core\widgets\yasb\libre_monitor.py", line 206, in _update_label
TypeError: float() argument must be a string or a real number, not 'NoneType'
2026-08-12 05:51:02,393 [ERROR] [MainThread] [root/base.py:126]: Failed to execute callback of type 'update_label' with args: []
Traceback (most recent call last):
  File "D:\a\yasb\yasb\src\core\widgets\base.py", line 124, in _run_callback
  File "D:\a\yasb\yasb\src\core\widgets\yasb\libre_monitor.py", line 206, in _update_label
TypeError: float() argument must be a string or a real number, not 'NoneType'
2026-08-12 05:57:02,394 [ERROR] [MainThread] [root/base.py:126]: Failed to execute callback of type 'update_label' with args: []
Traceback (most recent call last):
  File "D:\a\yasb\yasb\src\core\widgets\base.py", line 124, in _run_callback
  File "D:\a\yasb\yasb\src\core\widgets\yasb\libre_monitor.py", line 206, in _update_label
TypeError: float() argument must be a string or a real number, not 'NoneType'
2026-08-12 06:00:02,393 [ERROR] [MainThread] [root/base.py:126]: Failed to execute callback of type 'update_label' with args: []
Traceback (most recent call last):
  File "D:\a\yasb\yasb\src\core\widgets\base.py", line 124, in _run_callback
  File "D:\a\yasb\yasb\src\core\widgets\yasb\libre_monitor.py", line 206, in _update_label
TypeError: float() argument must be a string or a real number, not 'NoneType'
2026-08-12 06:02:02,394 [ERROR] [MainThread] [root/base.py:126]: Failed to execute callback of type 'update_label' with args: []
Traceback (most recent call last):
  File "D:\a\yasb\yasb\src\core\widgets\base.py", line 124, in _run_callback
  File "D:\a\yasb\yasb\src\core\widgets\yasb\libre_monitor.py", line 206, in _update_label
TypeError: float() argument must be a string or a real number, not 'NoneType'
2026-08-12 06:04:02,394 [ERROR] [MainThread] [root/base.py:126]: Failed to execute callback of type 'update_label' with args: []
Traceback (most recent call last):
  File "D:\a\yasb\yasb\src\core\widgets\base.py", line 124, in _run_callback
  File "D:\a\yasb\yasb\src\core\widgets\yasb\libre_monitor.py", line 206, in _update_label
TypeError: float() argument must be a string or a real number, not 'NoneType'
2026-08-12 06:08:02,396 [ERROR] [MainThread] [root/base.py:126]: Failed to execute callback of type 'update_label' with args: []
Traceback (most recent call last):
  File "D:\a\yasb\yasb\src\core\widgets\base.py", line 124, in _run_callback
  File "D:\a\yasb\yasb\src\core\widgets\yasb\libre_monitor.py", line 206, in _update_label
TypeError: float() argument must be a string or a real number, not 'NoneType'
2026-08-12 06:16:42,394 [ERROR] [MainThread] [root/base.py:126]: Failed to execute callback of type 'update_label' with args: []
Traceback (most recent call last):
  File "D:\a\yasb\yasb\src\core\widgets\base.py", line 124, in _run_callback
  File "D:\a\yasb\yasb\src\core\widgets\yasb\libre_monitor.py", line 206, in _update_label
TypeError: float() argument must be a string or a real number, not 'NoneType'
2026-08-12 06:18:02,393 [ERROR] [MainThread] [root/base.py:126]: Failed to execute callback of type 'update_label' with args: []
Traceback (most recent call last):
  File "D:\a\yasb\yasb\src\core\widgets\base.py", line 124, in _run_callback
  File "D:\a\yasb\yasb\src\core\widgets\yasb\libre_monitor.py", line 206, in _update_label
TypeError: float() argument must be a string or a real number, not 'NoneType'
2026-08-12 06:19:02,393 [ERROR] [MainThread] [root/base.py:126]: Failed to execute callback of type 'update_label' with args: []
Traceback (most recent call last):
  File "D:\a\yasb\yasb\src\core\widgets\base.py", line 124, in _run_callback
  File "D:\a\yasb\yasb\src\core\widgets\yasb\libre_monitor.py", line 206, in _update_label
TypeError: float() argument must be a string or a real number, not 'NoneType'
2026-08-12 06:24:02,393 [ERROR] [MainThread] [root/base.py:126]: Failed to execute callback of type 'update_label' with args: []
Traceback (most recent call last):
  File "D:\a\yasb\yasb\src\core\widgets\base.py", line 124, in _run_callback
  File "D:\a\yasb\yasb\src\core\widgets\yasb\libre_monitor.py", line 206, in _update_label
TypeError: float() argument must be a string or a real number, not 'NoneType'
2026-08-12 06:29:02,396 [ERROR] [MainThread] [root/base.py:126]: Failed to execute callback of type 'update_label' with args: []
Traceback (most recent call last):
  File "D:\a\yasb\yasb\src\core\widgets\base.py", line 124, in _run_callback
  File "D:\a\yasb\yasb\src\core\widgets\yasb\libre_monitor.py", line 206, in _update_label
TypeError: float() argument must be a string or a real number, not 'NoneType'
2026-08-12 06:39:02,394 [ERROR] [MainThread] [root/base.py:126]: Failed to execute callback of type 'update_label' with args: []
Traceback (most recent call last):
  File "D:\a\yasb\yasb\src\core\widgets\base.py", line 124, in _run_callback
  File "D:\a\yasb\yasb\src\core\widgets\yasb\libre_monitor.py", line 206, in _update_label
TypeError: float() argument must be a string or a real number, not 'NoneType'
2026-08-12 06:40:02,394 [ERROR] [MainThread] [root/base.py:126]: Failed to execute callback of type 'update_label' with args: []
Traceback (most recent call last):
  File "D:\a\yasb\yasb\src\core\widgets\base.py", line 124, in _run_callback
  File "D:\a\yasb\yasb\src\core\widgets\yasb\libre_monitor.py", line 206, in _update_label
TypeError: float() argument must be a string or a real number, not 'NoneType'
2026-08-12 06:43:02,395 [ERROR] [MainThread] [root/base.py:126]: Failed to execute callback of type 'update_label' with args: []
Traceback (most recent call last):
  File "D:\a\yasb\yasb\src\core\widgets\base.py", line 124, in _run_callback
  File "D:\a\yasb\yasb\src\core\widgets\yasb\libre_monitor.py", line 206, in _update_label
TypeError: float() argument must be a string or a real number, not 'NoneType'
2026-08-12 06:45:02,394 [ERROR] [MainThread] [root/base.py:126]: Failed to execute callback of type 'update_label' with args: []
Traceback (most recent call last):
  File "D:\a\yasb\yasb\src\core\widgets\base.py", line 124, in _run_callback
  File "D:\a\yasb\yasb\src\core\widgets\yasb\libre_monitor.py", line 206, in _update_label
TypeError: float() argument must be a string or a real number, not 'NoneType'
2026-08-12 06:48:02,393 [ERROR] [MainThread] [root/base.py:126]: Failed to execute callback of type 'update_label' with args: []
Traceback (most recent call last):
  File "D:\a\yasb\yasb\src\core\widgets\base.py", line 124, in _run_callback
  File "D:\a\yasb\yasb\src\core\widgets\yasb\libre_monitor.py", line 206, in _update_label
TypeError: float() argument must be a string or a real number, not 'NoneType'
2026-08-12 06:49:02,393 [ERROR] [MainThread] [root/base.py:126]: Failed to execute callback of type 'update_label' with args: []
Traceback (most recent call last):
  File "D:\a\yasb\yasb\src\core\widgets\base.py", line 124, in _run_callback
  File "D:\a\yasb\yasb\src\core\widgets\yasb\libre_monitor.py", line 206, in _update_label
TypeError: float() argument must be a string or a real number, not 'NoneType'
2026-08-12 06:51:02,393 [ERROR] [MainThread] [root/base.py:126]: Failed to execute callback of type 'update_label' with args: []
Traceback (most recent call last):
  File "D:\a\yasb\yasb\src\core\widgets\base.py", line 124, in _run_callback
  File "D:\a\yasb\yasb\src\core\widgets\yasb\libre_monitor.py", line 206, in _update_label
TypeError: float() argument must be a string or a real number, not 'NoneType'
2026-08-12 06:52:02,394 [ERROR] [MainThread] [root/base.py:126]: Failed to execute callback of type 'update_label' with args: []
Traceback (most recent call last):
  File "D:\a\yasb\yasb\src\core\widgets\base.py", line 124, in _run_callback
  File "D:\a\yasb\yasb\src\core\widgets\yasb\libre_monitor.py", line 206, in _update_label
TypeError: float() argument must be a string or a real number, not 'NoneType'
2026-08-12 06:53:02,394 [ERROR] [MainThread] [root/base.py:126]: Failed to execute callback of type 'update_label' with args: []
Traceback (most recent call last):
  File "D:\a\yasb\yasb\src\core\widgets\base.py", line 124, in _run_callback
  File "D:\a\yasb\yasb\src\core\widgets\yasb\libre_monitor.py", line 206, in _update_label
TypeError: float() argument must be a string or a real number, not 'NoneType'
2026-08-12 06:54:02,394 [ERROR] [MainThread] [root/base.py:126]: Failed to execute callback of type 'update_label' with args: []
Traceback (most recent call last):
  File "D:\a\yasb\yasb\src\core\widgets\base.py", line 124, in _run_callback
  File "D:\a\yasb\yasb\src\core\widgets\yasb\libre_monitor.py", line 206, in _update_label
TypeError: float() argument must be a string or a real number, not 'NoneType'
2026-08-12 06:56:02,393 [ERROR] [MainThread] [root/base.py:126]: Failed to execute callback of type 'update_label' with args: []
Traceback (most recent call last):
  File "D:\a\yasb\yasb\src\core\widgets\base.py", line 124, in _run_callback
  File "D:\a\yasb\yasb\src\core\widgets\yasb\libre_monitor.py", line 206, in _update_label
TypeError: float() argument must be a string or a real number, not 'NoneType'
2026-08-12 07:00:02,393 [ERROR] [MainThread] [root/base.py:126]: Failed to execute callback of type 'update_label' with args: []
Traceback (most recent call last):
  File "D:\a\yasb\yasb\src\core\widgets\base.py", line 124, in _run_callback
  File "D:\a\yasb\yasb\src\core\widgets\yasb\libre_monitor.py", line 206, in _update_label
TypeError: float() argument must be a string or a real number, not 'NoneType'
2026-08-12 07:01:02,393 [ERROR] [MainThread] [root/base.py:126]: Failed to execute callback of type 'update_label' with args: []
Traceback (most recent call last):
  File "D:\a\yasb\yasb\src\core\widgets\base.py", line 124, in _run_callback
  File "D:\a\yasb\yasb\src\core\widgets\yasb\libre_monitor.py", line 206, in _update_label
TypeError: float() argument must be a string or a real number, not 'NoneType'
2026-08-12 07:06:02,393 [ERROR] [MainThread] [root/base.py:126]: Failed to execute callback of type 'update_label' with args: []
Traceback (most recent call last):
  File "D:\a\yasb\yasb\src\core\widgets\base.py", line 124, in _run_callback
  File "D:\a\yasb\yasb\src\core\widgets\yasb\libre_monitor.py", line 206, in _update_label
TypeError: float() argument must be a string or a real number, not 'NoneType'
2026-08-12 07:13:02,393 [ERROR] [MainThread] [root/base.py:126]: Failed to execute callback of type 'update_label' with args: []
Traceback (most recent call last):
  File "D:\a\yasb\yasb\src\core\widgets\base.py", line 124, in _run_callback
  File "D:\a\yasb\yasb\src\core\widgets\yasb\libre_monitor.py", line 206, in _update_label
TypeError: float() argument must be a string or a real number, not 'NoneType'
2026-08-12 07:16:36,393 [ERROR] [MainThread] [root/base.py:126]: Failed to execute callback of type 'update_label' with args: []
Traceback (most recent call last):
  File "D:\a\yasb\yasb\src\core\widgets\base.py", line 124, in _run_callback
  File "D:\a\yasb\yasb\src\core\widgets\yasb\libre_monitor.py", line 206, in _update_label
TypeError: float() argument must be a string or a real number, not 'NoneType'
2026-08-12 07:28:02,393 [ERROR] [MainThread] [root/base.py:126]: Failed to execute callback of type 'update_label' with args: []
Traceback (most recent call last):
  File "D:\a\yasb\yasb\src\core\widgets\base.py", line 124, in _run_callback
  File "D:\a\yasb\yasb\src\core\widgets\yasb\libre_monitor.py", line 206, in _update_label
TypeError: float() argument must be a string or a real number, not 'NoneType'
2026-08-12 07:33:02,393 [ERROR] [MainThread] [root/base.py:126]: Failed to execute callback of type 'update_label' with args: []
Traceback (most recent call last):
  File "D:\a\yasb\yasb\src\core\widgets\base.py", line 124, in _run_callback
  File "D:\a\yasb\yasb\src\core\widgets\yasb\libre_monitor.py", line 206, in _update_label
TypeError: float() argument must be a string or a real number, not 'NoneType'
2026-08-12 07:46:02,395 [ERROR] [MainThread] [root/base.py:126]: Failed to execute callback of type 'update_label' with args: []
Traceback (most recent call last):
  File "D:\a\yasb\yasb\src\core\widgets\base.py", line 124, in _run_callback
  File "D:\a\yasb\yasb\src\core\widgets\yasb\libre_monitor.py", line 206, in _update_label
TypeError: float() argument must be a string or a real number, not 'NoneType'
2026-08-12 07:54:02,393 [ERROR] [MainThread] [root/base.py:126]: Failed to execute callback of type 'update_label' with args: []
Traceback (most recent call last):
  File "D:\a\yasb\yasb\src\core\widgets\base.py", line 124, in _run_callback
  File "D:\a\yasb\yasb\src\core\widgets\yasb\libre_monitor.py", line 206, in _update_label
TypeError: float() argument must be a string or a real number, not 'NoneType'
2026-08-12 07:56:02,394 [ERROR] [MainThread] [root/base.py:126]: Failed to execute callback of type 'update_label' with args: []
Traceback (most recent call last):
  File "D:\a\yasb\yasb\src\core\widgets\base.py", line 124, in _run_callback
  File "D:\a\yasb\yasb\src\core\widgets\yasb\libre_monitor.py", line 206, in _update_label
TypeError: float() argument must be a string or a real number, not 'NoneType'
2026-08-12 08:02:02,394 [ERROR] [MainThread] [root/base.py:126]: Failed to execute callback of type 'update_label' with args: []
Traceback (most recent call last):
  File "D:\a\yasb\yasb\src\core\widgets\base.py", line 124, in _run_callback
  File "D:\a\yasb\yasb\src\core\widgets\yasb\libre_monitor.py", line 206, in _update_label
TypeError: float() argument must be a string or a real number, not 'NoneType'
2026-08-12 08:14:02,396 [ERROR] [MainThread] [root/base.py:126]: Failed to execute callback of type 'update_label' with args: []
Traceback (most recent call last):
  File "D:\a\yasb\yasb\src\core\widgets\base.py", line 124, in _run_callback
  File "D:\a\yasb\yasb\src\core\widgets\yasb\libre_monitor.py", line 206, in _update_label
TypeError: float() argument must be a string or a real number, not 'NoneType'
2026-08-12 08:17:02,393 [ERROR] [MainThread] [root/base.py:126]: Failed to execute callback of type 'update_label' with args: []
Traceback (most recent call last):
  File "D:\a\yasb\yasb\src\core\widgets\base.py", line 124, in _run_callback
  File "D:\a\yasb\yasb\src\core\widgets\yasb\libre_monitor.py", line 206, in _update_label
TypeError: float() argument must be a string or a real number, not 'NoneType'
2026-08-12 08:22:02,393 [ERROR] [MainThread] [root/base.py:126]: Failed to execute callback of type 'update_label' with args: []
Traceback (most recent call last):
  File "D:\a\yasb\yasb\src\core\widgets\base.py", line 124, in _run_callback
  File "D:\a\yasb\yasb\src\core\widgets\yasb\libre_monitor.py", line 206, in _update_label
TypeError: float() argument must be a string or a real number, not 'NoneType'
2026-08-12 08:27:02,394 [ERROR] [MainThread] [root/base.py:126]: Failed to execute callback of type 'update_label' with args: []
Traceback (most recent call last):
  File "D:\a\yasb\yasb\src\core\widgets\base.py", line 124, in _run_callback
  File "D:\a\yasb\yasb\src\core\widgets\yasb\libre_monitor.py", line 206, in _update_label
TypeError: float() argument must be a string or a real number, not 'NoneType'
2026-08-12 08:30:02,393 [ERROR] [MainThread] [root/base.py:126]: Failed to execute callback of type 'update_label' with args: []
Traceback (most recent call last):
  File "D:\a\yasb\yasb\src\core\widgets\base.py", line 124, in _run_callback
  File "D:\a\yasb\yasb\src\core\widgets\yasb\libre_monitor.py", line 206, in _update_label
TypeError: float() argument must be a string or a real number, not 'NoneType'
2026-08-12 08:37:02,394 [ERROR] [MainThread] [root/base.py:126]: Failed to execute callback of type 'update_label' with args: []
Traceback (most recent call last):
  File "D:\a\yasb\yasb\src\core\widgets\base.py", line 124, in _run_callback
  File "D:\a\yasb\yasb\src\core\widgets\yasb\libre_monitor.py", line 206, in _update_label
TypeError: float() argument must be a string or a real number, not 'NoneType'
2026-08-12 08:42:02,395 [ERROR] [MainThread] [root/base.py:126]: Failed to execute callback of type 'update_label' with args: []
Traceback (most recent call last):
  File "D:\a\yasb\yasb\src\core\widgets\base.py", line 124, in _run_callback
  File "D:\a\yasb\yasb\src\core\widgets\yasb\libre_monitor.py", line 206, in _update_label
TypeError: float() argument must be a string or a real number, not 'NoneType'
2026-08-12 08:46:02,393 [ERROR] [MainThread] [root/base.py:126]: Failed to execute callback of type 'update_label' with args: []
Traceback (most recent call last):
  File "D:\a\yasb\yasb\src\core\widgets\base.py", line 124, in _run_callback
  File "D:\a\yasb\yasb\src\core\widgets\yasb\libre_monitor.py", line 206, in _update_label
TypeError: float() argument must be a string or a real number, not 'NoneType'
2026-08-12 08:52:02,394 [ERROR] [MainThread] [root/base.py:126]: Failed to execute callback of type 'update_label' with args: []
Traceback (most recent call last):
  File "D:\a\yasb\yasb\src\core\widgets\base.py", line 124, in _run_callback
  File "D:\a\yasb\yasb\src\core\widgets\yasb\libre_monitor.py", line 206, in _update_label
TypeError: float() argument must be a string or a real number, not 'NoneType'
2026-08-12 08:53:02,394 [ERROR] [MainThread] [root/base.py:126]: Failed to execute callback of type 'update_label' with args: []
Traceback (most recent call last):
  File "D:\a\yasb\yasb\src\core\widgets\base.py", line 124, in _run_callback
  File "D:\a\yasb\yasb\src\core\widgets\yasb\libre_monitor.py", line 206, in _update_label
TypeError: float() argument must be a string or a real number, not 'NoneType'
2026-08-12 09:10:02,395 [ERROR] [MainThread] [root/base.py:126]: Failed to execute callback of type 'update_label' with args: []
Traceback (most recent call last):
  File "D:\a\yasb\yasb\src\core\widgets\base.py", line 124, in _run_callback
  File "D:\a\yasb\yasb\src\core\widgets\yasb\libre_monitor.py", line 206, in _update_label
TypeError: float() argument must be a string or a real number, not 'NoneType'
2026-08-12 09:14:02,394 [ERROR] [MainThread] [root/base.py:126]: Failed to execute callback of type 'update_label' with args: []
Traceback (most recent call last):
  File "D:\a\yasb\yasb\src\core\widgets\base.py", line 124, in _run_callback
  File "D:\a\yasb\yasb\src\core\widgets\yasb\libre_monitor.py", line 206, in _update_label
TypeError: float() argument must be a string or a real number, not 'NoneType'
2026-08-12 09:25:02,393 [ERROR] [MainThread] [root/base.py:126]: Failed to execute callback of type 'update_label' with args: []
Traceback (most recent call last):
  File "D:\a\yasb\yasb\src\core\widgets\base.py", line 124, in _run_callback
  File "D:\a\yasb\yasb\src\core\widgets\yasb\libre_monitor.py", line 206, in _update_label
TypeError: float() argument must be a string or a real number, not 'NoneType'
2026-08-12 09:27:02,393 [ERROR] [MainThread] [root/base.py:126]: Failed to execute callback of type 'update_label' with args: []
Traceback (most recent call last):
  File "D:\a\yasb\yasb\src\core\widgets\base.py", line 124, in _run_callback
  File "D:\a\yasb\yasb\src\core\widgets\yasb\libre_monitor.py", line 206, in _update_label
TypeError: float() argument must be a string or a real number, not 'NoneType'
2026-08-12 09:34:02,393 [ERROR] [MainThread] [root/base.py:126]: Failed to execute callback of type 'update_label' with args: []
Traceback (most recent call last):
  File "D:\a\yasb\yasb\src\core\widgets\base.py", line 124, in _run_callback
  File "D:\a\yasb\yasb\src\core\widgets\yasb\libre_monitor.py", line 206, in _update_label
TypeError: float() argument must be a string or a real number, not 'NoneType'
2026-08-12 15:14:02,440 [ERROR] [MainThread] [root/base.py:126]: Failed to execute callback of type 'update_label' with args: []
Traceback (most recent call last):
  File "D:\a\yasb\yasb\src\core\widgets\base.py", line 124, in _run_callback
  File "D:\a\yasb\yasb\src\core\widgets\yasb\libre_monitor.py", line 206, in _update_label
TypeError: float() argument must be a string or a real number, not 'NoneType'
2026-08-13 19:32:00,489 [ERROR] [MainThread] [root/base.py:126]: Failed to execute callback of type 'update_label' with args: []
Traceback (most recent call last):
  File "D:\a\yasb\yasb\src\core\widgets\base.py", line 124, in _run_callback
  File "D:\a\yasb\yasb\src\core\widgets\yasb\libre_monitor.py", line 206, in _update_label
TypeError: float() argument must be a string or a real number, not 'NoneType'
2026-08-13 20:30:02,521 [ERROR] [MainThread] [root/base.py:126]: Failed to execute callback of type 'update_label' with args: []
Traceback (most recent call last):
  File "D:\a\yasb\yasb\src\core\widgets\base.py", line 124, in _run_callback
  File "D:\a\yasb\yasb\src\core\widgets\yasb\libre_monitor.py", line 206, in _update_label
TypeError: float() argument must be a string or a real number, not 'NoneType'
2026-08-13 22:19:02,596 [ERROR] [MainThread] [root/base.py:126]: Failed to execute callback of type 'update_label' with args: []
Traceback (most recent call last):
  File "D:\a\yasb\yasb\src\core\widgets\base.py", line 124, in _run_callback
  File "D:\a\yasb\yasb\src\core\widgets\yasb\libre_monitor.py", line 206, in _update_label
TypeError: float() argument must be a string or a real number, not 'NoneType'
2026-08-13 23:46:02,599 [ERROR] [MainThread] [root/base.py:126]: Failed to execute callback of type 'update_label' with args: []
Traceback (most recent call last):
  File "D:\a\yasb\yasb\src\core\widgets\base.py", line 124, in _run_callback
  File "D:\a\yasb\yasb\src\core\widgets\yasb\libre_monitor.py", line 206, in _update_label
TypeError: float() argument must be a string or a real number, not 'NoneType'
2026-08-14 00:10:02,601 [ERROR] [MainThread] [root/base.py:126]: Failed to execute callback of type 'update_label' with args: []
Traceback (most recent call last):
  File "D:\a\yasb\yasb\src\core\widgets\base.py", line 124, in _run_callback
  File "D:\a\yasb\yasb\src\core\widgets\yasb\libre_monitor.py", line 206, in _update_label
TypeError: float() argument must be a string or a real number, not 'NoneType'
2026-08-14 00:39:02,596 [ERROR] [MainThread] [root/base.py:126]: Failed to execute callback of type 'update_label' with args: []
Traceback (most recent call last):
  File "D:\a\yasb\yasb\src\core\widgets\base.py", line 124, in _run_callback
  File "D:\a\yasb\yasb\src\core\widgets\yasb\libre_monitor.py", line 206, in _update_label
TypeError: float() argument must be a string or a real number, not 'NoneType'
2026-08-14 00:57:02,596 [ERROR] [MainThread] [root/base.py:126]: Failed to execute callback of type 'update_label' with args: []
Traceback (most recent call last):
  File "D:\a\yasb\yasb\src\core\widgets\base.py", line 124, in _run_callback
  File "D:\a\yasb\yasb\src\core\widgets\yasb\libre_monitor.py", line 206, in _update_label
TypeError: float() argument must be a string or a real number, not 'NoneType'
2026-08-14 01:55:02,596 [ERROR] [MainThread] [root/base.py:126]: Failed to execute callback of type 'update_label' with args: []
Traceback (most recent call last):
  File "D:\a\yasb\yasb\src\core\widgets\base.py", line 124, in _run_callback
  File "D:\a\yasb\yasb\src\core\widgets\yasb\libre_monitor.py", line 206, in _update_label
TypeError: float() argument must be a string or a real number, not 'NoneType'
2026-08-14 02:45:02,596 [ERROR] [MainThread] [root/base.py:126]: Failed to execute callback of type 'update_label' with args: []
Traceback (most recent call last):
  File "D:\a\yasb\yasb\src\core\widgets\base.py", line 124, in _run_callback
  File "D:\a\yasb\yasb\src\core\widgets\yasb\libre_monitor.py", line 206, in _update_label
TypeError: float() argument must be a string or a real number, not 'NoneType'
2026-08-14 03:34:02,596 [ERROR] [MainThread] [root/base.py:126]: Failed to execute callback of type 'update_label' with args: []
Traceback (most recent call last):
  File "D:\a\yasb\yasb\src\core\widgets\base.py", line 124, in _run_callback
  File "D:\a\yasb\yasb\src\core\widgets\yasb\libre_monitor.py", line 206, in _update_label
TypeError: float() argument must be a string or a real number, not 'NoneType'
2026-08-14 04:04:02,596 [ERROR] [MainThread] [root/base.py:126]: Failed to execute callback of type 'update_label' with args: []
Traceback (most recent call last):
  File "D:\a\yasb\yasb\src\core\widgets\base.py", line 124, in _run_callback
  File "D:\a\yasb\yasb\src\core\widgets\yasb\libre_monitor.py", line 206, in _update_label
TypeError: float() argument must be a string or a real number, not 'NoneType'
2026-08-14 04:16:02,596 [ERROR] [MainThread] [root/base.py:126]: Failed to execute callback of type 'update_label' with args: []
Traceback (most recent call last):
  File "D:\a\yasb\yasb\src\core\widgets\base.py", line 124, in _run_callback
  File "D:\a\yasb\yasb\src\core\widgets\yasb\libre_monitor.py", line 206, in _update_label
TypeError: float() argument must be a string or a real number, not 'NoneType'
2026-08-14 04:22:02,601 [ERROR] [MainThread] [root/base.py:126]: Failed to execute callback of type 'update_label' with args: []
Traceback (most recent call last):
  File "D:\a\yasb\yasb\src\core\widgets\base.py", line 124, in _run_callback
  File "D:\a\yasb\yasb\src\core\widgets\yasb\libre_monitor.py", line 206, in _update_label
TypeError: float() argument must be a string or a real number, not 'NoneType'
2026-08-14 05:33:02,600 [ERROR] [MainThread] [root/base.py:126]: Failed to execute callback of type 'update_label' with args: []
Traceback (most recent call last):
  File "D:\a\yasb\yasb\src\core\widgets\base.py", line 124, in _run_callback
  File "D:\a\yasb\yasb\src\core\widgets\yasb\libre_monitor.py", line 206, in _update_label
TypeError: float() argument must be a string or a real number, not 'NoneType'
2026-08-14 05:40:02,596 [ERROR] [MainThread] [root/base.py:126]: Failed to execute callback of type 'update_label' with args: []
Traceback (most recent call last):
  File "D:\a\yasb\yasb\src\core\widgets\base.py", line 124, in _run_callback
  File "D:\a\yasb\yasb\src\core\widgets\yasb\libre_monitor.py", line 206, in _update_label
TypeError: float() argument must be a string or a real number, not 'NoneType'
2026-08-14 05:51:02,599 [ERROR] [MainThread] [root/base.py:126]: Failed to execute callback of type 'update_label' with args: []
Traceback (most recent call last):
  File "D:\a\yasb\yasb\src\core\widgets\base.py", line 124, in _run_callback
  File "D:\a\yasb\yasb\src\core\widgets\yasb\libre_monitor.py", line 206, in _update_label
TypeError: float() argument must be a string or a real number, not 'NoneType'
2026-08-14 06:58:02,601 [ERROR] [MainThread] [root/base.py:126]: Failed to execute callback of type 'update_label' with args: []
Traceback (most recent call last):
  File "D:\a\yasb\yasb\src\core\widgets\base.py", line 124, in _run_callback
  File "D:\a\yasb\yasb\src\core\widgets\yasb\libre_monitor.py", line 206, in _update_label
TypeError: float() argument must be a string or a real number, not 'NoneType'
2026-08-14 08:59:02,602 [ERROR] [MainThread] [root/base.py:126]: Failed to execute callback of type 'update_label' with args: []
Traceback (most recent call last):
  File "D:\a\yasb\yasb\src\core\widgets\base.py", line 124, in _run_callback
  File "D:\a\yasb\yasb\src\core\widgets\yasb\libre_monitor.py", line 206, in _update_label
TypeError: float() argument must be a string or a real number, not 'NoneType'
2026-08-14 09:52:02,597 [ERROR] [MainThread] [root/base.py:126]: Failed to execute callback of type 'update_label' with args: []
Traceback (most recent call last):
  File "D:\a\yasb\yasb\src\core\widgets\base.py", line 124, in _run_callback
  File "D:\a\yasb\yasb\src\core\widgets\yasb\libre_monitor.py", line 206, in _update_label
TypeError: float() argument must be a string or a real number, not 'NoneType'
2026-08-14 11:19:02,598 [ERROR] [MainThread] [root/base.py:126]: Failed to execute callback of type 'update_label' with args: []
Traceback (most recent call last):
  File "D:\a\yasb\yasb\src\core\widgets\base.py", line 124, in _run_callback
  File "D:\a\yasb\yasb\src\core\widgets\yasb\libre_monitor.py", line 206, in _update_label
TypeError: float() argument must be a string or a real number, not 'NoneType'
2026-08-14 14:19:02,596 [ERROR] [MainThread] [root/base.py:126]: Failed to execute callback of type 'update_label' with args: []
Traceback (most recent call last):
  File "D:\a\yasb\yasb\src\core\widgets\base.py", line 124, in _run_callback
  File "D:\a\yasb\yasb\src\core\widgets\yasb\libre_monitor.py", line 206, in _update_label
TypeError: float() argument must be a string or a real number, not 'NoneType'
2026-08-14 14:25:02,597 [ERROR] [MainThread] [root/base.py:126]: Failed to execute callback of type 'update_label' with args: []
Traceback (most recent call last):
  File "D:\a\yasb\yasb\src\core\widgets\base.py", line 124, in _run_callback
  File "D:\a\yasb\yasb\src\core\widgets\yasb\libre_monitor.py", line 206, in _update_label
TypeError: float() argument must be a string or a real number, not 'NoneType'
2026-08-14 15:38:02,598 [ERROR] [MainThread] [root/base.py:126]: Failed to execute callback of type 'update_label' with args: []
Traceback (most recent call last):
  File "D:\a\yasb\yasb\src\core\widgets\base.py", line 124, in _run_callback
  File "D:\a\yasb\yasb\src\core\widgets\yasb\libre_monitor.py", line 206, in _update_label
TypeError: float() argument must be a string or a real number, not 'NoneType'
2026-08-14 15:51:02,596 [ERROR] [MainThread] [root/base.py:126]: Failed to execute callback of type 'update_label' with args: []
Traceback (most recent call last):
  File "D:\a\yasb\yasb\src\core\widgets\base.py", line 124, in _run_callback
  File "D:\a\yasb\yasb\src\core\widgets\yasb\libre_monitor.py", line 206, in _update_label
TypeError: float() argument must be a string or a real number, not 'NoneType'
2026-08-14 15:57:02,596 [ERROR] [MainThread] [root/base.py:126]: Failed to execute callback of type 'update_label' with args: []
Traceback (most recent call last):
  File "D:\a\yasb\yasb\src\core\widgets\base.py", line 124, in _run_callback
  File "D:\a\yasb\yasb\src\core\widgets\yasb\libre_monitor.py", line 206, in _update_label
TypeError: float() argument must be a string or a real number, not 'NoneType'
2026-08-14 15:58:02,596 [ERROR] [MainThread] [root/base.py:126]: Failed to execute callback of type 'update_label' with args: []
Traceback (most recent call last):
  File "D:\a\yasb\yasb\src\core\widgets\base.py", line 124, in _run_callback
  File "D:\a\yasb\yasb\src\core\widgets\yasb\libre_monitor.py", line 206, in _update_label
TypeError: float() argument must be a string or a real number, not 'NoneType'
2026-08-14 17:38:02,600 [ERROR] [MainThread] [root/base.py:126]: Failed to execute callback of type 'update_label' with args: []
Traceback (most recent call last):
  File "D:\a\yasb\yasb\src\core\widgets\base.py", line 124, in _run_callback
  File "D:\a\yasb\yasb\src\core\widgets\yasb\libre_monitor.py", line 206, in _update_label
TypeError: float() argument must be a string or a real number, not 'NoneType'
2026-08-14 17:45:02,600 [ERROR] [MainThread] [root/base.py:126]: Failed to execute callback of type 'update_label' with args: []
Traceback (most recent call last):
  File "D:\a\yasb\yasb\src\core\widgets\base.py", line 124, in _run_callback
  File "D:\a\yasb\yasb\src\core\widgets\yasb\libre_monitor.py", line 206, in _update_label
TypeError: float() argument must be a string or a real number, not 'NoneType'
2026-08-14 18:14:02,596 [ERROR] [MainThread] [root/base.py:126]: Failed to execute callback of type 'update_label' with args: []
Traceback (most recent call last):
  File "D:\a\yasb\yasb\src\core\widgets\base.py", line 124, in _run_callback
  File "D:\a\yasb\yasb\src\core\widgets\yasb\libre_monitor.py", line 206, in _update_label
TypeError: float() argument must be a string or a real number, not 'NoneType'
2026-08-14 18:16:02,598 [ERROR] [MainThread] [root/base.py:126]: Failed to execute callback of type 'update_label' with args: []
Traceback (most recent call last):
  File "D:\a\yasb\yasb\src\core\widgets\base.py", line 124, in _run_callback
  File "D:\a\yasb\yasb\src\core\widgets\yasb\libre_monitor.py", line 206, in _update_label
TypeError: float() argument must be a string or a real number, not 'NoneType'
2026-08-14 18:49:02,596 [ERROR] [MainThread] [root/base.py:126]: Failed to execute callback of type 'update_label' with args: []
Traceback (most recent call last):
  File "D:\a\yasb\yasb\src\core\widgets\base.py", line 124, in _run_callback
  File "D:\a\yasb\yasb\src\core\widgets\yasb\libre_monitor.py", line 206, in _update_label
TypeError: float() argument must be a string or a real number, not 'NoneType'
2026-08-14 19:10:02,596 [ERROR] [MainThread] [root/base.py:126]: Failed to execute callback of type 'update_label' with args: []
Traceback (most recent call last):
  File "D:\a\yasb\yasb\src\core\widgets\base.py", line 124, in _run_callback
  File "D:\a\yasb\yasb\src\core\widgets\yasb\libre_monitor.py", line 206, in _update_label
TypeError: float() argument must be a string or a real number, not 'NoneType'
2026-08-14 19:53:02,614 [ERROR] [MainThread] [root/base.py:126]: Failed to execute callback of type 'update_label' with args: []
Traceback (most recent call last):
  File "D:\a\yasb\yasb\src\core\widgets\base.py", line 124, in _run_callback
  File "D:\a\yasb\yasb\src\core\widgets\yasb\libre_monitor.py", line 206, in _update_label
TypeError: float() argument must be a string or a real number, not 'NoneType'
2026-08-14 20:04:02,613 [ERROR] [MainThread] [root/base.py:126]: Failed to execute callback of type 'update_label' with args: []
Traceback (most recent call last):
  File "D:\a\yasb\yasb\src\core\widgets\base.py", line 124, in _run_callback
  File "D:\a\yasb\yasb\src\core\widgets\yasb\libre_monitor.py", line 206, in _update_label
TypeError: float() argument must be a string or a real number, not 'NoneType'
2026-08-14 20:32:02,612 [ERROR] [MainThread] [root/base.py:126]: Failed to execute callback of type 'update_label' with args: []
Traceback (most recent call last):
  File "D:\a\yasb\yasb\src\core\widgets\base.py", line 124, in _run_callback
  File "D:\a\yasb\yasb\src\core\widgets\yasb\libre_monitor.py", line 206, in _update_label
TypeError: float() argument must be a string or a real number, not 'NoneType'
2026-08-14 20:42:02,613 [ERROR] [MainThread] [root/base.py:126]: Failed to execute callback of type 'update_label' with args: []
Traceback (most recent call last):
  File "D:\a\yasb\yasb\src\core\widgets\base.py", line 124, in _run_callback
  File "D:\a\yasb\yasb\src\core\widgets\yasb\libre_monitor.py", line 206, in _update_label
TypeError: float() argument must be a string or a real number, not 'NoneType'
2026-08-14 21:12:02,615 [ERROR] [MainThread] [root/base.py:126]: Failed to execute callback of type 'update_label' with args: []
Traceback (most recent call last):
  File "D:\a\yasb\yasb\src\core\widgets\base.py", line 124, in _run_callback
  File "D:\a\yasb\yasb\src\core\widgets\yasb\libre_monitor.py", line 206, in _update_label
TypeError: float() argument must be a string or a real number, not 'NoneType'
2026-08-14 22:18:02,614 [ERROR] [MainThread] [root/base.py:126]: Failed to execute callback of type 'update_label' with args: []
Traceback (most recent call last):
  File "D:\a\yasb\yasb\src\core\widgets\base.py", line 124, in _run_callback
  File "D:\a\yasb\yasb\src\core\widgets\yasb\libre_monitor.py", line 206, in _update_label
TypeError: float() argument must be a string or a real number, not 'NoneType'
2026-08-14 23:48:02,613 [ERROR] [MainThread] [root/base.py:126]: Failed to execute callback of type 'update_label' with args: []
Traceback (most recent call last):
  File "D:\a\yasb\yasb\src\core\widgets\base.py", line 124, in _run_callback
  File "D:\a\yasb\yasb\src\core\widgets\yasb\libre_monitor.py", line 206, in _update_label
TypeError: float() argument must be a string or a real number, not 'NoneType'
2026-08-15 00:06:02,613 [ERROR] [MainThread] [root/base.py:126]: Failed to execute callback of type 'update_label' with args: []
Traceback (most recent call last):
  File "D:\a\yasb\yasb\src\core\widgets\base.py", line 124, in _run_callback
  File "D:\a\yasb\yasb\src\core\widgets\yasb\libre_monitor.py", line 206, in _update_label
TypeError: float() argument must be a string or a real number, not 'NoneType'
2026-08-15 00:14:02,616 [ERROR] [MainThread] [root/base.py:126]: Failed to execute callback of type 'update_label' with args: []
Traceback (most recent call last):
  File "D:\a\yasb\yasb\src\core\widgets\base.py", line 124, in _run_callback
  File "D:\a\yasb\yasb\src\core\widgets\yasb\libre_monitor.py", line 206, in _update_label
TypeError: float() argument must be a string or a real number, not 'NoneType'
2026-08-15 02:01:02,613 [ERROR] [MainThread] [root/base.py:126]: Failed to execute callback of type 'update_label' with args: []
Traceback (most recent call last):
  File "D:\a\yasb\yasb\src\core\widgets\base.py", line 124, in _run_callback
  File "D:\a\yasb\yasb\src\core\widgets\yasb\libre_monitor.py", line 206, in _update_label
TypeError: float() argument must be a string or a real number, not 'NoneType'
2026-08-15 02:53:02,614 [ERROR] [MainThread] [root/base.py:126]: Failed to execute callback of type 'update_label' with args: []
Traceback (most recent call last):
  File "D:\a\yasb\yasb\src\core\widgets\base.py", line 124, in _run_callback
  File "D:\a\yasb\yasb\src\core\widgets\yasb\libre_monitor.py", line 206, in _update_label
TypeError: float() argument must be a string or a real number, not 'NoneType'
2026-08-15 04:14:02,613 [ERROR] [MainThread] [root/base.py:126]: Failed to execute callback of type 'update_label' with args: []
Traceback (most recent call last):
  File "D:\a\yasb\yasb\src\core\widgets\base.py", line 124, in _run_callback
  File "D:\a\yasb\yasb\src\core\widgets\yasb\libre_monitor.py", line 206, in _update_label
TypeError: float() argument must be a string or a real number, not 'NoneType'
2026-08-15 04:15:02,614 [ERROR] [MainThread] [root/base.py:126]: Failed to execute callback of type 'update_label' with args: []
Traceback (most recent call last):
  File "D:\a\yasb\yasb\src\core\widgets\base.py", line 124, in _run_callback
  File "D:\a\yasb\yasb\src\core\widgets\yasb\libre_monitor.py", line 206, in _update_label
TypeError: float() argument must be a string or a real number, not 'NoneType'
2026-08-15 04:23:02,614 [ERROR] [MainThread] [root/base.py:126]: Failed to execute callback of type 'update_label' with args: []
Traceback (most recent call last):
  File "D:\a\yasb\yasb\src\core\widgets\base.py", line 124, in _run_callback
  File "D:\a\yasb\yasb\src\core\widgets\yasb\libre_monitor.py", line 206, in _update_label
TypeError: float() argument must be a string or a real number, not 'NoneType'
2026-08-15 05:43:02,615 [ERROR] [MainThread] [root/base.py:126]: Failed to execute callback of type 'update_label' with args: []
Traceback (most recent call last):
  File "D:\a\yasb\yasb\src\core\widgets\base.py", line 124, in _run_callback
  File "D:\a\yasb\yasb\src\core\widgets\yasb\libre_monitor.py", line 206, in _update_label
TypeError: float() argument must be a string or a real number, not 'NoneType'
2026-08-15 07:12:02,613 [ERROR] [MainThread] [root/base.py:126]: Failed to execute callback of type 'update_label' with args: []
Traceback (most recent call last):
  File "D:\a\yasb\yasb\src\core\widgets\base.py", line 124, in _run_callback
  File "D:\a\yasb\yasb\src\core\widgets\yasb\libre_monitor.py", line 206, in _update_label
TypeError: float() argument must be a string or a real number, not 'NoneType'
2026-08-15 08:33:02,675 [ERROR] [MainThread] [root/base.py:126]: Failed to execute callback of type 'update_label' with args: []
Traceback (most recent call last):
  File "D:\a\yasb\yasb\src\core\widgets\base.py", line 124, in _run_callback
  File "D:\a\yasb\yasb\src\core\widgets\yasb\libre_monitor.py", line 206, in _update_label
TypeError: float() argument must be a string or a real number, not 'NoneType'
2026-08-15 08:54:02,675 [ERROR] [MainThread] [root/base.py:126]: Failed to execute callback of type 'update_label' with args: []
Traceback (most recent call last):
  File "D:\a\yasb\yasb\src\core\widgets\base.py", line 124, in _run_callback
  File "D:\a\yasb\yasb\src\core\widgets\yasb\libre_monitor.py", line 206, in _update_label
TypeError: float() argument must be a string or a real number, not 'NoneType'
2026-08-15 09:18:02,676 [ERROR] [MainThread] [root/base.py:126]: Failed to execute callback of type 'update_label' with args: []
Traceback (most recent call last):
  File "D:\a\yasb\yasb\src\core\widgets\base.py", line 124, in _run_callback
  File "D:\a\yasb\yasb\src\core\widgets\yasb\libre_monitor.py", line 206, in _update_label
TypeError: float() argument must be a string or a real number, not 'NoneType'
2026-08-15 09:20:02,675 [ERROR] [MainThread] [root/base.py:126]: Failed to execute callback of type 'update_label' with args: []
Traceback (most recent call last):
  File "D:\a\yasb\yasb\src\core\widgets\base.py", line 124, in _run_callback
  File "D:\a\yasb\yasb\src\core\widgets\yasb\libre_monitor.py", line 206, in _update_label
TypeError: float() argument must be a string or a real number, not 'NoneType'
2026-08-15 10:04:02,676 [ERROR] [MainThread] [root/base.py:126]: Failed to execute callback of type 'update_label' with args: []
Traceback (most recent call last):
  File "D:\a\yasb\yasb\src\core\widgets\base.py", line 124, in _run_callback
  File "D:\a\yasb\yasb\src\core\widgets\yasb\libre_monitor.py", line 206, in _update_label
TypeError: float() argument must be a string or a real number, not 'NoneType'
2026-08-15 10:15:02,675 [ERROR] [MainThread] [root/base.py:126]: Failed to execute callback of type 'update_label' with args: []
Traceback (most recent call last):
  File "D:\a\yasb\yasb\src\core\widgets\base.py", line 124, in _run_callback
  File "D:\a\yasb\yasb\src\core\widgets\yasb\libre_monitor.py", line 206, in _update_label
TypeError: float() argument must be a string or a real number, not 'NoneType'
2026-08-15 10:20:02,676 [ERROR] [MainThread] [root/base.py:126]: Failed to execute callback of type 'update_label' with args: []
Traceback (most recent call last):
  File "D:\a\yasb\yasb\src\core\widgets\base.py", line 124, in _run_callback
  File "D:\a\yasb\yasb\src\core\widgets\yasb\libre_monitor.py", line 206, in _update_label
TypeError: float() argument must be a string or a real number, not 'NoneType'
2026-08-15 10:32:02,674 [ERROR] [MainThread] [root/base.py:126]: Failed to execute callback of type 'update_label' with args: []
Traceback (most recent call last):
  File "D:\a\yasb\yasb\src\core\widgets\base.py", line 124, in _run_callback
  File "D:\a\yasb\yasb\src\core\widgets\yasb\libre_monitor.py", line 206, in _update_label
TypeError: float() argument must be a string or a real number, not 'NoneType'
2026-08-15 11:23:02,675 [ERROR] [MainThread] [root/base.py:126]: Failed to execute callback of type 'update_label' with args: []
Traceback (most recent call last):
  File "D:\a\yasb\yasb\src\core\widgets\base.py", line 124, in _run_callback
  File "D:\a\yasb\yasb\src\core\widgets\yasb\libre_monitor.py", line 206, in _update_label
TypeError: float() argument must be a string or a real number, not 'NoneType'
2026-08-15 11:48:02,674 [ERROR] [MainThread] [root/base.py:126]: Failed to execute callback of type 'update_label' with args: []
Traceback (most recent call last):
  File "D:\a\yasb\yasb\src\core\widgets\base.py", line 124, in _run_callback
  File "D:\a\yasb\yasb\src\core\widgets\yasb\libre_monitor.py", line 206, in _update_label
TypeError: float() argument must be a string or a real number, not 'NoneType'
2026-08-15 12:54:02,674 [ERROR] [MainThread] [root/base.py:126]: Failed to execute callback of type 'update_label' with args: []
Traceback (most recent call last):
  File "D:\a\yasb\yasb\src\core\widgets\base.py", line 124, in _run_callback
  File "D:\a\yasb\yasb\src\core\widgets\yasb\libre_monitor.py", line 206, in _update_label
TypeError: float() argument must be a string or a real number, not 'NoneType'
2026-08-15 13:14:02,675 [ERROR] [MainThread] [root/base.py:126]: Failed to execute callback of type 'update_label' with args: []
Traceback (most recent call last):
  File "D:\a\yasb\yasb\src\core\widgets\base.py", line 124, in _run_callback
  File "D:\a\yasb\yasb\src\core\widgets\yasb\libre_monitor.py", line 206, in _update_label
TypeError: float() argument must be a string or a real number, not 'NoneType'
2026-08-15 13:50:02,674 [ERROR] [MainThread] [root/base.py:126]: Failed to execute callback of type 'update_label' with args: []
Traceback (most recent call last):
  File "D:\a\yasb\yasb\src\core\widgets\base.py", line 124, in _run_callback
  File "D:\a\yasb\yasb\src\core\widgets\yasb\libre_monitor.py", line 206, in _update_label
TypeError: float() argument must be a string or a real number, not 'NoneType'
2026-08-15 13:56:02,674 [ERROR] [MainThread] [root/base.py:126]: Failed to execute callback of type 'update_label' with args: []
Traceback (most recent call last):
  File "D:\a\yasb\yasb\src\core\widgets\base.py", line 124, in _run_callback
  File "D:\a\yasb\yasb\src\core\widgets\yasb\libre_monitor.py", line 206, in _update_label
TypeError: float() argument must be a string or a real number, not 'NoneType'
2026-08-15 14:06:02,676 [ERROR] [MainThread] [root/base.py:126]: Failed to execute callback of type 'update_label' with args: []
Traceback (most recent call last):
  File "D:\a\yasb\yasb\src\core\widgets\base.py", line 124, in _run_callback
  File "D:\a\yasb\yasb\src\core\widgets\yasb\libre_monitor.py", line 206, in _update_label
TypeError: float() argument must be a string or a real number, not 'NoneType'
2026-08-15 14:23:02,674 [ERROR] [MainThread] [root/base.py:126]: Failed to execute callback of type 'update_label' with args: []
Traceback (most recent call last):
  File "D:\a\yasb\yasb\src\core\widgets\base.py", line 124, in _run_callback
  File "D:\a\yasb\yasb\src\core\widgets\yasb\libre_monitor.py", line 206, in _update_label
TypeError: float() argument must be a string or a real number, not 'NoneType'
2026-08-15 14:43:02,675 [ERROR] [MainThread] [root/base.py:126]: Failed to execute callback of type 'update_label' with args: []
Traceback (most recent call last):
  File "D:\a\yasb\yasb\src\core\widgets\base.py", line 124, in _run_callback
  File "D:\a\yasb\yasb\src\core\widgets\yasb\libre_monitor.py", line 206, in _update_label
TypeError: float() argument must be a string or a real number, not 'NoneType'
2026-08-15 14:46:02,674 [ERROR] [MainThread] [root/base.py:126]: Failed to execute callback of type 'update_label' with args: []
Traceback (most recent call last):
  File "D:\a\yasb\yasb\src\core\widgets\base.py", line 124, in _run_callback
  File "D:\a\yasb\yasb\src\core\widgets\yasb\libre_monitor.py", line 206, in _update_label
TypeError: float() argument must be a string or a real number, not 'NoneType'
2026-08-15 14:55:02,674 [ERROR] [MainThread] [root/base.py:126]: Failed to execute callback of type 'update_label' with args: []
Traceback (most recent call last):
  File "D:\a\yasb\yasb\src\core\widgets\base.py", line 124, in _run_callback
  File "D:\a\yasb\yasb\src\core\widgets\yasb\libre_monitor.py", line 206, in _update_label
TypeError: float() argument must be a string or a real number, not 'NoneType'
2026-08-15 15:20:02,675 [ERROR] [MainThread] [root/base.py:126]: Failed to execute callback of type 'update_label' with args: []
Traceback (most recent call last):
  File "D:\a\yasb\yasb\src\core\widgets\base.py", line 124, in _run_callback
  File "D:\a\yasb\yasb\src\core\widgets\yasb\libre_monitor.py", line 206, in _update_label
TypeError: float() argument must be a string or a real number, not 'NoneType'
2026-08-15 15:38:02,676 [ERROR] [MainThread] [root/base.py:126]: Failed to execute callback of type 'update_label' with args: []
Traceback (most recent call last):
  File "D:\a\yasb\yasb\src\core\widgets\base.py", line 124, in _run_callback
  File "D:\a\yasb\yasb\src\core\widgets\yasb\libre_monitor.py", line 206, in _update_label
TypeError: float() argument must be a string or a real number, not 'NoneType'
2026-08-15 15:39:02,675 [ERROR] [MainThread] [root/base.py:126]: Failed to execute callback of type 'update_label' with args: []
Traceback (most recent call last):
  File "D:\a\yasb\yasb\src\core\widgets\base.py", line 124, in _run_callback
  File "D:\a\yasb\yasb\src\core\widgets\yasb\libre_monitor.py", line 206, in _update_label
TypeError: float() argument must be a string or a real number, not 'NoneType'
2026-08-15 16:57:02,674 [ERROR] [MainThread] [root/base.py:126]: Failed to execute callback of type 'update_label' with args: []
Traceback (most recent call last):
  File "D:\a\yasb\yasb\src\core\widgets\base.py", line 124, in _run_callback
  File "D:\a\yasb\yasb\src\core\widgets\yasb\libre_monitor.py", line 206, in _update_label
TypeError: float() argument must be a string or a real number, not 'NoneType'
2026-08-15 17:16:02,676 [ERROR] [MainThread] [root/base.py:126]: Failed to execute callback of type 'update_label' with args: []
Traceback (most recent call last):
  File "D:\a\yasb\yasb\src\core\widgets\base.py", line 124, in _run_callback
  File "D:\a\yasb\yasb\src\core\widgets\yasb\libre_monitor.py", line 206, in _update_label
TypeError: float() argument must be a string or a real number, not 'NoneType'
2026-08-15 17:19:02,674 [ERROR] [MainThread] [root/base.py:126]: Failed to execute callback of type 'update_label' with args: []
Traceback (most recent call last):
  File "D:\a\yasb\yasb\src\core\widgets\base.py", line 124, in _run_callback
  File "D:\a\yasb\yasb\src\core\widgets\yasb\libre_monitor.py", line 206, in _update_label
TypeError: float() argument must be a string or a real number, not 'NoneType'
2026-08-15 17:34:02,675 [ERROR] [MainThread] [root/base.py:126]: Failed to execute callback of type 'update_label' with args: []
Traceback (most recent call last):
  File "D:\a\yasb\yasb\src\core\widgets\base.py", line 124, in _run_callback
  File "D:\a\yasb\yasb\src\core\widgets\yasb\libre_monitor.py", line 206, in _update_label
TypeError: float() argument must be a string or a real number, not 'NoneType'
2026-08-15 17:45:02,675 [ERROR] [MainThread] [root/base.py:126]: Failed to execute callback of type 'update_label' with args: []
Traceback (most recent call last):
  File "D:\a\yasb\yasb\src\core\widgets\base.py", line 124, in _run_callback
  File "D:\a\yasb\yasb\src\core\widgets\yasb\libre_monitor.py", line 206, in _update_label
TypeError: float() argument must be a string or a real number, not 'NoneType'
2026-08-15 17:55:02,675 [ERROR] [MainThread] [root/base.py:126]: Failed to execute callback of type 'update_label' with args: []
Traceback (most recent call last):
  File "D:\a\yasb\yasb\src\core\widgets\base.py", line 124, in _run_callback
  File "D:\a\yasb\yasb\src\core\widgets\yasb\libre_monitor.py", line 206, in _update_label
TypeError: float() argument must be a string or a real number, not 'NoneType'
2026-08-15 18:08:02,674 [ERROR] [MainThread] [root/base.py:126]: Failed to execute callback of type 'update_label' with args: []
Traceback (most recent call last):
  File "D:\a\yasb\yasb\src\core\widgets\base.py", line 124, in _run_callback
  File "D:\a\yasb\yasb\src\core\widgets\yasb\libre_monitor.py", line 206, in _update_label
TypeError: float() argument must be a string or a real number, not 'NoneType'
2026-08-15 18:41:02,674 [ERROR] [MainThread] [root/base.py:126]: Failed to execute callback of type 'update_label' with args: []
Traceback (most recent call last):
  File "D:\a\yasb\yasb\src\core\widgets\base.py", line 124, in _run_callback
  File "D:\a\yasb\yasb\src\core\widgets\yasb\libre_monitor.py", line 206, in _update_label
TypeError: float() argument must be a string or a real number, not 'NoneType'
2026-08-15 19:52:02,677 [ERROR] [MainThread] [root/base.py:126]: Failed to execute callback of type 'update_label' with args: []
Traceback (most recent call last):
  File "D:\a\yasb\yasb\src\core\widgets\base.py", line 124, in _run_callback
  File "D:\a\yasb\yasb\src\core\widgets\yasb\libre_monitor.py", line 206, in _update_label
TypeError: float() argument must be a string or a real number, not 'NoneType'
2026-08-16 04:16:56,169 [ERROR] [MainThread] [root/base.py:126]: Failed to execute callback of type 'update_label' with args: []
Traceback (most recent call last):
  File "D:\a\yasb\yasb\src\core\widgets\base.py", line 124, in _run_callback
  File "D:\a\yasb\yasb\src\core\widgets\yasb\libre_monitor.py", line 206, in _update_label
TypeError: float() argument must be a string or a real number, not 'NoneType'
2026-08-16 21:22:00,908 [WARNING] [MainThread] [root/open_meteo.py:865]: Error processing Open-Meteo data: type NoneType doesn't define __round__ method
Traceback (most recent call last):
  File "D:\a\yasb\yasb\src\core\widgets\yasb\open_meteo.py", line 812, in process_weather_data
  File "D:\a\yasb\yasb\src\core\widgets\yasb\open_meteo.py", line 772, in fmt_temp
TypeError: type NoneType doesn't define __round__ method

2026-08-17 03:59:10,401 [ERROR] [MainThread] [root/base.py:126]: Failed to execute callback of type 'update_label' with args: []
Traceback (most recent call last):
  File "D:\a\yasb\yasb\src\core\widgets\base.py", line 124, in _run_callback
  File "D:\a\yasb\yasb\src\core\widgets\yasb\libre_monitor.py", line 206, in _update_label
TypeError: float() argument must be a string or a real number, not 'NoneType'
2026-08-17 13:17:00,529 [ERROR] [MainThread] [root/base.py:126]: Failed to execute callback of type 'update_label' with args: []
Traceback (most recent call last):
  File "D:\a\yasb\yasb\src\core\widgets\base.py", line 124, in _run_callback
  File "D:\a\yasb\yasb\src\core\widgets\yasb\libre_monitor.py", line 206, in _update_label
TypeError: float() argument must be a string or a real number, not 'NoneType'
2026-08-17 19:31:45,917 [INFO] [MainThread] [root/controller.py:43]: Exiting Application...
2026-08-17 19:31:46,028 [INFO] [MainThread] [cli_server/cli_server.py:114]: Log pipe server stopped
2026-08-17 19:31:46,265 [INFO] [MainThread] [root/bar_manager.py:119]: Stopping SystemEventListener...
2026-08-17 19:31:46,278 [INFO] [MainThread] [root/bar_manager.py:119]: Stopping WindowsNotificationEventListener...
2026-08-17 19:31:46,551 [INFO] [MainThread] [root/bar_manager.py:119]: Stopping KomorebiEventListener...
2026-08-18 17:11:03,604 [INFO] [MainThread] [root/log.py:104]: YASB v2.0.5
2026-08-18 17:11:03,605 [INFO] [CLIPipeServer] [cli_server/cli_server.py:216]: CLI server started v1.1.7
2026-08-18 17:11:03,605 [INFO] [MainThread] [cli_server/cli_server.py:106]: Log pipe server started
2026-08-18 17:11:03,655 [WARNING] [MainThread] [deprecation/deprecation.py:136]: [DEPRECATED] BarAlignment: 'center' - Use 'align' instead.
2026-08-18 17:11:03,655 [WARNING] [MainThread] [deprecation/deprecation.py:136]: [DEPRECATED] BarBlurEffect: 'acrylic' - No longer supported and can be removed from the config.
2026-08-18 17:11:03,678 [WARNING] [MainThread] [deprecation/deprecation.py:136]: [DEPRECATED] GrouperWidgetConfig: 'container_padding' - Use CSS padding instead.
2026-08-18 17:11:03,718 [WARNING] [MainThread] [deprecation/deprecation.py:136]: [DEPRECATED] KomorebiWorkspacesConfig: 'animation' - Use CSS animations instead.
2026-08-18 17:11:03,721 [WARNING] [MainThread] [deprecation/deprecation.py:136]: [DEPRECATED] GrouperWidgetConfig: 'container_padding' - Use CSS padding instead.
2026-08-18 17:11:03,725 [WARNING] [MainThread] [deprecation/deprecation.py:136]: [DEPRECATED] GrouperWidgetConfig: 'container_padding' - Use CSS padding instead.
2026-08-18 17:11:04,002 [WARNING] [MainThread] [deprecation/deprecation.py:136]: [DEPRECATED] GrouperWidgetConfig: 'container_padding' - Use CSS padding instead.
2026-08-18 17:11:04,050 [WARNING] [MainThread] [deprecation/deprecation.py:136]: [DEPRECATED] OpenMeteoWidgetConfig: 'label_shadow' - Use CSS text-shadow instead.
2026-08-18 17:11:04,094 [WARNING] [MainThread] [deprecation/deprecation.py:136]: [DEPRECATED] GrouperWidgetConfig: 'container_padding' - Use CSS padding instead.
2026-08-18 17:11:04,105 [WARNING] [MainThread] [deprecation/deprecation.py:140]: [DEPRECATED] VolumeConfig: 'volume_icons' renamed to 'icons' - Use 'icons' with the dictionary format instead.
2026-08-18 17:11:04,105 [WARNING] [MainThread] [deprecation/deprecation.py:136]: [DEPRECATED] VolumeConfig: 'container_padding' - Use CSS padding instead.
2026-08-18 17:11:04,112 [INFO] [MainThread] [root/service.py:52]: AudioOutputService starting...
2026-08-18 17:11:04,131 [INFO] [MainThread] [root/service.py:41]: AudioInputService starting...
2026-08-18 17:11:04,141 [WARNING] [MainThread] [deprecation/deprecation.py:136]: [DEPRECATED] NotificationsConfig: 'container_padding' - Use CSS padding instead.
2026-08-18 17:11:04,151 [WARNING] [MainThread] [deprecation/deprecation.py:136]: [DEPRECATED] PowerMenuConfig: 'container_padding' - Use CSS padding instead.
2026-08-18 17:11:04,215 [INFO] [MainThread] [root/bar_manager.py:103]: Starting SystemEventListener...
2026-08-18 17:11:04,215 [INFO] [MainThread] [root/bar_manager.py:103]: Starting KomorebiEventListener...
2026-08-18 17:11:04,215 [INFO] [MainThread] [root/bar_manager.py:103]: Starting WindowsNotificationEventListener...
2026-08-18 17:11:04,215 [INFO] [Dummy-5] [root/event_listener.py:54]: Created named pipe yasb-1eefcb1f-9aed-11f1-8039-b082e25bd3e0
2026-08-18 17:11:04,217 [INFO] [MainThread] [root/watcher.py:65]: Watching directory: c:\users\raven\.config\yasb
2026-08-18 17:11:04,217 [INFO] [MainThread] [root/watcher.py:104]: Created file watcher
2026-08-18 17:11:04,233 [INFO] [MainThread] [root/update_service.py:434]: Background update checker started
2026-08-18 17:11:04,266 [WARNING] [Dummy-5] [root/event_listener.py:134]: Komorebi failed to subscribe named pipe. Komorebi is not running, please start Komorebi.
2026-08-18 17:13:24,830 [INFO] [MainThread] [root/log.py:104]: YASB v2.0.5
2026-08-18 17:13:24,830 [INFO] [CLIPipeServer] [cli_server/cli_server.py:216]: CLI server started v1.1.7
2026-08-18 17:13:24,831 [INFO] [MainThread] [cli_server/cli_server.py:106]: Log pipe server started
2026-08-18 17:13:24,877 [WARNING] [MainThread] [deprecation/deprecation.py:136]: [DEPRECATED] BarAlignment: 'center' - Use 'align' instead.
2026-08-18 17:13:24,877 [WARNING] [MainThread] [deprecation/deprecation.py:136]: [DEPRECATED] BarBlurEffect: 'acrylic' - No longer supported and can be removed from the config.
2026-08-18 17:13:24,899 [WARNING] [MainThread] [deprecation/deprecation.py:136]: [DEPRECATED] GrouperWidgetConfig: 'container_padding' - Use CSS padding instead.
2026-08-18 17:13:24,935 [WARNING] [MainThread] [deprecation/deprecation.py:136]: [DEPRECATED] KomorebiWorkspacesConfig: 'animation' - Use CSS animations instead.
2026-08-18 17:13:24,937 [WARNING] [MainThread] [deprecation/deprecation.py:136]: [DEPRECATED] GrouperWidgetConfig: 'container_padding' - Use CSS padding instead.
2026-08-18 17:13:24,942 [WARNING] [MainThread] [deprecation/deprecation.py:136]: [DEPRECATED] GrouperWidgetConfig: 'container_padding' - Use CSS padding instead.
2026-08-18 17:13:25,198 [WARNING] [MainThread] [deprecation/deprecation.py:136]: [DEPRECATED] GrouperWidgetConfig: 'container_padding' - Use CSS padding instead.
2026-08-18 17:13:25,242 [WARNING] [MainThread] [deprecation/deprecation.py:136]: [DEPRECATED] OpenMeteoWidgetConfig: 'label_shadow' - Use CSS text-shadow instead.
2026-08-18 17:13:25,283 [WARNING] [MainThread] [deprecation/deprecation.py:136]: [DEPRECATED] GrouperWidgetConfig: 'container_padding' - Use CSS padding instead.
2026-08-18 17:13:25,293 [WARNING] [MainThread] [deprecation/deprecation.py:140]: [DEPRECATED] VolumeConfig: 'volume_icons' renamed to 'icons' - Use 'icons' with the dictionary format instead.
2026-08-18 17:13:25,294 [WARNING] [MainThread] [deprecation/deprecation.py:136]: [DEPRECATED] VolumeConfig: 'container_padding' - Use CSS padding instead.
2026-08-18 17:13:25,301 [INFO] [MainThread] [root/service.py:52]: AudioOutputService starting...
2026-08-18 17:13:25,321 [INFO] [MainThread] [root/service.py:41]: AudioInputService starting...
2026-08-18 17:13:25,331 [WARNING] [MainThread] [deprecation/deprecation.py:136]: [DEPRECATED] NotificationsConfig: 'container_padding' - Use CSS padding instead.
2026-08-18 17:13:25,338 [WARNING] [MainThread] [deprecation/deprecation.py:136]: [DEPRECATED] PowerMenuConfig: 'container_padding' - Use CSS padding instead.
2026-08-18 17:13:25,399 [INFO] [MainThread] [root/bar_manager.py:103]: Starting KomorebiEventListener...
2026-08-18 17:13:25,399 [INFO] [MainThread] [root/bar_manager.py:103]: Starting WindowsNotificationEventListener...
2026-08-18 17:13:25,399 [INFO] [MainThread] [root/bar_manager.py:103]: Starting SystemEventListener...
2026-08-18 17:13:25,399 [INFO] [Dummy-5] [root/event_listener.py:54]: Created named pipe yasb-7316c862-9aed-11f1-9e57-84d1c17e6ca7
2026-08-18 17:13:25,400 [INFO] [MainThread] [root/watcher.py:65]: Watching directory: c:\users\raven\.config\yasb
2026-08-18 17:13:25,400 [INFO] [MainThread] [root/watcher.py:104]: Created file watcher
2026-08-18 17:13:25,415 [INFO] [MainThread] [root/update_service.py:434]: Background update checker started
2026-08-18 17:13:25,441 [WARNING] [Dummy-5] [root/event_listener.py:134]: Komorebi failed to subscribe named pipe. Komorebi is not running, please start Komorebi.
2026-08-18 17:15:30,257 [INFO] [MainThread] [root/log.py:104]: YASB v2.0.5
2026-08-18 17:15:30,258 [INFO] [CLIPipeServer] [cli_server/cli_server.py:216]: CLI server started v1.1.7
2026-08-18 17:15:30,258 [INFO] [MainThread] [cli_server/cli_server.py:106]: Log pipe server started
2026-08-18 17:15:30,306 [WARNING] [MainThread] [deprecation/deprecation.py:136]: [DEPRECATED] BarAlignment: 'center' - Use 'align' instead.
2026-08-18 17:15:30,306 [WARNING] [MainThread] [deprecation/deprecation.py:136]: [DEPRECATED] BarBlurEffect: 'acrylic' - No longer supported and can be removed from the config.
2026-08-18 17:15:30,328 [WARNING] [MainThread] [deprecation/deprecation.py:136]: [DEPRECATED] GrouperWidgetConfig: 'container_padding' - Use CSS padding instead.
2026-08-18 17:15:30,364 [WARNING] [MainThread] [deprecation/deprecation.py:136]: [DEPRECATED] KomorebiWorkspacesConfig: 'animation' - Use CSS animations instead.
2026-08-18 17:15:30,366 [WARNING] [MainThread] [deprecation/deprecation.py:136]: [DEPRECATED] GrouperWidgetConfig: 'container_padding' - Use CSS padding instead.
2026-08-18 17:15:30,371 [WARNING] [MainThread] [deprecation/deprecation.py:136]: [DEPRECATED] GrouperWidgetConfig: 'container_padding' - Use CSS padding instead.
2026-08-18 17:15:30,626 [WARNING] [MainThread] [deprecation/deprecation.py:136]: [DEPRECATED] GrouperWidgetConfig: 'container_padding' - Use CSS padding instead.
2026-08-18 17:15:30,671 [WARNING] [MainThread] [deprecation/deprecation.py:136]: [DEPRECATED] OpenMeteoWidgetConfig: 'label_shadow' - Use CSS text-shadow instead.
2026-08-18 17:15:30,712 [WARNING] [MainThread] [deprecation/deprecation.py:136]: [DEPRECATED] GrouperWidgetConfig: 'container_padding' - Use CSS padding instead.
2026-08-18 17:15:30,723 [WARNING] [MainThread] [deprecation/deprecation.py:140]: [DEPRECATED] VolumeConfig: 'volume_icons' renamed to 'icons' - Use 'icons' with the dictionary format instead.
2026-08-18 17:15:30,723 [WARNING] [MainThread] [deprecation/deprecation.py:136]: [DEPRECATED] VolumeConfig: 'container_padding' - Use CSS padding instead.
2026-08-18 17:15:30,730 [INFO] [MainThread] [root/service.py:52]: AudioOutputService starting...
2026-08-18 17:15:30,750 [INFO] [MainThread] [root/service.py:41]: AudioInputService starting...
2026-08-18 17:15:30,761 [WARNING] [MainThread] [deprecation/deprecation.py:136]: [DEPRECATED] NotificationsConfig: 'container_padding' - Use CSS padding instead.
2026-08-18 17:15:30,771 [WARNING] [MainThread] [deprecation/deprecation.py:136]: [DEPRECATED] PowerMenuConfig: 'container_padding' - Use CSS padding instead.
2026-08-18 17:15:30,831 [INFO] [MainThread] [root/bar_manager.py:103]: Starting WindowsNotificationEventListener...
2026-08-18 17:15:30,831 [INFO] [MainThread] [root/bar_manager.py:103]: Starting SystemEventListener...
2026-08-18 17:15:30,831 [INFO] [MainThread] [root/bar_manager.py:103]: Starting KomorebiEventListener...
2026-08-18 17:15:30,832 [INFO] [MainThread] [root/watcher.py:65]: Watching directory: c:\users\raven\.config\yasb
2026-08-18 17:15:30,832 [INFO] [MainThread] [root/watcher.py:104]: Created file watcher
2026-08-18 17:15:30,832 [INFO] [Dummy-7] [root/event_listener.py:54]: Created named pipe yasb-bdda2bfd-9aed-11f1-85c0-84d1c17e6caa
2026-08-18 17:15:30,847 [INFO] [MainThread] [root/update_service.py:434]: Background update checker started
2026-08-18 17:15:30,872 [WARNING] [Dummy-7] [root/event_listener.py:134]: Komorebi failed to subscribe named pipe. Komorebi is not running, please start Komorebi.
2026-08-18 17:17:02,405 [INFO] [Dummy-7] [root/event_listener.py:147]: Komorebi connected to named pipe: yasb-bdda2bfd-9aed-11f1-85c0-84d1c17e6caa
2026-08-18 17:17:05,626 [INFO] [MainThread] [root/bar_manager.py:119]: Stopping WindowsNotificationEventListener...
2026-08-18 17:17:05,628 [INFO] [MainThread] [root/bar_manager.py:119]: Stopping SystemEventListener...
2026-08-18 17:17:05,630 [INFO] [MainThread] [root/bar_manager.py:119]: Stopping KomorebiEventListener...
2026-08-18 17:18:01,825 [INFO] [MainThread] [root/log.py:104]: YASB v2.0.5
2026-08-18 17:18:01,826 [INFO] [CLIPipeServer] [cli_server/cli_server.py:216]: CLI server started v1.1.7
2026-08-18 17:18:01,826 [INFO] [MainThread] [cli_server/cli_server.py:106]: Log pipe server started
2026-08-18 17:18:01,873 [WARNING] [MainThread] [deprecation/deprecation.py:136]: [DEPRECATED] BarAlignment: 'center' - Use 'align' instead.
2026-08-18 17:18:01,873 [WARNING] [MainThread] [deprecation/deprecation.py:136]: [DEPRECATED] BarBlurEffect: 'acrylic' - No longer supported and can be removed from the config.
2026-08-18 17:18:01,895 [WARNING] [MainThread] [deprecation/deprecation.py:136]: [DEPRECATED] GrouperWidgetConfig: 'container_padding' - Use CSS padding instead.
2026-08-18 17:18:01,931 [WARNING] [MainThread] [deprecation/deprecation.py:136]: [DEPRECATED] KomorebiWorkspacesConfig: 'animation' - Use CSS animations instead.
2026-08-18 17:18:01,933 [WARNING] [MainThread] [deprecation/deprecation.py:136]: [DEPRECATED] GrouperWidgetConfig: 'container_padding' - Use CSS padding instead.
2026-08-18 17:18:01,937 [WARNING] [MainThread] [deprecation/deprecation.py:136]: [DEPRECATED] GrouperWidgetConfig: 'container_padding' - Use CSS padding instead.
2026-08-18 17:18:02,193 [WARNING] [MainThread] [deprecation/deprecation.py:136]: [DEPRECATED] GrouperWidgetConfig: 'container_padding' - Use CSS padding instead.
2026-08-18 17:18:02,237 [WARNING] [MainThread] [deprecation/deprecation.py:136]: [DEPRECATED] OpenMeteoWidgetConfig: 'label_shadow' - Use CSS text-shadow instead.
2026-08-18 17:18:02,277 [WARNING] [MainThread] [deprecation/deprecation.py:136]: [DEPRECATED] GrouperWidgetConfig: 'container_padding' - Use CSS padding instead.
2026-08-18 17:18:02,287 [WARNING] [MainThread] [deprecation/deprecation.py:140]: [DEPRECATED] VolumeConfig: 'volume_icons' renamed to 'icons' - Use 'icons' with the dictionary format instead.
2026-08-18 17:18:02,287 [WARNING] [MainThread] [deprecation/deprecation.py:136]: [DEPRECATED] VolumeConfig: 'container_padding' - Use CSS padding instead.
2026-08-18 17:18:02,294 [INFO] [MainThread] [root/service.py:52]: AudioOutputService starting...
2026-08-18 17:18:02,314 [INFO] [MainThread] [root/service.py:41]: AudioInputService starting...
2026-08-18 17:18:02,324 [WARNING] [MainThread] [deprecation/deprecation.py:136]: [DEPRECATED] NotificationsConfig: 'container_padding' - Use CSS padding instead.
2026-08-18 17:18:02,330 [WARNING] [MainThread] [deprecation/deprecation.py:136]: [DEPRECATED] PowerMenuConfig: 'container_padding' - Use CSS padding instead.
2026-08-18 17:18:02,389 [INFO] [MainThread] [root/bar_manager.py:103]: Starting KomorebiEventListener...
2026-08-18 17:18:02,389 [INFO] [MainThread] [root/bar_manager.py:103]: Starting WindowsNotificationEventListener...
2026-08-18 17:18:02,389 [INFO] [MainThread] [root/bar_manager.py:103]: Starting SystemEventListener...
2026-08-18 17:18:02,390 [INFO] [Dummy-5] [root/event_listener.py:54]: Created named pipe yasb-1830217f-9aee-11f1-98cd-84d1c17e6caa
2026-08-18 17:18:02,391 [INFO] [MainThread] [root/watcher.py:65]: Watching directory: c:\users\raven\.config\yasb
2026-08-18 17:18:02,391 [INFO] [MainThread] [root/watcher.py:104]: Created file watcher
2026-08-18 17:18:02,408 [INFO] [MainThread] [root/update_service.py:434]: Background update checker started
2026-08-18 17:18:02,446 [WARNING] [Dummy-5] [root/event_listener.py:134]: Komorebi failed to subscribe named pipe. Komorebi is not running, please start Komorebi.
2026-08-18 17:18:12,510 [INFO] [Dummy-5] [root/event_listener.py:147]: Komorebi connected to named pipe: yasb-1830217f-9aee-11f1-98cd-84d1c17e6caa
2026-08-18 17:19:05,010 [INFO] [MainThread] [root/controller.py:43]: Exiting Application...
2026-08-18 17:19:05,115 [INFO] [MainThread] [cli_server/cli_server.py:114]: Log pipe server stopped
2026-08-18 17:19:05,156 [INFO] [MainThread] [root/bar_manager.py:119]: Stopping KomorebiEventListener...
2026-08-18 17:19:05,163 [INFO] [MainThread] [root/bar_manager.py:119]: Stopping WindowsNotificationEventListener...
2026-08-18 17:19:05,164 [INFO] [MainThread] [root/bar_manager.py:119]: Stopping SystemEventListener...
2026-08-18 18:41:39,435 [INFO] [MainThread] [root/log.py:104]: YASB v2.0.5
2026-08-18 18:41:39,436 [INFO] [CLIPipeServer] [cli_server/cli_server.py:216]: CLI server started v1.1.7
2026-08-18 18:41:39,436 [INFO] [MainThread] [cli_server/cli_server.py:106]: Log pipe server started
2026-08-18 18:41:39,483 [WARNING] [MainThread] [deprecation/deprecation.py:136]: [DEPRECATED] BarAlignment: 'center' - Use 'align' instead.
2026-08-18 18:41:39,483 [WARNING] [MainThread] [deprecation/deprecation.py:136]: [DEPRECATED] BarBlurEffect: 'acrylic' - No longer supported and can be removed from the config.
2026-08-18 18:41:39,508 [WARNING] [MainThread] [deprecation/deprecation.py:136]: [DEPRECATED] GrouperWidgetConfig: 'container_padding' - Use CSS padding instead.
2026-08-18 18:41:39,544 [WARNING] [MainThread] [deprecation/deprecation.py:136]: [DEPRECATED] KomorebiWorkspacesConfig: 'animation' - Use CSS animations instead.
2026-08-18 18:41:39,547 [WARNING] [MainThread] [deprecation/deprecation.py:136]: [DEPRECATED] GrouperWidgetConfig: 'container_padding' - Use CSS padding instead.
2026-08-18 18:41:39,551 [WARNING] [MainThread] [deprecation/deprecation.py:136]: [DEPRECATED] GrouperWidgetConfig: 'container_padding' - Use CSS padding instead.
2026-08-18 18:41:39,812 [WARNING] [MainThread] [deprecation/deprecation.py:136]: [DEPRECATED] GrouperWidgetConfig: 'container_padding' - Use CSS padding instead.
2026-08-18 18:41:39,856 [WARNING] [MainThread] [deprecation/deprecation.py:136]: [DEPRECATED] OpenMeteoWidgetConfig: 'label_shadow' - Use CSS text-shadow instead.
2026-08-18 18:41:39,901 [WARNING] [MainThread] [deprecation/deprecation.py:136]: [DEPRECATED] GrouperWidgetConfig: 'container_padding' - Use CSS padding instead.
2026-08-18 18:41:39,911 [WARNING] [MainThread] [deprecation/deprecation.py:140]: [DEPRECATED] VolumeConfig: 'volume_icons' renamed to 'icons' - Use 'icons' with the dictionary format instead.
2026-08-18 18:41:39,911 [WARNING] [MainThread] [deprecation/deprecation.py:136]: [DEPRECATED] VolumeConfig: 'container_padding' - Use CSS padding instead.
2026-08-18 18:41:39,919 [INFO] [MainThread] [root/service.py:52]: AudioOutputService starting...
2026-08-18 18:41:39,938 [INFO] [MainThread] [root/service.py:41]: AudioInputService starting...
2026-08-18 18:41:39,949 [WARNING] [MainThread] [deprecation/deprecation.py:136]: [DEPRECATED] NotificationsConfig: 'container_padding' - Use CSS padding instead.
2026-08-18 18:41:39,957 [WARNING] [MainThread] [deprecation/deprecation.py:136]: [DEPRECATED] PowerMenuConfig: 'container_padding' - Use CSS padding instead.
2026-08-18 18:41:40,018 [INFO] [MainThread] [root/bar_manager.py:103]: Starting KomorebiEventListener...
2026-08-18 18:41:40,019 [INFO] [MainThread] [root/bar_manager.py:103]: Starting WindowsNotificationEventListener...
2026-08-18 18:41:40,019 [INFO] [MainThread] [root/bar_manager.py:103]: Starting SystemEventListener...
2026-08-18 18:41:40,019 [INFO] [Dummy-5] [root/event_listener.py:54]: Created named pipe yasb-c6ed9682-9af9-11f1-b08e-84d1c17e6ca7
2026-08-18 18:41:40,020 [INFO] [MainThread] [root/watcher.py:65]: Watching directory: c:\users\raven\.config\yasb
2026-08-18 18:41:40,020 [INFO] [MainThread] [root/watcher.py:104]: Created file watcher
2026-08-18 18:41:40,039 [INFO] [MainThread] [root/update_service.py:434]: Background update checker started
2026-08-18 18:41:40,064 [WARNING] [Dummy-5] [root/event_listener.py:134]: Komorebi failed to subscribe named pipe. Komorebi is not running, please start Komorebi.
2026-08-18 18:44:28,623 [INFO] [Dummy-5] [root/event_listener.py:147]: Komorebi connected to named pipe: yasb-c6ed9682-9af9-11f1-b08e-84d1c17e6ca7
